term,estimate,cluster_se,ci95_low,ci95_high,p_value
Intercept,0.17129194353011026,0.023013133956981496,0.1261870298030308,0.21639685725718974,9.825621463543058e-14
reactivity_mean_flank10,0.11615166494058195,0.03459607720069025,0.04834459962086177,0.18395873026030213,0.0007868910851232535
z_gc_fraction_21,-0.00979650436093064,0.0050003987401944444,-0.01959710580005121,4.097078189930006e-06,0.0500958509025588
z_transcript_position_fraction,-0.005049668103738077,0.006069576525248295,-0.0169458194946345,0.006846483287158346,0.40542936364129967
z_log1p_icshape_abundance_rpkm,-0.022409305203080696,0.00472164767408824,-0.03166356459198096,-0.01315504581418043,2.0739940064274954e-06
z_log1p_combined_agcov,-0.01513002416250267,0.004835216539771718,-0.02460687443790762,-0.005653173887097721,0.0017532434802318224
z_coverage_flank10,0.0010621717448860003,0.0039043390442312954,-0.0065901921652408765,0.008714535655012876,0.7855843012837616
z_distance_to_stop_codon_tx,-0.04100380197373796,0.00937480791757382,-0.05937808785416358,-0.02262951609331233,1.2208630826339098e-05
missing_distance_to_stop_codon_tx,0.024308791378698846,0.025286143944158377,-0.025251140059747164,0.07386872281714485,0.33637707228560176
z_distance_to_nearest_splice_edge_tx,0.010177417543168733,0.00771006705822739,-0.004934036209345636,0.0252888712956831,0.1868294307379098
missing_distance_to_nearest_splice_edge_tx,0.13081823254954206,0.015444473383458631,0.10054762095777567,0.16108884414130845,2.4491022576782262e-17
drach_AAACC,-0.1368868232844498,0.031005927422400277,-0.19765732433961716,-0.07611632222928241,1.0107546372241775e-05
drach_AAACT,0.1269156875547167,0.024133438677530438,0.07961501692365108,0.1742163581857823,1.4490834028835983e-07
drach_AGACA,0.13038709128698892,0.026014673659970487,0.07939926784388397,0.18137491473009387,5.385055652870685e-07
drach_AGACC,0.05401044992083599,0.030080318320507286,-0.0049458906308586514,0.11296679047253064,0.07256751959987558
drach_AGACT,0.22807675835841495,0.0239100250225901,0.18121397044468687,0.27493954627214306,1.4427262548049351e-21
drach_GAACA,0.12162237307176073,0.025487737928082104,0.07166732468532427,0.17157742145819718,1.8258729071584308e-06
drach_GAACC,0.05867381904904293,0.029638165199982712,0.0005840826892284448,0.11676355540885741,0.04774049819573727
drach_GAACT,0.26461367649960726,0.022338173623888517,0.2208316607163832,0.30839569228283137,2.2623210324403378e-32
drach_GGACA,0.2410820204898938,0.02398167464597748,0.19407880189482057,0.288085239084967,8.93297767886885e-24
drach_GGACC,0.1733542312293653,0.02546471815191389,0.12344430077515071,0.22326416168357988,9.92236492221412e-12
drach_GGACT,0.3259745452498986,0.022872659037092898,0.28114495730653194,0.3708041331932653,4.3742571271520596e-46
drach_TAACA,0.026439690436444997,0.055847190353673415,-0.08301879129450762,0.1358981721673976,0.6359070042327493
drach_TAACT,0.022182058631094126,0.02559765118919313,-0.02798841578854329,0.07235253305073154,0.3861797544921458
drach_TGACA,0.055816193866463214,0.028760211037797107,-0.0005527839553904484,0.11218517168831688,0.052289392000929226
drach_TGACC,0.05278203230982652,0.06773449819943933,-0.07997514467196772,0.18553920929162077,0.43583311753783127
drach_TGACT,0.16438726962267214,0.02370322753529569,0.11792979733613447,0.21084474190920982,4.055686585420583e-12
drach_non_DRACH,0.07579340115841315,0.022212225210842512,0.03225823972866922,0.11932856258815708,0.0006443180769827497
region_5UTR,-0.08737243003215202,0.02054634547552736,-0.12764252717810315,-0.0471023328862009,2.1143877188875665e-05
region_CDS,-0.04265030175087255,0.01356861488779248,-0.0692442982510398,-0.016056305250705307,0.0016705139470743334
region_noncoding_or_CDS_unavailable,-0.08286158835952676,0.03277353585717878,-0.1470965382856292,-0.018626638433424297,0.011461380118968273
