model,feature_index,feature_name
M0,0,C:z_gc_fraction_21
M0,1,C:z_transcript_position_fraction
M0,2,C:z_log1p_icshape_abundance_rpkm
M0,3,C:z_log1p_combined_agcov
M0,4,C:z_coverage_flank10
M0,5,C:z_distance_to_stop_codon_tx
M0,6,C:z_distance_to_nearest_splice_edge_tx
M0,7,C:missing_distance_to_stop_codon_tx
M0,8,C:missing_distance_to_nearest_splice_edge_tx
M0,9,C:drach_subtype=AAACA
M0,10,C:drach_subtype=AAACC
M0,11,C:drach_subtype=AAACT
M0,12,C:drach_subtype=AGACA
M0,13,C:drach_subtype=AGACC
M0,14,C:drach_subtype=AGACT
M0,15,C:drach_subtype=GAACA
M0,16,C:drach_subtype=GAACC
M0,17,C:drach_subtype=GAACT
M0,18,C:drach_subtype=GGACA
M0,19,C:drach_subtype=GGACC
M0,20,C:drach_subtype=GGACT
M0,21,C:drach_subtype=TAACA
M0,22,C:drach_subtype=TAACT
M0,23,C:drach_subtype=TGACA
M0,24,C:drach_subtype=TGACC
M0,25,C:drach_subtype=TGACT
M0,26,C:drach_subtype=non_DRACH
M0,27,C:transcript_region=3UTR
M0,28,C:transcript_region=5UTR
M0,29,C:transcript_region=CDS
M0,30,C:transcript_region=noncoding_or_CDS_unavailable
M1,0,C:z_gc_fraction_21
M1,1,C:z_transcript_position_fraction
M1,2,C:z_log1p_icshape_abundance_rpkm
M1,3,C:z_log1p_combined_agcov
M1,4,C:z_coverage_flank10
M1,5,C:z_distance_to_stop_codon_tx
M1,6,C:z_distance_to_nearest_splice_edge_tx
M1,7,C:missing_distance_to_stop_codon_tx
M1,8,C:missing_distance_to_nearest_splice_edge_tx
M1,9,C:drach_subtype=AAACA
M1,10,C:drach_subtype=AAACC
M1,11,C:drach_subtype=AAACT
M1,12,C:drach_subtype=AGACA
M1,13,C:drach_subtype=AGACC
M1,14,C:drach_subtype=AGACT
M1,15,C:drach_subtype=GAACA
M1,16,C:drach_subtype=GAACC
M1,17,C:drach_subtype=GAACT
M1,18,C:drach_subtype=GGACA
M1,19,C:drach_subtype=GGACC
M1,20,C:drach_subtype=GGACT
M1,21,C:drach_subtype=TAACA
M1,22,C:drach_subtype=TAACT
M1,23,C:drach_subtype=TGACA
M1,24,C:drach_subtype=TGACC
M1,25,C:drach_subtype=TGACT
M1,26,C:drach_subtype=non_DRACH
M1,27,C:transcript_region=3UTR
M1,28,C:transcript_region=5UTR
M1,29,C:transcript_region=CDS
M1,30,C:transcript_region=noncoding_or_CDS_unavailable
M1,31,X:pos-100_A
M1,32,X:pos-100_C
M1,33,X:pos-100_G
M1,34,X:pos-100_T
M1,35,X:pos-099_A
M1,36,X:pos-099_C
M1,37,X:pos-099_G
M1,38,X:pos-099_T
M1,39,X:pos-098_A
M1,40,X:pos-098_C
M1,41,X:pos-098_G
M1,42,X:pos-098_T
M1,43,X:pos-097_A
M1,44,X:pos-097_C
M1,45,X:pos-097_G
M1,46,X:pos-097_T
M1,47,X:pos-096_A
M1,48,X:pos-096_C
M1,49,X:pos-096_G
M1,50,X:pos-096_T
M1,51,X:pos-095_A
M1,52,X:pos-095_C
M1,53,X:pos-095_G
M1,54,X:pos-095_T
M1,55,X:pos-094_A
M1,56,X:pos-094_C
M1,57,X:pos-094_G
M1,58,X:pos-094_T
M1,59,X:pos-093_A
M1,60,X:pos-093_C
M1,61,X:pos-093_G
M1,62,X:pos-093_T
M1,63,X:pos-092_A
M1,64,X:pos-092_C
M1,65,X:pos-092_G
M1,66,X:pos-092_T
M1,67,X:pos-091_A
M1,68,X:pos-091_C
M1,69,X:pos-091_G
M1,70,X:pos-091_T
M1,71,X:pos-090_A
M1,72,X:pos-090_C
M1,73,X:pos-090_G
M1,74,X:pos-090_T
M1,75,X:pos-089_A
M1,76,X:pos-089_C
M1,77,X:pos-089_G
M1,78,X:pos-089_T
M1,79,X:pos-088_A
M1,80,X:pos-088_C
M1,81,X:pos-088_G
M1,82,X:pos-088_T
M1,83,X:pos-087_A
M1,84,X:pos-087_C
M1,85,X:pos-087_G
M1,86,X:pos-087_T
M1,87,X:pos-086_A
M1,88,X:pos-086_C
M1,89,X:pos-086_G
M1,90,X:pos-086_T
M1,91,X:pos-085_A
M1,92,X:pos-085_C
M1,93,X:pos-085_G
M1,94,X:pos-085_T
M1,95,X:pos-084_A
M1,96,X:pos-084_C
M1,97,X:pos-084_G
M1,98,X:pos-084_T
M1,99,X:pos-083_A
M1,100,X:pos-083_C
M1,101,X:pos-083_G
M1,102,X:pos-083_T
M1,103,X:pos-082_A
M1,104,X:pos-082_C
M1,105,X:pos-082_G
M1,106,X:pos-082_T
M1,107,X:pos-081_A
M1,108,X:pos-081_C
M1,109,X:pos-081_G
M1,110,X:pos-081_T
M1,111,X:pos-080_A
M1,112,X:pos-080_C
M1,113,X:pos-080_G
M1,114,X:pos-080_T
M1,115,X:pos-079_A
M1,116,X:pos-079_C
M1,117,X:pos-079_G
M1,118,X:pos-079_T
M1,119,X:pos-078_A
M1,120,X:pos-078_C
M1,121,X:pos-078_G
M1,122,X:pos-078_T
M1,123,X:pos-077_A
M1,124,X:pos-077_C
M1,125,X:pos-077_G
M1,126,X:pos-077_T
M1,127,X:pos-076_A
M1,128,X:pos-076_C
M1,129,X:pos-076_G
M1,130,X:pos-076_T
M1,131,X:pos-075_A
M1,132,X:pos-075_C
M1,133,X:pos-075_G
M1,134,X:pos-075_T
M1,135,X:pos-074_A
M1,136,X:pos-074_C
M1,137,X:pos-074_G
M1,138,X:pos-074_T
M1,139,X:pos-073_A
M1,140,X:pos-073_C
M1,141,X:pos-073_G
M1,142,X:pos-073_T
M1,143,X:pos-072_A
M1,144,X:pos-072_C
M1,145,X:pos-072_G
M1,146,X:pos-072_T
M1,147,X:pos-071_A
M1,148,X:pos-071_C
M1,149,X:pos-071_G
M1,150,X:pos-071_T
M1,151,X:pos-070_A
M1,152,X:pos-070_C
M1,153,X:pos-070_G
M1,154,X:pos-070_T
M1,155,X:pos-069_A
M1,156,X:pos-069_C
M1,157,X:pos-069_G
M1,158,X:pos-069_T
M1,159,X:pos-068_A
M1,160,X:pos-068_C
M1,161,X:pos-068_G
M1,162,X:pos-068_T
M1,163,X:pos-067_A
M1,164,X:pos-067_C
M1,165,X:pos-067_G
M1,166,X:pos-067_T
M1,167,X:pos-066_A
M1,168,X:pos-066_C
M1,169,X:pos-066_G
M1,170,X:pos-066_T
M1,171,X:pos-065_A
M1,172,X:pos-065_C
M1,173,X:pos-065_G
M1,174,X:pos-065_T
M1,175,X:pos-064_A
M1,176,X:pos-064_C
M1,177,X:pos-064_G
M1,178,X:pos-064_T
M1,179,X:pos-063_A
M1,180,X:pos-063_C
M1,181,X:pos-063_G
M1,182,X:pos-063_T
M1,183,X:pos-062_A
M1,184,X:pos-062_C
M1,185,X:pos-062_G
M1,186,X:pos-062_T
M1,187,X:pos-061_A
M1,188,X:pos-061_C
M1,189,X:pos-061_G
M1,190,X:pos-061_T
M1,191,X:pos-060_A
M1,192,X:pos-060_C
M1,193,X:pos-060_G
M1,194,X:pos-060_T
M1,195,X:pos-059_A
M1,196,X:pos-059_C
M1,197,X:pos-059_G
M1,198,X:pos-059_T
M1,199,X:pos-058_A
M1,200,X:pos-058_C
M1,201,X:pos-058_G
M1,202,X:pos-058_T
M1,203,X:pos-057_A
M1,204,X:pos-057_C
M1,205,X:pos-057_G
M1,206,X:pos-057_T
M1,207,X:pos-056_A
M1,208,X:pos-056_C
M1,209,X:pos-056_G
M1,210,X:pos-056_T
M1,211,X:pos-055_A
M1,212,X:pos-055_C
M1,213,X:pos-055_G
M1,214,X:pos-055_T
M1,215,X:pos-054_A
M1,216,X:pos-054_C
M1,217,X:pos-054_G
M1,218,X:pos-054_T
M1,219,X:pos-053_A
M1,220,X:pos-053_C
M1,221,X:pos-053_G
M1,222,X:pos-053_T
M1,223,X:pos-052_A
M1,224,X:pos-052_C
M1,225,X:pos-052_G
M1,226,X:pos-052_T
M1,227,X:pos-051_A
M1,228,X:pos-051_C
M1,229,X:pos-051_G
M1,230,X:pos-051_T
M1,231,X:pos-050_A
M1,232,X:pos-050_C
M1,233,X:pos-050_G
M1,234,X:pos-050_T
M1,235,X:pos-049_A
M1,236,X:pos-049_C
M1,237,X:pos-049_G
M1,238,X:pos-049_T
M1,239,X:pos-048_A
M1,240,X:pos-048_C
M1,241,X:pos-048_G
M1,242,X:pos-048_T
M1,243,X:pos-047_A
M1,244,X:pos-047_C
M1,245,X:pos-047_G
M1,246,X:pos-047_T
M1,247,X:pos-046_A
M1,248,X:pos-046_C
M1,249,X:pos-046_G
M1,250,X:pos-046_T
M1,251,X:pos-045_A
M1,252,X:pos-045_C
M1,253,X:pos-045_G
M1,254,X:pos-045_T
M1,255,X:pos-044_A
M1,256,X:pos-044_C
M1,257,X:pos-044_G
M1,258,X:pos-044_T
M1,259,X:pos-043_A
M1,260,X:pos-043_C
M1,261,X:pos-043_G
M1,262,X:pos-043_T
M1,263,X:pos-042_A
M1,264,X:pos-042_C
M1,265,X:pos-042_G
M1,266,X:pos-042_T
M1,267,X:pos-041_A
M1,268,X:pos-041_C
M1,269,X:pos-041_G
M1,270,X:pos-041_T
M1,271,X:pos-040_A
M1,272,X:pos-040_C
M1,273,X:pos-040_G
M1,274,X:pos-040_T
M1,275,X:pos-039_A
M1,276,X:pos-039_C
M1,277,X:pos-039_G
M1,278,X:pos-039_T
M1,279,X:pos-038_A
M1,280,X:pos-038_C
M1,281,X:pos-038_G
M1,282,X:pos-038_T
M1,283,X:pos-037_A
M1,284,X:pos-037_C
M1,285,X:pos-037_G
M1,286,X:pos-037_T
M1,287,X:pos-036_A
M1,288,X:pos-036_C
M1,289,X:pos-036_G
M1,290,X:pos-036_T
M1,291,X:pos-035_A
M1,292,X:pos-035_C
M1,293,X:pos-035_G
M1,294,X:pos-035_T
M1,295,X:pos-034_A
M1,296,X:pos-034_C
M1,297,X:pos-034_G
M1,298,X:pos-034_T
M1,299,X:pos-033_A
M1,300,X:pos-033_C
M1,301,X:pos-033_G
M1,302,X:pos-033_T
M1,303,X:pos-032_A
M1,304,X:pos-032_C
M1,305,X:pos-032_G
M1,306,X:pos-032_T
M1,307,X:pos-031_A
M1,308,X:pos-031_C
M1,309,X:pos-031_G
M1,310,X:pos-031_T
M1,311,X:pos-030_A
M1,312,X:pos-030_C
M1,313,X:pos-030_G
M1,314,X:pos-030_T
M1,315,X:pos-029_A
M1,316,X:pos-029_C
M1,317,X:pos-029_G
M1,318,X:pos-029_T
M1,319,X:pos-028_A
M1,320,X:pos-028_C
M1,321,X:pos-028_G
M1,322,X:pos-028_T
M1,323,X:pos-027_A
M1,324,X:pos-027_C
M1,325,X:pos-027_G
M1,326,X:pos-027_T
M1,327,X:pos-026_A
M1,328,X:pos-026_C
M1,329,X:pos-026_G
M1,330,X:pos-026_T
M1,331,X:pos-025_A
M1,332,X:pos-025_C
M1,333,X:pos-025_G
M1,334,X:pos-025_T
M1,335,X:pos-024_A
M1,336,X:pos-024_C
M1,337,X:pos-024_G
M1,338,X:pos-024_T
M1,339,X:pos-023_A
M1,340,X:pos-023_C
M1,341,X:pos-023_G
M1,342,X:pos-023_T
M1,343,X:pos-022_A
M1,344,X:pos-022_C
M1,345,X:pos-022_G
M1,346,X:pos-022_T
M1,347,X:pos-021_A
M1,348,X:pos-021_C
M1,349,X:pos-021_G
M1,350,X:pos-021_T
M1,351,X:pos-020_A
M1,352,X:pos-020_C
M1,353,X:pos-020_G
M1,354,X:pos-020_T
M1,355,X:pos-019_A
M1,356,X:pos-019_C
M1,357,X:pos-019_G
M1,358,X:pos-019_T
M1,359,X:pos-018_A
M1,360,X:pos-018_C
M1,361,X:pos-018_G
M1,362,X:pos-018_T
M1,363,X:pos-017_A
M1,364,X:pos-017_C
M1,365,X:pos-017_G
M1,366,X:pos-017_T
M1,367,X:pos-016_A
M1,368,X:pos-016_C
M1,369,X:pos-016_G
M1,370,X:pos-016_T
M1,371,X:pos-015_A
M1,372,X:pos-015_C
M1,373,X:pos-015_G
M1,374,X:pos-015_T
M1,375,X:pos-014_A
M1,376,X:pos-014_C
M1,377,X:pos-014_G
M1,378,X:pos-014_T
M1,379,X:pos-013_A
M1,380,X:pos-013_C
M1,381,X:pos-013_G
M1,382,X:pos-013_T
M1,383,X:pos-012_A
M1,384,X:pos-012_C
M1,385,X:pos-012_G
M1,386,X:pos-012_T
M1,387,X:pos-011_A
M1,388,X:pos-011_C
M1,389,X:pos-011_G
M1,390,X:pos-011_T
M1,391,X:pos-010_A
M1,392,X:pos-010_C
M1,393,X:pos-010_G
M1,394,X:pos-010_T
M1,395,X:pos-009_A
M1,396,X:pos-009_C
M1,397,X:pos-009_G
M1,398,X:pos-009_T
M1,399,X:pos-008_A
M1,400,X:pos-008_C
M1,401,X:pos-008_G
M1,402,X:pos-008_T
M1,403,X:pos-007_A
M1,404,X:pos-007_C
M1,405,X:pos-007_G
M1,406,X:pos-007_T
M1,407,X:pos-006_A
M1,408,X:pos-006_C
M1,409,X:pos-006_G
M1,410,X:pos-006_T
M1,411,X:pos-005_A
M1,412,X:pos-005_C
M1,413,X:pos-005_G
M1,414,X:pos-005_T
M1,415,X:pos-004_A
M1,416,X:pos-004_C
M1,417,X:pos-004_G
M1,418,X:pos-004_T
M1,419,X:pos-003_A
M1,420,X:pos-003_C
M1,421,X:pos-003_G
M1,422,X:pos-003_T
M1,423,X:pos-002_A
M1,424,X:pos-002_C
M1,425,X:pos-002_G
M1,426,X:pos-002_T
M1,427,X:pos-001_A
M1,428,X:pos-001_C
M1,429,X:pos-001_G
M1,430,X:pos-001_T
M1,431,X:pos+000_A
M1,432,X:pos+000_C
M1,433,X:pos+000_G
M1,434,X:pos+000_T
M1,435,X:pos+001_A
M1,436,X:pos+001_C
M1,437,X:pos+001_G
M1,438,X:pos+001_T
M1,439,X:pos+002_A
M1,440,X:pos+002_C
M1,441,X:pos+002_G
M1,442,X:pos+002_T
M1,443,X:pos+003_A
M1,444,X:pos+003_C
M1,445,X:pos+003_G
M1,446,X:pos+003_T
M1,447,X:pos+004_A
M1,448,X:pos+004_C
M1,449,X:pos+004_G
M1,450,X:pos+004_T
M1,451,X:pos+005_A
M1,452,X:pos+005_C
M1,453,X:pos+005_G
M1,454,X:pos+005_T
M1,455,X:pos+006_A
M1,456,X:pos+006_C
M1,457,X:pos+006_G
M1,458,X:pos+006_T
M1,459,X:pos+007_A
M1,460,X:pos+007_C
M1,461,X:pos+007_G
M1,462,X:pos+007_T
M1,463,X:pos+008_A
M1,464,X:pos+008_C
M1,465,X:pos+008_G
M1,466,X:pos+008_T
M1,467,X:pos+009_A
M1,468,X:pos+009_C
M1,469,X:pos+009_G
M1,470,X:pos+009_T
M1,471,X:pos+010_A
M1,472,X:pos+010_C
M1,473,X:pos+010_G
M1,474,X:pos+010_T
M1,475,X:pos+011_A
M1,476,X:pos+011_C
M1,477,X:pos+011_G
M1,478,X:pos+011_T
M1,479,X:pos+012_A
M1,480,X:pos+012_C
M1,481,X:pos+012_G
M1,482,X:pos+012_T
M1,483,X:pos+013_A
M1,484,X:pos+013_C
M1,485,X:pos+013_G
M1,486,X:pos+013_T
M1,487,X:pos+014_A
M1,488,X:pos+014_C
M1,489,X:pos+014_G
M1,490,X:pos+014_T
M1,491,X:pos+015_A
M1,492,X:pos+015_C
M1,493,X:pos+015_G
M1,494,X:pos+015_T
M1,495,X:pos+016_A
M1,496,X:pos+016_C
M1,497,X:pos+016_G
M1,498,X:pos+016_T
M1,499,X:pos+017_A
M1,500,X:pos+017_C
M1,501,X:pos+017_G
M1,502,X:pos+017_T
M1,503,X:pos+018_A
M1,504,X:pos+018_C
M1,505,X:pos+018_G
M1,506,X:pos+018_T
M1,507,X:pos+019_A
M1,508,X:pos+019_C
M1,509,X:pos+019_G
M1,510,X:pos+019_T
M1,511,X:pos+020_A
M1,512,X:pos+020_C
M1,513,X:pos+020_G
M1,514,X:pos+020_T
M1,515,X:pos+021_A
M1,516,X:pos+021_C
M1,517,X:pos+021_G
M1,518,X:pos+021_T
M1,519,X:pos+022_A
M1,520,X:pos+022_C
M1,521,X:pos+022_G
M1,522,X:pos+022_T
M1,523,X:pos+023_A
M1,524,X:pos+023_C
M1,525,X:pos+023_G
M1,526,X:pos+023_T
M1,527,X:pos+024_A
M1,528,X:pos+024_C
M1,529,X:pos+024_G
M1,530,X:pos+024_T
M1,531,X:pos+025_A
M1,532,X:pos+025_C
M1,533,X:pos+025_G
M1,534,X:pos+025_T
M1,535,X:pos+026_A
M1,536,X:pos+026_C
M1,537,X:pos+026_G
M1,538,X:pos+026_T
M1,539,X:pos+027_A
M1,540,X:pos+027_C
M1,541,X:pos+027_G
M1,542,X:pos+027_T
M1,543,X:pos+028_A
M1,544,X:pos+028_C
M1,545,X:pos+028_G
M1,546,X:pos+028_T
M1,547,X:pos+029_A
M1,548,X:pos+029_C
M1,549,X:pos+029_G
M1,550,X:pos+029_T
M1,551,X:pos+030_A
M1,552,X:pos+030_C
M1,553,X:pos+030_G
M1,554,X:pos+030_T
M1,555,X:pos+031_A
M1,556,X:pos+031_C
M1,557,X:pos+031_G
M1,558,X:pos+031_T
M1,559,X:pos+032_A
M1,560,X:pos+032_C
M1,561,X:pos+032_G
M1,562,X:pos+032_T
M1,563,X:pos+033_A
M1,564,X:pos+033_C
M1,565,X:pos+033_G
M1,566,X:pos+033_T
M1,567,X:pos+034_A
M1,568,X:pos+034_C
M1,569,X:pos+034_G
M1,570,X:pos+034_T
M1,571,X:pos+035_A
M1,572,X:pos+035_C
M1,573,X:pos+035_G
M1,574,X:pos+035_T
M1,575,X:pos+036_A
M1,576,X:pos+036_C
M1,577,X:pos+036_G
M1,578,X:pos+036_T
M1,579,X:pos+037_A
M1,580,X:pos+037_C
M1,581,X:pos+037_G
M1,582,X:pos+037_T
M1,583,X:pos+038_A
M1,584,X:pos+038_C
M1,585,X:pos+038_G
M1,586,X:pos+038_T
M1,587,X:pos+039_A
M1,588,X:pos+039_C
M1,589,X:pos+039_G
M1,590,X:pos+039_T
M1,591,X:pos+040_A
M1,592,X:pos+040_C
M1,593,X:pos+040_G
M1,594,X:pos+040_T
M1,595,X:pos+041_A
M1,596,X:pos+041_C
M1,597,X:pos+041_G
M1,598,X:pos+041_T
M1,599,X:pos+042_A
M1,600,X:pos+042_C
M1,601,X:pos+042_G
M1,602,X:pos+042_T
M1,603,X:pos+043_A
M1,604,X:pos+043_C
M1,605,X:pos+043_G
M1,606,X:pos+043_T
M1,607,X:pos+044_A
M1,608,X:pos+044_C
M1,609,X:pos+044_G
M1,610,X:pos+044_T
M1,611,X:pos+045_A
M1,612,X:pos+045_C
M1,613,X:pos+045_G
M1,614,X:pos+045_T
M1,615,X:pos+046_A
M1,616,X:pos+046_C
M1,617,X:pos+046_G
M1,618,X:pos+046_T
M1,619,X:pos+047_A
M1,620,X:pos+047_C
M1,621,X:pos+047_G
M1,622,X:pos+047_T
M1,623,X:pos+048_A
M1,624,X:pos+048_C
M1,625,X:pos+048_G
M1,626,X:pos+048_T
M1,627,X:pos+049_A
M1,628,X:pos+049_C
M1,629,X:pos+049_G
M1,630,X:pos+049_T
M1,631,X:pos+050_A
M1,632,X:pos+050_C
M1,633,X:pos+050_G
M1,634,X:pos+050_T
M1,635,X:pos+051_A
M1,636,X:pos+051_C
M1,637,X:pos+051_G
M1,638,X:pos+051_T
M1,639,X:pos+052_A
M1,640,X:pos+052_C
M1,641,X:pos+052_G
M1,642,X:pos+052_T
M1,643,X:pos+053_A
M1,644,X:pos+053_C
M1,645,X:pos+053_G
M1,646,X:pos+053_T
M1,647,X:pos+054_A
M1,648,X:pos+054_C
M1,649,X:pos+054_G
M1,650,X:pos+054_T
M1,651,X:pos+055_A
M1,652,X:pos+055_C
M1,653,X:pos+055_G
M1,654,X:pos+055_T
M1,655,X:pos+056_A
M1,656,X:pos+056_C
M1,657,X:pos+056_G
M1,658,X:pos+056_T
M1,659,X:pos+057_A
M1,660,X:pos+057_C
M1,661,X:pos+057_G
M1,662,X:pos+057_T
M1,663,X:pos+058_A
M1,664,X:pos+058_C
M1,665,X:pos+058_G
M1,666,X:pos+058_T
M1,667,X:pos+059_A
M1,668,X:pos+059_C
M1,669,X:pos+059_G
M1,670,X:pos+059_T
M1,671,X:pos+060_A
M1,672,X:pos+060_C
M1,673,X:pos+060_G
M1,674,X:pos+060_T
M1,675,X:pos+061_A
M1,676,X:pos+061_C
M1,677,X:pos+061_G
M1,678,X:pos+061_T
M1,679,X:pos+062_A
M1,680,X:pos+062_C
M1,681,X:pos+062_G
M1,682,X:pos+062_T
M1,683,X:pos+063_A
M1,684,X:pos+063_C
M1,685,X:pos+063_G
M1,686,X:pos+063_T
M1,687,X:pos+064_A
M1,688,X:pos+064_C
M1,689,X:pos+064_G
M1,690,X:pos+064_T
M1,691,X:pos+065_A
M1,692,X:pos+065_C
M1,693,X:pos+065_G
M1,694,X:pos+065_T
M1,695,X:pos+066_A
M1,696,X:pos+066_C
M1,697,X:pos+066_G
M1,698,X:pos+066_T
M1,699,X:pos+067_A
M1,700,X:pos+067_C
M1,701,X:pos+067_G
M1,702,X:pos+067_T
M1,703,X:pos+068_A
M1,704,X:pos+068_C
M1,705,X:pos+068_G
M1,706,X:pos+068_T
M1,707,X:pos+069_A
M1,708,X:pos+069_C
M1,709,X:pos+069_G
M1,710,X:pos+069_T
M1,711,X:pos+070_A
M1,712,X:pos+070_C
M1,713,X:pos+070_G
M1,714,X:pos+070_T
M1,715,X:pos+071_A
M1,716,X:pos+071_C
M1,717,X:pos+071_G
M1,718,X:pos+071_T
M1,719,X:pos+072_A
M1,720,X:pos+072_C
M1,721,X:pos+072_G
M1,722,X:pos+072_T
M1,723,X:pos+073_A
M1,724,X:pos+073_C
M1,725,X:pos+073_G
M1,726,X:pos+073_T
M1,727,X:pos+074_A
M1,728,X:pos+074_C
M1,729,X:pos+074_G
M1,730,X:pos+074_T
M1,731,X:pos+075_A
M1,732,X:pos+075_C
M1,733,X:pos+075_G
M1,734,X:pos+075_T
M1,735,X:pos+076_A
M1,736,X:pos+076_C
M1,737,X:pos+076_G
M1,738,X:pos+076_T
M1,739,X:pos+077_A
M1,740,X:pos+077_C
M1,741,X:pos+077_G
M1,742,X:pos+077_T
M1,743,X:pos+078_A
M1,744,X:pos+078_C
M1,745,X:pos+078_G
M1,746,X:pos+078_T
M1,747,X:pos+079_A
M1,748,X:pos+079_C
M1,749,X:pos+079_G
M1,750,X:pos+079_T
M1,751,X:pos+080_A
M1,752,X:pos+080_C
M1,753,X:pos+080_G
M1,754,X:pos+080_T
M1,755,X:pos+081_A
M1,756,X:pos+081_C
M1,757,X:pos+081_G
M1,758,X:pos+081_T
M1,759,X:pos+082_A
M1,760,X:pos+082_C
M1,761,X:pos+082_G
M1,762,X:pos+082_T
M1,763,X:pos+083_A
M1,764,X:pos+083_C
M1,765,X:pos+083_G
M1,766,X:pos+083_T
M1,767,X:pos+084_A
M1,768,X:pos+084_C
M1,769,X:pos+084_G
M1,770,X:pos+084_T
M1,771,X:pos+085_A
M1,772,X:pos+085_C
M1,773,X:pos+085_G
M1,774,X:pos+085_T
M1,775,X:pos+086_A
M1,776,X:pos+086_C
M1,777,X:pos+086_G
M1,778,X:pos+086_T
M1,779,X:pos+087_A
M1,780,X:pos+087_C
M1,781,X:pos+087_G
M1,782,X:pos+087_T
M1,783,X:pos+088_A
M1,784,X:pos+088_C
M1,785,X:pos+088_G
M1,786,X:pos+088_T
M1,787,X:pos+089_A
M1,788,X:pos+089_C
M1,789,X:pos+089_G
M1,790,X:pos+089_T
M1,791,X:pos+090_A
M1,792,X:pos+090_C
M1,793,X:pos+090_G
M1,794,X:pos+090_T
M1,795,X:pos+091_A
M1,796,X:pos+091_C
M1,797,X:pos+091_G
M1,798,X:pos+091_T
M1,799,X:pos+092_A
M1,800,X:pos+092_C
M1,801,X:pos+092_G
M1,802,X:pos+092_T
M1,803,X:pos+093_A
M1,804,X:pos+093_C
M1,805,X:pos+093_G
M1,806,X:pos+093_T
M1,807,X:pos+094_A
M1,808,X:pos+094_C
M1,809,X:pos+094_G
M1,810,X:pos+094_T
M1,811,X:pos+095_A
M1,812,X:pos+095_C
M1,813,X:pos+095_G
M1,814,X:pos+095_T
M1,815,X:pos+096_A
M1,816,X:pos+096_C
M1,817,X:pos+096_G
M1,818,X:pos+096_T
M1,819,X:pos+097_A
M1,820,X:pos+097_C
M1,821,X:pos+097_G
M1,822,X:pos+097_T
M1,823,X:pos+098_A
M1,824,X:pos+098_C
M1,825,X:pos+098_G
M1,826,X:pos+098_T
M1,827,X:pos+099_A
M1,828,X:pos+099_C
M1,829,X:pos+099_G
M1,830,X:pos+099_T
M1,831,X:pos+100_A
M1,832,X:pos+100_C
M1,833,X:pos+100_G
M1,834,X:pos+100_T
M1,835,X:3mer_AAA
M1,836,X:3mer_AAC
M1,837,X:3mer_AAG
M1,838,X:3mer_AAT
M1,839,X:3mer_ACA
M1,840,X:3mer_ACC
M1,841,X:3mer_ACG
M1,842,X:3mer_ACT
M1,843,X:3mer_AGA
M1,844,X:3mer_AGC
M1,845,X:3mer_AGG
M1,846,X:3mer_AGT
M1,847,X:3mer_ATA
M1,848,X:3mer_ATC
M1,849,X:3mer_ATG
M1,850,X:3mer_ATT
M1,851,X:3mer_CAA
M1,852,X:3mer_CAC
M1,853,X:3mer_CAG
M1,854,X:3mer_CAT
M1,855,X:3mer_CCA
M1,856,X:3mer_CCC
M1,857,X:3mer_CCG
M1,858,X:3mer_CCT
M1,859,X:3mer_CGA
M1,860,X:3mer_CGC
M1,861,X:3mer_CGG
M1,862,X:3mer_CGT
M1,863,X:3mer_CTA
M1,864,X:3mer_CTC
M1,865,X:3mer_CTG
M1,866,X:3mer_CTT
M1,867,X:3mer_GAA
M1,868,X:3mer_GAC
M1,869,X:3mer_GAG
M1,870,X:3mer_GAT
M1,871,X:3mer_GCA
M1,872,X:3mer_GCC
M1,873,X:3mer_GCG
M1,874,X:3mer_GCT
M1,875,X:3mer_GGA
M1,876,X:3mer_GGC
M1,877,X:3mer_GGG
M1,878,X:3mer_GGT
M1,879,X:3mer_GTA
M1,880,X:3mer_GTC
M1,881,X:3mer_GTG
M1,882,X:3mer_GTT
M1,883,X:3mer_TAA
M1,884,X:3mer_TAC
M1,885,X:3mer_TAG
M1,886,X:3mer_TAT
M1,887,X:3mer_TCA
M1,888,X:3mer_TCC
M1,889,X:3mer_TCG
M1,890,X:3mer_TCT
M1,891,X:3mer_TGA
M1,892,X:3mer_TGC
M1,893,X:3mer_TGG
M1,894,X:3mer_TGT
M1,895,X:3mer_TTA
M1,896,X:3mer_TTC
M1,897,X:3mer_TTG
M1,898,X:3mer_TTT
M2,0,C:z_gc_fraction_21
M2,1,C:z_transcript_position_fraction
M2,2,C:z_log1p_icshape_abundance_rpkm
M2,3,C:z_log1p_combined_agcov
M2,4,C:z_coverage_flank10
M2,5,C:z_distance_to_stop_codon_tx
M2,6,C:z_distance_to_nearest_splice_edge_tx
M2,7,C:missing_distance_to_stop_codon_tx
M2,8,C:missing_distance_to_nearest_splice_edge_tx
M2,9,C:drach_subtype=AAACA
M2,10,C:drach_subtype=AAACC
M2,11,C:drach_subtype=AAACT
M2,12,C:drach_subtype=AGACA
M2,13,C:drach_subtype=AGACC
M2,14,C:drach_subtype=AGACT
M2,15,C:drach_subtype=GAACA
M2,16,C:drach_subtype=GAACC
M2,17,C:drach_subtype=GAACT
M2,18,C:drach_subtype=GGACA
M2,19,C:drach_subtype=GGACC
M2,20,C:drach_subtype=GGACT
M2,21,C:drach_subtype=TAACA
M2,22,C:drach_subtype=TAACT
M2,23,C:drach_subtype=TGACA
M2,24,C:drach_subtype=TGACC
M2,25,C:drach_subtype=TGACT
M2,26,C:drach_subtype=non_DRACH
M2,27,C:transcript_region=3UTR
M2,28,C:transcript_region=5UTR
M2,29,C:transcript_region=CDS
M2,30,C:transcript_region=noncoding_or_CDS_unavailable
M2,31,X:pos-100_A
M2,32,X:pos-100_C
M2,33,X:pos-100_G
M2,34,X:pos-100_T
M2,35,X:pos-099_A
M2,36,X:pos-099_C
M2,37,X:pos-099_G
M2,38,X:pos-099_T
M2,39,X:pos-098_A
M2,40,X:pos-098_C
M2,41,X:pos-098_G
M2,42,X:pos-098_T
M2,43,X:pos-097_A
M2,44,X:pos-097_C
M2,45,X:pos-097_G
M2,46,X:pos-097_T
M2,47,X:pos-096_A
M2,48,X:pos-096_C
M2,49,X:pos-096_G
M2,50,X:pos-096_T
M2,51,X:pos-095_A
M2,52,X:pos-095_C
M2,53,X:pos-095_G
M2,54,X:pos-095_T
M2,55,X:pos-094_A
M2,56,X:pos-094_C
M2,57,X:pos-094_G
M2,58,X:pos-094_T
M2,59,X:pos-093_A
M2,60,X:pos-093_C
M2,61,X:pos-093_G
M2,62,X:pos-093_T
M2,63,X:pos-092_A
M2,64,X:pos-092_C
M2,65,X:pos-092_G
M2,66,X:pos-092_T
M2,67,X:pos-091_A
M2,68,X:pos-091_C
M2,69,X:pos-091_G
M2,70,X:pos-091_T
M2,71,X:pos-090_A
M2,72,X:pos-090_C
M2,73,X:pos-090_G
M2,74,X:pos-090_T
M2,75,X:pos-089_A
M2,76,X:pos-089_C
M2,77,X:pos-089_G
M2,78,X:pos-089_T
M2,79,X:pos-088_A
M2,80,X:pos-088_C
M2,81,X:pos-088_G
M2,82,X:pos-088_T
M2,83,X:pos-087_A
M2,84,X:pos-087_C
M2,85,X:pos-087_G
M2,86,X:pos-087_T
M2,87,X:pos-086_A
M2,88,X:pos-086_C
M2,89,X:pos-086_G
M2,90,X:pos-086_T
M2,91,X:pos-085_A
M2,92,X:pos-085_C
M2,93,X:pos-085_G
M2,94,X:pos-085_T
M2,95,X:pos-084_A
M2,96,X:pos-084_C
M2,97,X:pos-084_G
M2,98,X:pos-084_T
M2,99,X:pos-083_A
M2,100,X:pos-083_C
M2,101,X:pos-083_G
M2,102,X:pos-083_T
M2,103,X:pos-082_A
M2,104,X:pos-082_C
M2,105,X:pos-082_G
M2,106,X:pos-082_T
M2,107,X:pos-081_A
M2,108,X:pos-081_C
M2,109,X:pos-081_G
M2,110,X:pos-081_T
M2,111,X:pos-080_A
M2,112,X:pos-080_C
M2,113,X:pos-080_G
M2,114,X:pos-080_T
M2,115,X:pos-079_A
M2,116,X:pos-079_C
M2,117,X:pos-079_G
M2,118,X:pos-079_T
M2,119,X:pos-078_A
M2,120,X:pos-078_C
M2,121,X:pos-078_G
M2,122,X:pos-078_T
M2,123,X:pos-077_A
M2,124,X:pos-077_C
M2,125,X:pos-077_G
M2,126,X:pos-077_T
M2,127,X:pos-076_A
M2,128,X:pos-076_C
M2,129,X:pos-076_G
M2,130,X:pos-076_T
M2,131,X:pos-075_A
M2,132,X:pos-075_C
M2,133,X:pos-075_G
M2,134,X:pos-075_T
M2,135,X:pos-074_A
M2,136,X:pos-074_C
M2,137,X:pos-074_G
M2,138,X:pos-074_T
M2,139,X:pos-073_A
M2,140,X:pos-073_C
M2,141,X:pos-073_G
M2,142,X:pos-073_T
M2,143,X:pos-072_A
M2,144,X:pos-072_C
M2,145,X:pos-072_G
M2,146,X:pos-072_T
M2,147,X:pos-071_A
M2,148,X:pos-071_C
M2,149,X:pos-071_G
M2,150,X:pos-071_T
M2,151,X:pos-070_A
M2,152,X:pos-070_C
M2,153,X:pos-070_G
M2,154,X:pos-070_T
M2,155,X:pos-069_A
M2,156,X:pos-069_C
M2,157,X:pos-069_G
M2,158,X:pos-069_T
M2,159,X:pos-068_A
M2,160,X:pos-068_C
M2,161,X:pos-068_G
M2,162,X:pos-068_T
M2,163,X:pos-067_A
M2,164,X:pos-067_C
M2,165,X:pos-067_G
M2,166,X:pos-067_T
M2,167,X:pos-066_A
M2,168,X:pos-066_C
M2,169,X:pos-066_G
M2,170,X:pos-066_T
M2,171,X:pos-065_A
M2,172,X:pos-065_C
M2,173,X:pos-065_G
M2,174,X:pos-065_T
M2,175,X:pos-064_A
M2,176,X:pos-064_C
M2,177,X:pos-064_G
M2,178,X:pos-064_T
M2,179,X:pos-063_A
M2,180,X:pos-063_C
M2,181,X:pos-063_G
M2,182,X:pos-063_T
M2,183,X:pos-062_A
M2,184,X:pos-062_C
M2,185,X:pos-062_G
M2,186,X:pos-062_T
M2,187,X:pos-061_A
M2,188,X:pos-061_C
M2,189,X:pos-061_G
M2,190,X:pos-061_T
M2,191,X:pos-060_A
M2,192,X:pos-060_C
M2,193,X:pos-060_G
M2,194,X:pos-060_T
M2,195,X:pos-059_A
M2,196,X:pos-059_C
M2,197,X:pos-059_G
M2,198,X:pos-059_T
M2,199,X:pos-058_A
M2,200,X:pos-058_C
M2,201,X:pos-058_G
M2,202,X:pos-058_T
M2,203,X:pos-057_A
M2,204,X:pos-057_C
M2,205,X:pos-057_G
M2,206,X:pos-057_T
M2,207,X:pos-056_A
M2,208,X:pos-056_C
M2,209,X:pos-056_G
M2,210,X:pos-056_T
M2,211,X:pos-055_A
M2,212,X:pos-055_C
M2,213,X:pos-055_G
M2,214,X:pos-055_T
M2,215,X:pos-054_A
M2,216,X:pos-054_C
M2,217,X:pos-054_G
M2,218,X:pos-054_T
M2,219,X:pos-053_A
M2,220,X:pos-053_C
M2,221,X:pos-053_G
M2,222,X:pos-053_T
M2,223,X:pos-052_A
M2,224,X:pos-052_C
M2,225,X:pos-052_G
M2,226,X:pos-052_T
M2,227,X:pos-051_A
M2,228,X:pos-051_C
M2,229,X:pos-051_G
M2,230,X:pos-051_T
M2,231,X:pos-050_A
M2,232,X:pos-050_C
M2,233,X:pos-050_G
M2,234,X:pos-050_T
M2,235,X:pos-049_A
M2,236,X:pos-049_C
M2,237,X:pos-049_G
M2,238,X:pos-049_T
M2,239,X:pos-048_A
M2,240,X:pos-048_C
M2,241,X:pos-048_G
M2,242,X:pos-048_T
M2,243,X:pos-047_A
M2,244,X:pos-047_C
M2,245,X:pos-047_G
M2,246,X:pos-047_T
M2,247,X:pos-046_A
M2,248,X:pos-046_C
M2,249,X:pos-046_G
M2,250,X:pos-046_T
M2,251,X:pos-045_A
M2,252,X:pos-045_C
M2,253,X:pos-045_G
M2,254,X:pos-045_T
M2,255,X:pos-044_A
M2,256,X:pos-044_C
M2,257,X:pos-044_G
M2,258,X:pos-044_T
M2,259,X:pos-043_A
M2,260,X:pos-043_C
M2,261,X:pos-043_G
M2,262,X:pos-043_T
M2,263,X:pos-042_A
M2,264,X:pos-042_C
M2,265,X:pos-042_G
M2,266,X:pos-042_T
M2,267,X:pos-041_A
M2,268,X:pos-041_C
M2,269,X:pos-041_G
M2,270,X:pos-041_T
M2,271,X:pos-040_A
M2,272,X:pos-040_C
M2,273,X:pos-040_G
M2,274,X:pos-040_T
M2,275,X:pos-039_A
M2,276,X:pos-039_C
M2,277,X:pos-039_G
M2,278,X:pos-039_T
M2,279,X:pos-038_A
M2,280,X:pos-038_C
M2,281,X:pos-038_G
M2,282,X:pos-038_T
M2,283,X:pos-037_A
M2,284,X:pos-037_C
M2,285,X:pos-037_G
M2,286,X:pos-037_T
M2,287,X:pos-036_A
M2,288,X:pos-036_C
M2,289,X:pos-036_G
M2,290,X:pos-036_T
M2,291,X:pos-035_A
M2,292,X:pos-035_C
M2,293,X:pos-035_G
M2,294,X:pos-035_T
M2,295,X:pos-034_A
M2,296,X:pos-034_C
M2,297,X:pos-034_G
M2,298,X:pos-034_T
M2,299,X:pos-033_A
M2,300,X:pos-033_C
M2,301,X:pos-033_G
M2,302,X:pos-033_T
M2,303,X:pos-032_A
M2,304,X:pos-032_C
M2,305,X:pos-032_G
M2,306,X:pos-032_T
M2,307,X:pos-031_A
M2,308,X:pos-031_C
M2,309,X:pos-031_G
M2,310,X:pos-031_T
M2,311,X:pos-030_A
M2,312,X:pos-030_C
M2,313,X:pos-030_G
M2,314,X:pos-030_T
M2,315,X:pos-029_A
M2,316,X:pos-029_C
M2,317,X:pos-029_G
M2,318,X:pos-029_T
M2,319,X:pos-028_A
M2,320,X:pos-028_C
M2,321,X:pos-028_G
M2,322,X:pos-028_T
M2,323,X:pos-027_A
M2,324,X:pos-027_C
M2,325,X:pos-027_G
M2,326,X:pos-027_T
M2,327,X:pos-026_A
M2,328,X:pos-026_C
M2,329,X:pos-026_G
M2,330,X:pos-026_T
M2,331,X:pos-025_A
M2,332,X:pos-025_C
M2,333,X:pos-025_G
M2,334,X:pos-025_T
M2,335,X:pos-024_A
M2,336,X:pos-024_C
M2,337,X:pos-024_G
M2,338,X:pos-024_T
M2,339,X:pos-023_A
M2,340,X:pos-023_C
M2,341,X:pos-023_G
M2,342,X:pos-023_T
M2,343,X:pos-022_A
M2,344,X:pos-022_C
M2,345,X:pos-022_G
M2,346,X:pos-022_T
M2,347,X:pos-021_A
M2,348,X:pos-021_C
M2,349,X:pos-021_G
M2,350,X:pos-021_T
M2,351,X:pos-020_A
M2,352,X:pos-020_C
M2,353,X:pos-020_G
M2,354,X:pos-020_T
M2,355,X:pos-019_A
M2,356,X:pos-019_C
M2,357,X:pos-019_G
M2,358,X:pos-019_T
M2,359,X:pos-018_A
M2,360,X:pos-018_C
M2,361,X:pos-018_G
M2,362,X:pos-018_T
M2,363,X:pos-017_A
M2,364,X:pos-017_C
M2,365,X:pos-017_G
M2,366,X:pos-017_T
M2,367,X:pos-016_A
M2,368,X:pos-016_C
M2,369,X:pos-016_G
M2,370,X:pos-016_T
M2,371,X:pos-015_A
M2,372,X:pos-015_C
M2,373,X:pos-015_G
M2,374,X:pos-015_T
M2,375,X:pos-014_A
M2,376,X:pos-014_C
M2,377,X:pos-014_G
M2,378,X:pos-014_T
M2,379,X:pos-013_A
M2,380,X:pos-013_C
M2,381,X:pos-013_G
M2,382,X:pos-013_T
M2,383,X:pos-012_A
M2,384,X:pos-012_C
M2,385,X:pos-012_G
M2,386,X:pos-012_T
M2,387,X:pos-011_A
M2,388,X:pos-011_C
M2,389,X:pos-011_G
M2,390,X:pos-011_T
M2,391,X:pos-010_A
M2,392,X:pos-010_C
M2,393,X:pos-010_G
M2,394,X:pos-010_T
M2,395,X:pos-009_A
M2,396,X:pos-009_C
M2,397,X:pos-009_G
M2,398,X:pos-009_T
M2,399,X:pos-008_A
M2,400,X:pos-008_C
M2,401,X:pos-008_G
M2,402,X:pos-008_T
M2,403,X:pos-007_A
M2,404,X:pos-007_C
M2,405,X:pos-007_G
M2,406,X:pos-007_T
M2,407,X:pos-006_A
M2,408,X:pos-006_C
M2,409,X:pos-006_G
M2,410,X:pos-006_T
M2,411,X:pos-005_A
M2,412,X:pos-005_C
M2,413,X:pos-005_G
M2,414,X:pos-005_T
M2,415,X:pos-004_A
M2,416,X:pos-004_C
M2,417,X:pos-004_G
M2,418,X:pos-004_T
M2,419,X:pos-003_A
M2,420,X:pos-003_C
M2,421,X:pos-003_G
M2,422,X:pos-003_T
M2,423,X:pos-002_A
M2,424,X:pos-002_C
M2,425,X:pos-002_G
M2,426,X:pos-002_T
M2,427,X:pos-001_A
M2,428,X:pos-001_C
M2,429,X:pos-001_G
M2,430,X:pos-001_T
M2,431,X:pos+000_A
M2,432,X:pos+000_C
M2,433,X:pos+000_G
M2,434,X:pos+000_T
M2,435,X:pos+001_A
M2,436,X:pos+001_C
M2,437,X:pos+001_G
M2,438,X:pos+001_T
M2,439,X:pos+002_A
M2,440,X:pos+002_C
M2,441,X:pos+002_G
M2,442,X:pos+002_T
M2,443,X:pos+003_A
M2,444,X:pos+003_C
M2,445,X:pos+003_G
M2,446,X:pos+003_T
M2,447,X:pos+004_A
M2,448,X:pos+004_C
M2,449,X:pos+004_G
M2,450,X:pos+004_T
M2,451,X:pos+005_A
M2,452,X:pos+005_C
M2,453,X:pos+005_G
M2,454,X:pos+005_T
M2,455,X:pos+006_A
M2,456,X:pos+006_C
M2,457,X:pos+006_G
M2,458,X:pos+006_T
M2,459,X:pos+007_A
M2,460,X:pos+007_C
M2,461,X:pos+007_G
M2,462,X:pos+007_T
M2,463,X:pos+008_A
M2,464,X:pos+008_C
M2,465,X:pos+008_G
M2,466,X:pos+008_T
M2,467,X:pos+009_A
M2,468,X:pos+009_C
M2,469,X:pos+009_G
M2,470,X:pos+009_T
M2,471,X:pos+010_A
M2,472,X:pos+010_C
M2,473,X:pos+010_G
M2,474,X:pos+010_T
M2,475,X:pos+011_A
M2,476,X:pos+011_C
M2,477,X:pos+011_G
M2,478,X:pos+011_T
M2,479,X:pos+012_A
M2,480,X:pos+012_C
M2,481,X:pos+012_G
M2,482,X:pos+012_T
M2,483,X:pos+013_A
M2,484,X:pos+013_C
M2,485,X:pos+013_G
M2,486,X:pos+013_T
M2,487,X:pos+014_A
M2,488,X:pos+014_C
M2,489,X:pos+014_G
M2,490,X:pos+014_T
M2,491,X:pos+015_A
M2,492,X:pos+015_C
M2,493,X:pos+015_G
M2,494,X:pos+015_T
M2,495,X:pos+016_A
M2,496,X:pos+016_C
M2,497,X:pos+016_G
M2,498,X:pos+016_T
M2,499,X:pos+017_A
M2,500,X:pos+017_C
M2,501,X:pos+017_G
M2,502,X:pos+017_T
M2,503,X:pos+018_A
M2,504,X:pos+018_C
M2,505,X:pos+018_G
M2,506,X:pos+018_T
M2,507,X:pos+019_A
M2,508,X:pos+019_C
M2,509,X:pos+019_G
M2,510,X:pos+019_T
M2,511,X:pos+020_A
M2,512,X:pos+020_C
M2,513,X:pos+020_G
M2,514,X:pos+020_T
M2,515,X:pos+021_A
M2,516,X:pos+021_C
M2,517,X:pos+021_G
M2,518,X:pos+021_T
M2,519,X:pos+022_A
M2,520,X:pos+022_C
M2,521,X:pos+022_G
M2,522,X:pos+022_T
M2,523,X:pos+023_A
M2,524,X:pos+023_C
M2,525,X:pos+023_G
M2,526,X:pos+023_T
M2,527,X:pos+024_A
M2,528,X:pos+024_C
M2,529,X:pos+024_G
M2,530,X:pos+024_T
M2,531,X:pos+025_A
M2,532,X:pos+025_C
M2,533,X:pos+025_G
M2,534,X:pos+025_T
M2,535,X:pos+026_A
M2,536,X:pos+026_C
M2,537,X:pos+026_G
M2,538,X:pos+026_T
M2,539,X:pos+027_A
M2,540,X:pos+027_C
M2,541,X:pos+027_G
M2,542,X:pos+027_T
M2,543,X:pos+028_A
M2,544,X:pos+028_C
M2,545,X:pos+028_G
M2,546,X:pos+028_T
M2,547,X:pos+029_A
M2,548,X:pos+029_C
M2,549,X:pos+029_G
M2,550,X:pos+029_T
M2,551,X:pos+030_A
M2,552,X:pos+030_C
M2,553,X:pos+030_G
M2,554,X:pos+030_T
M2,555,X:pos+031_A
M2,556,X:pos+031_C
M2,557,X:pos+031_G
M2,558,X:pos+031_T
M2,559,X:pos+032_A
M2,560,X:pos+032_C
M2,561,X:pos+032_G
M2,562,X:pos+032_T
M2,563,X:pos+033_A
M2,564,X:pos+033_C
M2,565,X:pos+033_G
M2,566,X:pos+033_T
M2,567,X:pos+034_A
M2,568,X:pos+034_C
M2,569,X:pos+034_G
M2,570,X:pos+034_T
M2,571,X:pos+035_A
M2,572,X:pos+035_C
M2,573,X:pos+035_G
M2,574,X:pos+035_T
M2,575,X:pos+036_A
M2,576,X:pos+036_C
M2,577,X:pos+036_G
M2,578,X:pos+036_T
M2,579,X:pos+037_A
M2,580,X:pos+037_C
M2,581,X:pos+037_G
M2,582,X:pos+037_T
M2,583,X:pos+038_A
M2,584,X:pos+038_C
M2,585,X:pos+038_G
M2,586,X:pos+038_T
M2,587,X:pos+039_A
M2,588,X:pos+039_C
M2,589,X:pos+039_G
M2,590,X:pos+039_T
M2,591,X:pos+040_A
M2,592,X:pos+040_C
M2,593,X:pos+040_G
M2,594,X:pos+040_T
M2,595,X:pos+041_A
M2,596,X:pos+041_C
M2,597,X:pos+041_G
M2,598,X:pos+041_T
M2,599,X:pos+042_A
M2,600,X:pos+042_C
M2,601,X:pos+042_G
M2,602,X:pos+042_T
M2,603,X:pos+043_A
M2,604,X:pos+043_C
M2,605,X:pos+043_G
M2,606,X:pos+043_T
M2,607,X:pos+044_A
M2,608,X:pos+044_C
M2,609,X:pos+044_G
M2,610,X:pos+044_T
M2,611,X:pos+045_A
M2,612,X:pos+045_C
M2,613,X:pos+045_G
M2,614,X:pos+045_T
M2,615,X:pos+046_A
M2,616,X:pos+046_C
M2,617,X:pos+046_G
M2,618,X:pos+046_T
M2,619,X:pos+047_A
M2,620,X:pos+047_C
M2,621,X:pos+047_G
M2,622,X:pos+047_T
M2,623,X:pos+048_A
M2,624,X:pos+048_C
M2,625,X:pos+048_G
M2,626,X:pos+048_T
M2,627,X:pos+049_A
M2,628,X:pos+049_C
M2,629,X:pos+049_G
M2,630,X:pos+049_T
M2,631,X:pos+050_A
M2,632,X:pos+050_C
M2,633,X:pos+050_G
M2,634,X:pos+050_T
M2,635,X:pos+051_A
M2,636,X:pos+051_C
M2,637,X:pos+051_G
M2,638,X:pos+051_T
M2,639,X:pos+052_A
M2,640,X:pos+052_C
M2,641,X:pos+052_G
M2,642,X:pos+052_T
M2,643,X:pos+053_A
M2,644,X:pos+053_C
M2,645,X:pos+053_G
M2,646,X:pos+053_T
M2,647,X:pos+054_A
M2,648,X:pos+054_C
M2,649,X:pos+054_G
M2,650,X:pos+054_T
M2,651,X:pos+055_A
M2,652,X:pos+055_C
M2,653,X:pos+055_G
M2,654,X:pos+055_T
M2,655,X:pos+056_A
M2,656,X:pos+056_C
M2,657,X:pos+056_G
M2,658,X:pos+056_T
M2,659,X:pos+057_A
M2,660,X:pos+057_C
M2,661,X:pos+057_G
M2,662,X:pos+057_T
M2,663,X:pos+058_A
M2,664,X:pos+058_C
M2,665,X:pos+058_G
M2,666,X:pos+058_T
M2,667,X:pos+059_A
M2,668,X:pos+059_C
M2,669,X:pos+059_G
M2,670,X:pos+059_T
M2,671,X:pos+060_A
M2,672,X:pos+060_C
M2,673,X:pos+060_G
M2,674,X:pos+060_T
M2,675,X:pos+061_A
M2,676,X:pos+061_C
M2,677,X:pos+061_G
M2,678,X:pos+061_T
M2,679,X:pos+062_A
M2,680,X:pos+062_C
M2,681,X:pos+062_G
M2,682,X:pos+062_T
M2,683,X:pos+063_A
M2,684,X:pos+063_C
M2,685,X:pos+063_G
M2,686,X:pos+063_T
M2,687,X:pos+064_A
M2,688,X:pos+064_C
M2,689,X:pos+064_G
M2,690,X:pos+064_T
M2,691,X:pos+065_A
M2,692,X:pos+065_C
M2,693,X:pos+065_G
M2,694,X:pos+065_T
M2,695,X:pos+066_A
M2,696,X:pos+066_C
M2,697,X:pos+066_G
M2,698,X:pos+066_T
M2,699,X:pos+067_A
M2,700,X:pos+067_C
M2,701,X:pos+067_G
M2,702,X:pos+067_T
M2,703,X:pos+068_A
M2,704,X:pos+068_C
M2,705,X:pos+068_G
M2,706,X:pos+068_T
M2,707,X:pos+069_A
M2,708,X:pos+069_C
M2,709,X:pos+069_G
M2,710,X:pos+069_T
M2,711,X:pos+070_A
M2,712,X:pos+070_C
M2,713,X:pos+070_G
M2,714,X:pos+070_T
M2,715,X:pos+071_A
M2,716,X:pos+071_C
M2,717,X:pos+071_G
M2,718,X:pos+071_T
M2,719,X:pos+072_A
M2,720,X:pos+072_C
M2,721,X:pos+072_G
M2,722,X:pos+072_T
M2,723,X:pos+073_A
M2,724,X:pos+073_C
M2,725,X:pos+073_G
M2,726,X:pos+073_T
M2,727,X:pos+074_A
M2,728,X:pos+074_C
M2,729,X:pos+074_G
M2,730,X:pos+074_T
M2,731,X:pos+075_A
M2,732,X:pos+075_C
M2,733,X:pos+075_G
M2,734,X:pos+075_T
M2,735,X:pos+076_A
M2,736,X:pos+076_C
M2,737,X:pos+076_G
M2,738,X:pos+076_T
M2,739,X:pos+077_A
M2,740,X:pos+077_C
M2,741,X:pos+077_G
M2,742,X:pos+077_T
M2,743,X:pos+078_A
M2,744,X:pos+078_C
M2,745,X:pos+078_G
M2,746,X:pos+078_T
M2,747,X:pos+079_A
M2,748,X:pos+079_C
M2,749,X:pos+079_G
M2,750,X:pos+079_T
M2,751,X:pos+080_A
M2,752,X:pos+080_C
M2,753,X:pos+080_G
M2,754,X:pos+080_T
M2,755,X:pos+081_A
M2,756,X:pos+081_C
M2,757,X:pos+081_G
M2,758,X:pos+081_T
M2,759,X:pos+082_A
M2,760,X:pos+082_C
M2,761,X:pos+082_G
M2,762,X:pos+082_T
M2,763,X:pos+083_A
M2,764,X:pos+083_C
M2,765,X:pos+083_G
M2,766,X:pos+083_T
M2,767,X:pos+084_A
M2,768,X:pos+084_C
M2,769,X:pos+084_G
M2,770,X:pos+084_T
M2,771,X:pos+085_A
M2,772,X:pos+085_C
M2,773,X:pos+085_G
M2,774,X:pos+085_T
M2,775,X:pos+086_A
M2,776,X:pos+086_C
M2,777,X:pos+086_G
M2,778,X:pos+086_T
M2,779,X:pos+087_A
M2,780,X:pos+087_C
M2,781,X:pos+087_G
M2,782,X:pos+087_T
M2,783,X:pos+088_A
M2,784,X:pos+088_C
M2,785,X:pos+088_G
M2,786,X:pos+088_T
M2,787,X:pos+089_A
M2,788,X:pos+089_C
M2,789,X:pos+089_G
M2,790,X:pos+089_T
M2,791,X:pos+090_A
M2,792,X:pos+090_C
M2,793,X:pos+090_G
M2,794,X:pos+090_T
M2,795,X:pos+091_A
M2,796,X:pos+091_C
M2,797,X:pos+091_G
M2,798,X:pos+091_T
M2,799,X:pos+092_A
M2,800,X:pos+092_C
M2,801,X:pos+092_G
M2,802,X:pos+092_T
M2,803,X:pos+093_A
M2,804,X:pos+093_C
M2,805,X:pos+093_G
M2,806,X:pos+093_T
M2,807,X:pos+094_A
M2,808,X:pos+094_C
M2,809,X:pos+094_G
M2,810,X:pos+094_T
M2,811,X:pos+095_A
M2,812,X:pos+095_C
M2,813,X:pos+095_G
M2,814,X:pos+095_T
M2,815,X:pos+096_A
M2,816,X:pos+096_C
M2,817,X:pos+096_G
M2,818,X:pos+096_T
M2,819,X:pos+097_A
M2,820,X:pos+097_C
M2,821,X:pos+097_G
M2,822,X:pos+097_T
M2,823,X:pos+098_A
M2,824,X:pos+098_C
M2,825,X:pos+098_G
M2,826,X:pos+098_T
M2,827,X:pos+099_A
M2,828,X:pos+099_C
M2,829,X:pos+099_G
M2,830,X:pos+099_T
M2,831,X:pos+100_A
M2,832,X:pos+100_C
M2,833,X:pos+100_G
M2,834,X:pos+100_T
M2,835,X:3mer_AAA
M2,836,X:3mer_AAC
M2,837,X:3mer_AAG
M2,838,X:3mer_AAT
M2,839,X:3mer_ACA
M2,840,X:3mer_ACC
M2,841,X:3mer_ACG
M2,842,X:3mer_ACT
M2,843,X:3mer_AGA
M2,844,X:3mer_AGC
M2,845,X:3mer_AGG
M2,846,X:3mer_AGT
M2,847,X:3mer_ATA
M2,848,X:3mer_ATC
M2,849,X:3mer_ATG
M2,850,X:3mer_ATT
M2,851,X:3mer_CAA
M2,852,X:3mer_CAC
M2,853,X:3mer_CAG
M2,854,X:3mer_CAT
M2,855,X:3mer_CCA
M2,856,X:3mer_CCC
M2,857,X:3mer_CCG
M2,858,X:3mer_CCT
M2,859,X:3mer_CGA
M2,860,X:3mer_CGC
M2,861,X:3mer_CGG
M2,862,X:3mer_CGT
M2,863,X:3mer_CTA
M2,864,X:3mer_CTC
M2,865,X:3mer_CTG
M2,866,X:3mer_CTT
M2,867,X:3mer_GAA
M2,868,X:3mer_GAC
M2,869,X:3mer_GAG
M2,870,X:3mer_GAT
M2,871,X:3mer_GCA
M2,872,X:3mer_GCC
M2,873,X:3mer_GCG
M2,874,X:3mer_GCT
M2,875,X:3mer_GGA
M2,876,X:3mer_GGC
M2,877,X:3mer_GGG
M2,878,X:3mer_GGT
M2,879,X:3mer_GTA
M2,880,X:3mer_GTC
M2,881,X:3mer_GTG
M2,882,X:3mer_GTT
M2,883,X:3mer_TAA
M2,884,X:3mer_TAC
M2,885,X:3mer_TAG
M2,886,X:3mer_TAT
M2,887,X:3mer_TCA
M2,888,X:3mer_TCC
M2,889,X:3mer_TCG
M2,890,X:3mer_TCT
M2,891,X:3mer_TGA
M2,892,X:3mer_TGC
M2,893,X:3mer_TGG
M2,894,X:3mer_TGT
M2,895,X:3mer_TTA
M2,896,X:3mer_TTC
M2,897,X:3mer_TTG
M2,898,X:3mer_TTT
M2,899,P:z_unpaired_pos-100
M2,900,P:z_unpaired_pos-099
M2,901,P:z_unpaired_pos-098
M2,902,P:z_unpaired_pos-097
M2,903,P:z_unpaired_pos-096
M2,904,P:z_unpaired_pos-095
M2,905,P:z_unpaired_pos-094
M2,906,P:z_unpaired_pos-093
M2,907,P:z_unpaired_pos-092
M2,908,P:z_unpaired_pos-091
M2,909,P:z_unpaired_pos-090
M2,910,P:z_unpaired_pos-089
M2,911,P:z_unpaired_pos-088
M2,912,P:z_unpaired_pos-087
M2,913,P:z_unpaired_pos-086
M2,914,P:z_unpaired_pos-085
M2,915,P:z_unpaired_pos-084
M2,916,P:z_unpaired_pos-083
M2,917,P:z_unpaired_pos-082
M2,918,P:z_unpaired_pos-081
M2,919,P:z_unpaired_pos-080
M2,920,P:z_unpaired_pos-079
M2,921,P:z_unpaired_pos-078
M2,922,P:z_unpaired_pos-077
M2,923,P:z_unpaired_pos-076
M2,924,P:z_unpaired_pos-075
M2,925,P:z_unpaired_pos-074
M2,926,P:z_unpaired_pos-073
M2,927,P:z_unpaired_pos-072
M2,928,P:z_unpaired_pos-071
M2,929,P:z_unpaired_pos-070
M2,930,P:z_unpaired_pos-069
M2,931,P:z_unpaired_pos-068
M2,932,P:z_unpaired_pos-067
M2,933,P:z_unpaired_pos-066
M2,934,P:z_unpaired_pos-065
M2,935,P:z_unpaired_pos-064
M2,936,P:z_unpaired_pos-063
M2,937,P:z_unpaired_pos-062
M2,938,P:z_unpaired_pos-061
M2,939,P:z_unpaired_pos-060
M2,940,P:z_unpaired_pos-059
M2,941,P:z_unpaired_pos-058
M2,942,P:z_unpaired_pos-057
M2,943,P:z_unpaired_pos-056
M2,944,P:z_unpaired_pos-055
M2,945,P:z_unpaired_pos-054
M2,946,P:z_unpaired_pos-053
M2,947,P:z_unpaired_pos-052
M2,948,P:z_unpaired_pos-051
M2,949,P:z_unpaired_pos-050
M2,950,P:z_unpaired_pos-049
M2,951,P:z_unpaired_pos-048
M2,952,P:z_unpaired_pos-047
M2,953,P:z_unpaired_pos-046
M2,954,P:z_unpaired_pos-045
M2,955,P:z_unpaired_pos-044
M2,956,P:z_unpaired_pos-043
M2,957,P:z_unpaired_pos-042
M2,958,P:z_unpaired_pos-041
M2,959,P:z_unpaired_pos-040
M2,960,P:z_unpaired_pos-039
M2,961,P:z_unpaired_pos-038
M2,962,P:z_unpaired_pos-037
M2,963,P:z_unpaired_pos-036
M2,964,P:z_unpaired_pos-035
M2,965,P:z_unpaired_pos-034
M2,966,P:z_unpaired_pos-033
M2,967,P:z_unpaired_pos-032
M2,968,P:z_unpaired_pos-031
M2,969,P:z_unpaired_pos-030
M2,970,P:z_unpaired_pos-029
M2,971,P:z_unpaired_pos-028
M2,972,P:z_unpaired_pos-027
M2,973,P:z_unpaired_pos-026
M2,974,P:z_unpaired_pos-025
M2,975,P:z_unpaired_pos-024
M2,976,P:z_unpaired_pos-023
M2,977,P:z_unpaired_pos-022
M2,978,P:z_unpaired_pos-021
M2,979,P:z_unpaired_pos-020
M2,980,P:z_unpaired_pos-019
M2,981,P:z_unpaired_pos-018
M2,982,P:z_unpaired_pos-017
M2,983,P:z_unpaired_pos-016
M2,984,P:z_unpaired_pos-015
M2,985,P:z_unpaired_pos-014
M2,986,P:z_unpaired_pos-013
M2,987,P:z_unpaired_pos-012
M2,988,P:z_unpaired_pos-011
M2,989,P:z_unpaired_pos-010
M2,990,P:z_unpaired_pos-009
M2,991,P:z_unpaired_pos-008
M2,992,P:z_unpaired_pos-007
M2,993,P:z_unpaired_pos-006
M2,994,P:z_unpaired_pos-005
M2,995,P:z_unpaired_pos-004
M2,996,P:z_unpaired_pos-003
M2,997,P:z_unpaired_pos-002
M2,998,P:z_unpaired_pos-001
M2,999,P:z_unpaired_pos+000
M2,1000,P:z_unpaired_pos+001
M2,1001,P:z_unpaired_pos+002
M2,1002,P:z_unpaired_pos+003
M2,1003,P:z_unpaired_pos+004
M2,1004,P:z_unpaired_pos+005
M2,1005,P:z_unpaired_pos+006
M2,1006,P:z_unpaired_pos+007
M2,1007,P:z_unpaired_pos+008
M2,1008,P:z_unpaired_pos+009
M2,1009,P:z_unpaired_pos+010
M2,1010,P:z_unpaired_pos+011
M2,1011,P:z_unpaired_pos+012
M2,1012,P:z_unpaired_pos+013
M2,1013,P:z_unpaired_pos+014
M2,1014,P:z_unpaired_pos+015
M2,1015,P:z_unpaired_pos+016
M2,1016,P:z_unpaired_pos+017
M2,1017,P:z_unpaired_pos+018
M2,1018,P:z_unpaired_pos+019
M2,1019,P:z_unpaired_pos+020
M2,1020,P:z_unpaired_pos+021
M2,1021,P:z_unpaired_pos+022
M2,1022,P:z_unpaired_pos+023
M2,1023,P:z_unpaired_pos+024
M2,1024,P:z_unpaired_pos+025
M2,1025,P:z_unpaired_pos+026
M2,1026,P:z_unpaired_pos+027
M2,1027,P:z_unpaired_pos+028
M2,1028,P:z_unpaired_pos+029
M2,1029,P:z_unpaired_pos+030
M2,1030,P:z_unpaired_pos+031
M2,1031,P:z_unpaired_pos+032
M2,1032,P:z_unpaired_pos+033
M2,1033,P:z_unpaired_pos+034
M2,1034,P:z_unpaired_pos+035
M2,1035,P:z_unpaired_pos+036
M2,1036,P:z_unpaired_pos+037
M2,1037,P:z_unpaired_pos+038
M2,1038,P:z_unpaired_pos+039
M2,1039,P:z_unpaired_pos+040
M2,1040,P:z_unpaired_pos+041
M2,1041,P:z_unpaired_pos+042
M2,1042,P:z_unpaired_pos+043
M2,1043,P:z_unpaired_pos+044
M2,1044,P:z_unpaired_pos+045
M2,1045,P:z_unpaired_pos+046
M2,1046,P:z_unpaired_pos+047
M2,1047,P:z_unpaired_pos+048
M2,1048,P:z_unpaired_pos+049
M2,1049,P:z_unpaired_pos+050
M2,1050,P:z_unpaired_pos+051
M2,1051,P:z_unpaired_pos+052
M2,1052,P:z_unpaired_pos+053
M2,1053,P:z_unpaired_pos+054
M2,1054,P:z_unpaired_pos+055
M2,1055,P:z_unpaired_pos+056
M2,1056,P:z_unpaired_pos+057
M2,1057,P:z_unpaired_pos+058
M2,1058,P:z_unpaired_pos+059
M2,1059,P:z_unpaired_pos+060
M2,1060,P:z_unpaired_pos+061
M2,1061,P:z_unpaired_pos+062
M2,1062,P:z_unpaired_pos+063
M2,1063,P:z_unpaired_pos+064
M2,1064,P:z_unpaired_pos+065
M2,1065,P:z_unpaired_pos+066
M2,1066,P:z_unpaired_pos+067
M2,1067,P:z_unpaired_pos+068
M2,1068,P:z_unpaired_pos+069
M2,1069,P:z_unpaired_pos+070
M2,1070,P:z_unpaired_pos+071
M2,1071,P:z_unpaired_pos+072
M2,1072,P:z_unpaired_pos+073
M2,1073,P:z_unpaired_pos+074
M2,1074,P:z_unpaired_pos+075
M2,1075,P:z_unpaired_pos+076
M2,1076,P:z_unpaired_pos+077
M2,1077,P:z_unpaired_pos+078
M2,1078,P:z_unpaired_pos+079
M2,1079,P:z_unpaired_pos+080
M2,1080,P:z_unpaired_pos+081
M2,1081,P:z_unpaired_pos+082
M2,1082,P:z_unpaired_pos+083
M2,1083,P:z_unpaired_pos+084
M2,1084,P:z_unpaired_pos+085
M2,1085,P:z_unpaired_pos+086
M2,1086,P:z_unpaired_pos+087
M2,1087,P:z_unpaired_pos+088
M2,1088,P:z_unpaired_pos+089
M2,1089,P:z_unpaired_pos+090
M2,1090,P:z_unpaired_pos+091
M2,1091,P:z_unpaired_pos+092
M2,1092,P:z_unpaired_pos+093
M2,1093,P:z_unpaired_pos+094
M2,1094,P:z_unpaired_pos+095
M2,1095,P:z_unpaired_pos+096
M2,1096,P:z_unpaired_pos+097
M2,1097,P:z_unpaired_pos+098
M2,1098,P:z_unpaired_pos+099
M2,1099,P:z_unpaired_pos+100
M2,1100,P:z_mfe_per_nt
M2,1101,P:z_ensemble_free_energy_per_nt
M2,1102,P:z_ensemble_diversity
M2,1103,P:z_mean_pairing_state_entropy
M2,1104,P:z_predicted_unpaired_mean_up10
M2,1105,P:z_predicted_unpaired_mean_down10
M2,1106,P:z_predicted_unpaired_mean_flank10
M2,1107,P:z_predicted_unpaired_mean_far
M3,0,C:z_gc_fraction_21
M3,1,C:z_transcript_position_fraction
M3,2,C:z_log1p_icshape_abundance_rpkm
M3,3,C:z_log1p_combined_agcov
M3,4,C:z_coverage_flank10
M3,5,C:z_distance_to_stop_codon_tx
M3,6,C:z_distance_to_nearest_splice_edge_tx
M3,7,C:missing_distance_to_stop_codon_tx
M3,8,C:missing_distance_to_nearest_splice_edge_tx
M3,9,C:drach_subtype=AAACA
M3,10,C:drach_subtype=AAACC
M3,11,C:drach_subtype=AAACT
M3,12,C:drach_subtype=AGACA
M3,13,C:drach_subtype=AGACC
M3,14,C:drach_subtype=AGACT
M3,15,C:drach_subtype=GAACA
M3,16,C:drach_subtype=GAACC
M3,17,C:drach_subtype=GAACT
M3,18,C:drach_subtype=GGACA
M3,19,C:drach_subtype=GGACC
M3,20,C:drach_subtype=GGACT
M3,21,C:drach_subtype=TAACA
M3,22,C:drach_subtype=TAACT
M3,23,C:drach_subtype=TGACA
M3,24,C:drach_subtype=TGACC
M3,25,C:drach_subtype=TGACT
M3,26,C:drach_subtype=non_DRACH
M3,27,C:transcript_region=3UTR
M3,28,C:transcript_region=5UTR
M3,29,C:transcript_region=CDS
M3,30,C:transcript_region=noncoding_or_CDS_unavailable
M3,31,X:pos-100_A
M3,32,X:pos-100_C
M3,33,X:pos-100_G
M3,34,X:pos-100_T
M3,35,X:pos-099_A
M3,36,X:pos-099_C
M3,37,X:pos-099_G
M3,38,X:pos-099_T
M3,39,X:pos-098_A
M3,40,X:pos-098_C
M3,41,X:pos-098_G
M3,42,X:pos-098_T
M3,43,X:pos-097_A
M3,44,X:pos-097_C
M3,45,X:pos-097_G
M3,46,X:pos-097_T
M3,47,X:pos-096_A
M3,48,X:pos-096_C
M3,49,X:pos-096_G
M3,50,X:pos-096_T
M3,51,X:pos-095_A
M3,52,X:pos-095_C
M3,53,X:pos-095_G
M3,54,X:pos-095_T
M3,55,X:pos-094_A
M3,56,X:pos-094_C
M3,57,X:pos-094_G
M3,58,X:pos-094_T
M3,59,X:pos-093_A
M3,60,X:pos-093_C
M3,61,X:pos-093_G
M3,62,X:pos-093_T
M3,63,X:pos-092_A
M3,64,X:pos-092_C
M3,65,X:pos-092_G
M3,66,X:pos-092_T
M3,67,X:pos-091_A
M3,68,X:pos-091_C
M3,69,X:pos-091_G
M3,70,X:pos-091_T
M3,71,X:pos-090_A
M3,72,X:pos-090_C
M3,73,X:pos-090_G
M3,74,X:pos-090_T
M3,75,X:pos-089_A
M3,76,X:pos-089_C
M3,77,X:pos-089_G
M3,78,X:pos-089_T
M3,79,X:pos-088_A
M3,80,X:pos-088_C
M3,81,X:pos-088_G
M3,82,X:pos-088_T
M3,83,X:pos-087_A
M3,84,X:pos-087_C
M3,85,X:pos-087_G
M3,86,X:pos-087_T
M3,87,X:pos-086_A
M3,88,X:pos-086_C
M3,89,X:pos-086_G
M3,90,X:pos-086_T
M3,91,X:pos-085_A
M3,92,X:pos-085_C
M3,93,X:pos-085_G
M3,94,X:pos-085_T
M3,95,X:pos-084_A
M3,96,X:pos-084_C
M3,97,X:pos-084_G
M3,98,X:pos-084_T
M3,99,X:pos-083_A
M3,100,X:pos-083_C
M3,101,X:pos-083_G
M3,102,X:pos-083_T
M3,103,X:pos-082_A
M3,104,X:pos-082_C
M3,105,X:pos-082_G
M3,106,X:pos-082_T
M3,107,X:pos-081_A
M3,108,X:pos-081_C
M3,109,X:pos-081_G
M3,110,X:pos-081_T
M3,111,X:pos-080_A
M3,112,X:pos-080_C
M3,113,X:pos-080_G
M3,114,X:pos-080_T
M3,115,X:pos-079_A
M3,116,X:pos-079_C
M3,117,X:pos-079_G
M3,118,X:pos-079_T
M3,119,X:pos-078_A
M3,120,X:pos-078_C
M3,121,X:pos-078_G
M3,122,X:pos-078_T
M3,123,X:pos-077_A
M3,124,X:pos-077_C
M3,125,X:pos-077_G
M3,126,X:pos-077_T
M3,127,X:pos-076_A
M3,128,X:pos-076_C
M3,129,X:pos-076_G
M3,130,X:pos-076_T
M3,131,X:pos-075_A
M3,132,X:pos-075_C
M3,133,X:pos-075_G
M3,134,X:pos-075_T
M3,135,X:pos-074_A
M3,136,X:pos-074_C
M3,137,X:pos-074_G
M3,138,X:pos-074_T
M3,139,X:pos-073_A
M3,140,X:pos-073_C
M3,141,X:pos-073_G
M3,142,X:pos-073_T
M3,143,X:pos-072_A
M3,144,X:pos-072_C
M3,145,X:pos-072_G
M3,146,X:pos-072_T
M3,147,X:pos-071_A
M3,148,X:pos-071_C
M3,149,X:pos-071_G
M3,150,X:pos-071_T
M3,151,X:pos-070_A
M3,152,X:pos-070_C
M3,153,X:pos-070_G
M3,154,X:pos-070_T
M3,155,X:pos-069_A
M3,156,X:pos-069_C
M3,157,X:pos-069_G
M3,158,X:pos-069_T
M3,159,X:pos-068_A
M3,160,X:pos-068_C
M3,161,X:pos-068_G
M3,162,X:pos-068_T
M3,163,X:pos-067_A
M3,164,X:pos-067_C
M3,165,X:pos-067_G
M3,166,X:pos-067_T
M3,167,X:pos-066_A
M3,168,X:pos-066_C
M3,169,X:pos-066_G
M3,170,X:pos-066_T
M3,171,X:pos-065_A
M3,172,X:pos-065_C
M3,173,X:pos-065_G
M3,174,X:pos-065_T
M3,175,X:pos-064_A
M3,176,X:pos-064_C
M3,177,X:pos-064_G
M3,178,X:pos-064_T
M3,179,X:pos-063_A
M3,180,X:pos-063_C
M3,181,X:pos-063_G
M3,182,X:pos-063_T
M3,183,X:pos-062_A
M3,184,X:pos-062_C
M3,185,X:pos-062_G
M3,186,X:pos-062_T
M3,187,X:pos-061_A
M3,188,X:pos-061_C
M3,189,X:pos-061_G
M3,190,X:pos-061_T
M3,191,X:pos-060_A
M3,192,X:pos-060_C
M3,193,X:pos-060_G
M3,194,X:pos-060_T
M3,195,X:pos-059_A
M3,196,X:pos-059_C
M3,197,X:pos-059_G
M3,198,X:pos-059_T
M3,199,X:pos-058_A
M3,200,X:pos-058_C
M3,201,X:pos-058_G
M3,202,X:pos-058_T
M3,203,X:pos-057_A
M3,204,X:pos-057_C
M3,205,X:pos-057_G
M3,206,X:pos-057_T
M3,207,X:pos-056_A
M3,208,X:pos-056_C
M3,209,X:pos-056_G
M3,210,X:pos-056_T
M3,211,X:pos-055_A
M3,212,X:pos-055_C
M3,213,X:pos-055_G
M3,214,X:pos-055_T
M3,215,X:pos-054_A
M3,216,X:pos-054_C
M3,217,X:pos-054_G
M3,218,X:pos-054_T
M3,219,X:pos-053_A
M3,220,X:pos-053_C
M3,221,X:pos-053_G
M3,222,X:pos-053_T
M3,223,X:pos-052_A
M3,224,X:pos-052_C
M3,225,X:pos-052_G
M3,226,X:pos-052_T
M3,227,X:pos-051_A
M3,228,X:pos-051_C
M3,229,X:pos-051_G
M3,230,X:pos-051_T
M3,231,X:pos-050_A
M3,232,X:pos-050_C
M3,233,X:pos-050_G
M3,234,X:pos-050_T
M3,235,X:pos-049_A
M3,236,X:pos-049_C
M3,237,X:pos-049_G
M3,238,X:pos-049_T
M3,239,X:pos-048_A
M3,240,X:pos-048_C
M3,241,X:pos-048_G
M3,242,X:pos-048_T
M3,243,X:pos-047_A
M3,244,X:pos-047_C
M3,245,X:pos-047_G
M3,246,X:pos-047_T
M3,247,X:pos-046_A
M3,248,X:pos-046_C
M3,249,X:pos-046_G
M3,250,X:pos-046_T
M3,251,X:pos-045_A
M3,252,X:pos-045_C
M3,253,X:pos-045_G
M3,254,X:pos-045_T
M3,255,X:pos-044_A
M3,256,X:pos-044_C
M3,257,X:pos-044_G
M3,258,X:pos-044_T
M3,259,X:pos-043_A
M3,260,X:pos-043_C
M3,261,X:pos-043_G
M3,262,X:pos-043_T
M3,263,X:pos-042_A
M3,264,X:pos-042_C
M3,265,X:pos-042_G
M3,266,X:pos-042_T
M3,267,X:pos-041_A
M3,268,X:pos-041_C
M3,269,X:pos-041_G
M3,270,X:pos-041_T
M3,271,X:pos-040_A
M3,272,X:pos-040_C
M3,273,X:pos-040_G
M3,274,X:pos-040_T
M3,275,X:pos-039_A
M3,276,X:pos-039_C
M3,277,X:pos-039_G
M3,278,X:pos-039_T
M3,279,X:pos-038_A
M3,280,X:pos-038_C
M3,281,X:pos-038_G
M3,282,X:pos-038_T
M3,283,X:pos-037_A
M3,284,X:pos-037_C
M3,285,X:pos-037_G
M3,286,X:pos-037_T
M3,287,X:pos-036_A
M3,288,X:pos-036_C
M3,289,X:pos-036_G
M3,290,X:pos-036_T
M3,291,X:pos-035_A
M3,292,X:pos-035_C
M3,293,X:pos-035_G
M3,294,X:pos-035_T
M3,295,X:pos-034_A
M3,296,X:pos-034_C
M3,297,X:pos-034_G
M3,298,X:pos-034_T
M3,299,X:pos-033_A
M3,300,X:pos-033_C
M3,301,X:pos-033_G
M3,302,X:pos-033_T
M3,303,X:pos-032_A
M3,304,X:pos-032_C
M3,305,X:pos-032_G
M3,306,X:pos-032_T
M3,307,X:pos-031_A
M3,308,X:pos-031_C
M3,309,X:pos-031_G
M3,310,X:pos-031_T
M3,311,X:pos-030_A
M3,312,X:pos-030_C
M3,313,X:pos-030_G
M3,314,X:pos-030_T
M3,315,X:pos-029_A
M3,316,X:pos-029_C
M3,317,X:pos-029_G
M3,318,X:pos-029_T
M3,319,X:pos-028_A
M3,320,X:pos-028_C
M3,321,X:pos-028_G
M3,322,X:pos-028_T
M3,323,X:pos-027_A
M3,324,X:pos-027_C
M3,325,X:pos-027_G
M3,326,X:pos-027_T
M3,327,X:pos-026_A
M3,328,X:pos-026_C
M3,329,X:pos-026_G
M3,330,X:pos-026_T
M3,331,X:pos-025_A
M3,332,X:pos-025_C
M3,333,X:pos-025_G
M3,334,X:pos-025_T
M3,335,X:pos-024_A
M3,336,X:pos-024_C
M3,337,X:pos-024_G
M3,338,X:pos-024_T
M3,339,X:pos-023_A
M3,340,X:pos-023_C
M3,341,X:pos-023_G
M3,342,X:pos-023_T
M3,343,X:pos-022_A
M3,344,X:pos-022_C
M3,345,X:pos-022_G
M3,346,X:pos-022_T
M3,347,X:pos-021_A
M3,348,X:pos-021_C
M3,349,X:pos-021_G
M3,350,X:pos-021_T
M3,351,X:pos-020_A
M3,352,X:pos-020_C
M3,353,X:pos-020_G
M3,354,X:pos-020_T
M3,355,X:pos-019_A
M3,356,X:pos-019_C
M3,357,X:pos-019_G
M3,358,X:pos-019_T
M3,359,X:pos-018_A
M3,360,X:pos-018_C
M3,361,X:pos-018_G
M3,362,X:pos-018_T
M3,363,X:pos-017_A
M3,364,X:pos-017_C
M3,365,X:pos-017_G
M3,366,X:pos-017_T
M3,367,X:pos-016_A
M3,368,X:pos-016_C
M3,369,X:pos-016_G
M3,370,X:pos-016_T
M3,371,X:pos-015_A
M3,372,X:pos-015_C
M3,373,X:pos-015_G
M3,374,X:pos-015_T
M3,375,X:pos-014_A
M3,376,X:pos-014_C
M3,377,X:pos-014_G
M3,378,X:pos-014_T
M3,379,X:pos-013_A
M3,380,X:pos-013_C
M3,381,X:pos-013_G
M3,382,X:pos-013_T
M3,383,X:pos-012_A
M3,384,X:pos-012_C
M3,385,X:pos-012_G
M3,386,X:pos-012_T
M3,387,X:pos-011_A
M3,388,X:pos-011_C
M3,389,X:pos-011_G
M3,390,X:pos-011_T
M3,391,X:pos-010_A
M3,392,X:pos-010_C
M3,393,X:pos-010_G
M3,394,X:pos-010_T
M3,395,X:pos-009_A
M3,396,X:pos-009_C
M3,397,X:pos-009_G
M3,398,X:pos-009_T
M3,399,X:pos-008_A
M3,400,X:pos-008_C
M3,401,X:pos-008_G
M3,402,X:pos-008_T
M3,403,X:pos-007_A
M3,404,X:pos-007_C
M3,405,X:pos-007_G
M3,406,X:pos-007_T
M3,407,X:pos-006_A
M3,408,X:pos-006_C
M3,409,X:pos-006_G
M3,410,X:pos-006_T
M3,411,X:pos-005_A
M3,412,X:pos-005_C
M3,413,X:pos-005_G
M3,414,X:pos-005_T
M3,415,X:pos-004_A
M3,416,X:pos-004_C
M3,417,X:pos-004_G
M3,418,X:pos-004_T
M3,419,X:pos-003_A
M3,420,X:pos-003_C
M3,421,X:pos-003_G
M3,422,X:pos-003_T
M3,423,X:pos-002_A
M3,424,X:pos-002_C
M3,425,X:pos-002_G
M3,426,X:pos-002_T
M3,427,X:pos-001_A
M3,428,X:pos-001_C
M3,429,X:pos-001_G
M3,430,X:pos-001_T
M3,431,X:pos+000_A
M3,432,X:pos+000_C
M3,433,X:pos+000_G
M3,434,X:pos+000_T
M3,435,X:pos+001_A
M3,436,X:pos+001_C
M3,437,X:pos+001_G
M3,438,X:pos+001_T
M3,439,X:pos+002_A
M3,440,X:pos+002_C
M3,441,X:pos+002_G
M3,442,X:pos+002_T
M3,443,X:pos+003_A
M3,444,X:pos+003_C
M3,445,X:pos+003_G
M3,446,X:pos+003_T
M3,447,X:pos+004_A
M3,448,X:pos+004_C
M3,449,X:pos+004_G
M3,450,X:pos+004_T
M3,451,X:pos+005_A
M3,452,X:pos+005_C
M3,453,X:pos+005_G
M3,454,X:pos+005_T
M3,455,X:pos+006_A
M3,456,X:pos+006_C
M3,457,X:pos+006_G
M3,458,X:pos+006_T
M3,459,X:pos+007_A
M3,460,X:pos+007_C
M3,461,X:pos+007_G
M3,462,X:pos+007_T
M3,463,X:pos+008_A
M3,464,X:pos+008_C
M3,465,X:pos+008_G
M3,466,X:pos+008_T
M3,467,X:pos+009_A
M3,468,X:pos+009_C
M3,469,X:pos+009_G
M3,470,X:pos+009_T
M3,471,X:pos+010_A
M3,472,X:pos+010_C
M3,473,X:pos+010_G
M3,474,X:pos+010_T
M3,475,X:pos+011_A
M3,476,X:pos+011_C
M3,477,X:pos+011_G
M3,478,X:pos+011_T
M3,479,X:pos+012_A
M3,480,X:pos+012_C
M3,481,X:pos+012_G
M3,482,X:pos+012_T
M3,483,X:pos+013_A
M3,484,X:pos+013_C
M3,485,X:pos+013_G
M3,486,X:pos+013_T
M3,487,X:pos+014_A
M3,488,X:pos+014_C
M3,489,X:pos+014_G
M3,490,X:pos+014_T
M3,491,X:pos+015_A
M3,492,X:pos+015_C
M3,493,X:pos+015_G
M3,494,X:pos+015_T
M3,495,X:pos+016_A
M3,496,X:pos+016_C
M3,497,X:pos+016_G
M3,498,X:pos+016_T
M3,499,X:pos+017_A
M3,500,X:pos+017_C
M3,501,X:pos+017_G
M3,502,X:pos+017_T
M3,503,X:pos+018_A
M3,504,X:pos+018_C
M3,505,X:pos+018_G
M3,506,X:pos+018_T
M3,507,X:pos+019_A
M3,508,X:pos+019_C
M3,509,X:pos+019_G
M3,510,X:pos+019_T
M3,511,X:pos+020_A
M3,512,X:pos+020_C
M3,513,X:pos+020_G
M3,514,X:pos+020_T
M3,515,X:pos+021_A
M3,516,X:pos+021_C
M3,517,X:pos+021_G
M3,518,X:pos+021_T
M3,519,X:pos+022_A
M3,520,X:pos+022_C
M3,521,X:pos+022_G
M3,522,X:pos+022_T
M3,523,X:pos+023_A
M3,524,X:pos+023_C
M3,525,X:pos+023_G
M3,526,X:pos+023_T
M3,527,X:pos+024_A
M3,528,X:pos+024_C
M3,529,X:pos+024_G
M3,530,X:pos+024_T
M3,531,X:pos+025_A
M3,532,X:pos+025_C
M3,533,X:pos+025_G
M3,534,X:pos+025_T
M3,535,X:pos+026_A
M3,536,X:pos+026_C
M3,537,X:pos+026_G
M3,538,X:pos+026_T
M3,539,X:pos+027_A
M3,540,X:pos+027_C
M3,541,X:pos+027_G
M3,542,X:pos+027_T
M3,543,X:pos+028_A
M3,544,X:pos+028_C
M3,545,X:pos+028_G
M3,546,X:pos+028_T
M3,547,X:pos+029_A
M3,548,X:pos+029_C
M3,549,X:pos+029_G
M3,550,X:pos+029_T
M3,551,X:pos+030_A
M3,552,X:pos+030_C
M3,553,X:pos+030_G
M3,554,X:pos+030_T
M3,555,X:pos+031_A
M3,556,X:pos+031_C
M3,557,X:pos+031_G
M3,558,X:pos+031_T
M3,559,X:pos+032_A
M3,560,X:pos+032_C
M3,561,X:pos+032_G
M3,562,X:pos+032_T
M3,563,X:pos+033_A
M3,564,X:pos+033_C
M3,565,X:pos+033_G
M3,566,X:pos+033_T
M3,567,X:pos+034_A
M3,568,X:pos+034_C
M3,569,X:pos+034_G
M3,570,X:pos+034_T
M3,571,X:pos+035_A
M3,572,X:pos+035_C
M3,573,X:pos+035_G
M3,574,X:pos+035_T
M3,575,X:pos+036_A
M3,576,X:pos+036_C
M3,577,X:pos+036_G
M3,578,X:pos+036_T
M3,579,X:pos+037_A
M3,580,X:pos+037_C
M3,581,X:pos+037_G
M3,582,X:pos+037_T
M3,583,X:pos+038_A
M3,584,X:pos+038_C
M3,585,X:pos+038_G
M3,586,X:pos+038_T
M3,587,X:pos+039_A
M3,588,X:pos+039_C
M3,589,X:pos+039_G
M3,590,X:pos+039_T
M3,591,X:pos+040_A
M3,592,X:pos+040_C
M3,593,X:pos+040_G
M3,594,X:pos+040_T
M3,595,X:pos+041_A
M3,596,X:pos+041_C
M3,597,X:pos+041_G
M3,598,X:pos+041_T
M3,599,X:pos+042_A
M3,600,X:pos+042_C
M3,601,X:pos+042_G
M3,602,X:pos+042_T
M3,603,X:pos+043_A
M3,604,X:pos+043_C
M3,605,X:pos+043_G
M3,606,X:pos+043_T
M3,607,X:pos+044_A
M3,608,X:pos+044_C
M3,609,X:pos+044_G
M3,610,X:pos+044_T
M3,611,X:pos+045_A
M3,612,X:pos+045_C
M3,613,X:pos+045_G
M3,614,X:pos+045_T
M3,615,X:pos+046_A
M3,616,X:pos+046_C
M3,617,X:pos+046_G
M3,618,X:pos+046_T
M3,619,X:pos+047_A
M3,620,X:pos+047_C
M3,621,X:pos+047_G
M3,622,X:pos+047_T
M3,623,X:pos+048_A
M3,624,X:pos+048_C
M3,625,X:pos+048_G
M3,626,X:pos+048_T
M3,627,X:pos+049_A
M3,628,X:pos+049_C
M3,629,X:pos+049_G
M3,630,X:pos+049_T
M3,631,X:pos+050_A
M3,632,X:pos+050_C
M3,633,X:pos+050_G
M3,634,X:pos+050_T
M3,635,X:pos+051_A
M3,636,X:pos+051_C
M3,637,X:pos+051_G
M3,638,X:pos+051_T
M3,639,X:pos+052_A
M3,640,X:pos+052_C
M3,641,X:pos+052_G
M3,642,X:pos+052_T
M3,643,X:pos+053_A
M3,644,X:pos+053_C
M3,645,X:pos+053_G
M3,646,X:pos+053_T
M3,647,X:pos+054_A
M3,648,X:pos+054_C
M3,649,X:pos+054_G
M3,650,X:pos+054_T
M3,651,X:pos+055_A
M3,652,X:pos+055_C
M3,653,X:pos+055_G
M3,654,X:pos+055_T
M3,655,X:pos+056_A
M3,656,X:pos+056_C
M3,657,X:pos+056_G
M3,658,X:pos+056_T
M3,659,X:pos+057_A
M3,660,X:pos+057_C
M3,661,X:pos+057_G
M3,662,X:pos+057_T
M3,663,X:pos+058_A
M3,664,X:pos+058_C
M3,665,X:pos+058_G
M3,666,X:pos+058_T
M3,667,X:pos+059_A
M3,668,X:pos+059_C
M3,669,X:pos+059_G
M3,670,X:pos+059_T
M3,671,X:pos+060_A
M3,672,X:pos+060_C
M3,673,X:pos+060_G
M3,674,X:pos+060_T
M3,675,X:pos+061_A
M3,676,X:pos+061_C
M3,677,X:pos+061_G
M3,678,X:pos+061_T
M3,679,X:pos+062_A
M3,680,X:pos+062_C
M3,681,X:pos+062_G
M3,682,X:pos+062_T
M3,683,X:pos+063_A
M3,684,X:pos+063_C
M3,685,X:pos+063_G
M3,686,X:pos+063_T
M3,687,X:pos+064_A
M3,688,X:pos+064_C
M3,689,X:pos+064_G
M3,690,X:pos+064_T
M3,691,X:pos+065_A
M3,692,X:pos+065_C
M3,693,X:pos+065_G
M3,694,X:pos+065_T
M3,695,X:pos+066_A
M3,696,X:pos+066_C
M3,697,X:pos+066_G
M3,698,X:pos+066_T
M3,699,X:pos+067_A
M3,700,X:pos+067_C
M3,701,X:pos+067_G
M3,702,X:pos+067_T
M3,703,X:pos+068_A
M3,704,X:pos+068_C
M3,705,X:pos+068_G
M3,706,X:pos+068_T
M3,707,X:pos+069_A
M3,708,X:pos+069_C
M3,709,X:pos+069_G
M3,710,X:pos+069_T
M3,711,X:pos+070_A
M3,712,X:pos+070_C
M3,713,X:pos+070_G
M3,714,X:pos+070_T
M3,715,X:pos+071_A
M3,716,X:pos+071_C
M3,717,X:pos+071_G
M3,718,X:pos+071_T
M3,719,X:pos+072_A
M3,720,X:pos+072_C
M3,721,X:pos+072_G
M3,722,X:pos+072_T
M3,723,X:pos+073_A
M3,724,X:pos+073_C
M3,725,X:pos+073_G
M3,726,X:pos+073_T
M3,727,X:pos+074_A
M3,728,X:pos+074_C
M3,729,X:pos+074_G
M3,730,X:pos+074_T
M3,731,X:pos+075_A
M3,732,X:pos+075_C
M3,733,X:pos+075_G
M3,734,X:pos+075_T
M3,735,X:pos+076_A
M3,736,X:pos+076_C
M3,737,X:pos+076_G
M3,738,X:pos+076_T
M3,739,X:pos+077_A
M3,740,X:pos+077_C
M3,741,X:pos+077_G
M3,742,X:pos+077_T
M3,743,X:pos+078_A
M3,744,X:pos+078_C
M3,745,X:pos+078_G
M3,746,X:pos+078_T
M3,747,X:pos+079_A
M3,748,X:pos+079_C
M3,749,X:pos+079_G
M3,750,X:pos+079_T
M3,751,X:pos+080_A
M3,752,X:pos+080_C
M3,753,X:pos+080_G
M3,754,X:pos+080_T
M3,755,X:pos+081_A
M3,756,X:pos+081_C
M3,757,X:pos+081_G
M3,758,X:pos+081_T
M3,759,X:pos+082_A
M3,760,X:pos+082_C
M3,761,X:pos+082_G
M3,762,X:pos+082_T
M3,763,X:pos+083_A
M3,764,X:pos+083_C
M3,765,X:pos+083_G
M3,766,X:pos+083_T
M3,767,X:pos+084_A
M3,768,X:pos+084_C
M3,769,X:pos+084_G
M3,770,X:pos+084_T
M3,771,X:pos+085_A
M3,772,X:pos+085_C
M3,773,X:pos+085_G
M3,774,X:pos+085_T
M3,775,X:pos+086_A
M3,776,X:pos+086_C
M3,777,X:pos+086_G
M3,778,X:pos+086_T
M3,779,X:pos+087_A
M3,780,X:pos+087_C
M3,781,X:pos+087_G
M3,782,X:pos+087_T
M3,783,X:pos+088_A
M3,784,X:pos+088_C
M3,785,X:pos+088_G
M3,786,X:pos+088_T
M3,787,X:pos+089_A
M3,788,X:pos+089_C
M3,789,X:pos+089_G
M3,790,X:pos+089_T
M3,791,X:pos+090_A
M3,792,X:pos+090_C
M3,793,X:pos+090_G
M3,794,X:pos+090_T
M3,795,X:pos+091_A
M3,796,X:pos+091_C
M3,797,X:pos+091_G
M3,798,X:pos+091_T
M3,799,X:pos+092_A
M3,800,X:pos+092_C
M3,801,X:pos+092_G
M3,802,X:pos+092_T
M3,803,X:pos+093_A
M3,804,X:pos+093_C
M3,805,X:pos+093_G
M3,806,X:pos+093_T
M3,807,X:pos+094_A
M3,808,X:pos+094_C
M3,809,X:pos+094_G
M3,810,X:pos+094_T
M3,811,X:pos+095_A
M3,812,X:pos+095_C
M3,813,X:pos+095_G
M3,814,X:pos+095_T
M3,815,X:pos+096_A
M3,816,X:pos+096_C
M3,817,X:pos+096_G
M3,818,X:pos+096_T
M3,819,X:pos+097_A
M3,820,X:pos+097_C
M3,821,X:pos+097_G
M3,822,X:pos+097_T
M3,823,X:pos+098_A
M3,824,X:pos+098_C
M3,825,X:pos+098_G
M3,826,X:pos+098_T
M3,827,X:pos+099_A
M3,828,X:pos+099_C
M3,829,X:pos+099_G
M3,830,X:pos+099_T
M3,831,X:pos+100_A
M3,832,X:pos+100_C
M3,833,X:pos+100_G
M3,834,X:pos+100_T
M3,835,X:3mer_AAA
M3,836,X:3mer_AAC
M3,837,X:3mer_AAG
M3,838,X:3mer_AAT
M3,839,X:3mer_ACA
M3,840,X:3mer_ACC
M3,841,X:3mer_ACG
M3,842,X:3mer_ACT
M3,843,X:3mer_AGA
M3,844,X:3mer_AGC
M3,845,X:3mer_AGG
M3,846,X:3mer_AGT
M3,847,X:3mer_ATA
M3,848,X:3mer_ATC
M3,849,X:3mer_ATG
M3,850,X:3mer_ATT
M3,851,X:3mer_CAA
M3,852,X:3mer_CAC
M3,853,X:3mer_CAG
M3,854,X:3mer_CAT
M3,855,X:3mer_CCA
M3,856,X:3mer_CCC
M3,857,X:3mer_CCG
M3,858,X:3mer_CCT
M3,859,X:3mer_CGA
M3,860,X:3mer_CGC
M3,861,X:3mer_CGG
M3,862,X:3mer_CGT
M3,863,X:3mer_CTA
M3,864,X:3mer_CTC
M3,865,X:3mer_CTG
M3,866,X:3mer_CTT
M3,867,X:3mer_GAA
M3,868,X:3mer_GAC
M3,869,X:3mer_GAG
M3,870,X:3mer_GAT
M3,871,X:3mer_GCA
M3,872,X:3mer_GCC
M3,873,X:3mer_GCG
M3,874,X:3mer_GCT
M3,875,X:3mer_GGA
M3,876,X:3mer_GGC
M3,877,X:3mer_GGG
M3,878,X:3mer_GGT
M3,879,X:3mer_GTA
M3,880,X:3mer_GTC
M3,881,X:3mer_GTG
M3,882,X:3mer_GTT
M3,883,X:3mer_TAA
M3,884,X:3mer_TAC
M3,885,X:3mer_TAG
M3,886,X:3mer_TAT
M3,887,X:3mer_TCA
M3,888,X:3mer_TCC
M3,889,X:3mer_TCG
M3,890,X:3mer_TCT
M3,891,X:3mer_TGA
M3,892,X:3mer_TGC
M3,893,X:3mer_TGG
M3,894,X:3mer_TGT
M3,895,X:3mer_TTA
M3,896,X:3mer_TTC
M3,897,X:3mer_TTG
M3,898,X:3mer_TTT
M3,899,R:z_reactivity_mean_flank10
M4,0,C:z_gc_fraction_21
M4,1,C:z_transcript_position_fraction
M4,2,C:z_log1p_icshape_abundance_rpkm
M4,3,C:z_log1p_combined_agcov
M4,4,C:z_coverage_flank10
M4,5,C:z_distance_to_stop_codon_tx
M4,6,C:z_distance_to_nearest_splice_edge_tx
M4,7,C:missing_distance_to_stop_codon_tx
M4,8,C:missing_distance_to_nearest_splice_edge_tx
M4,9,C:drach_subtype=AAACA
M4,10,C:drach_subtype=AAACC
M4,11,C:drach_subtype=AAACT
M4,12,C:drach_subtype=AGACA
M4,13,C:drach_subtype=AGACC
M4,14,C:drach_subtype=AGACT
M4,15,C:drach_subtype=GAACA
M4,16,C:drach_subtype=GAACC
M4,17,C:drach_subtype=GAACT
M4,18,C:drach_subtype=GGACA
M4,19,C:drach_subtype=GGACC
M4,20,C:drach_subtype=GGACT
M4,21,C:drach_subtype=TAACA
M4,22,C:drach_subtype=TAACT
M4,23,C:drach_subtype=TGACA
M4,24,C:drach_subtype=TGACC
M4,25,C:drach_subtype=TGACT
M4,26,C:drach_subtype=non_DRACH
M4,27,C:transcript_region=3UTR
M4,28,C:transcript_region=5UTR
M4,29,C:transcript_region=CDS
M4,30,C:transcript_region=noncoding_or_CDS_unavailable
M4,31,X:pos-100_A
M4,32,X:pos-100_C
M4,33,X:pos-100_G
M4,34,X:pos-100_T
M4,35,X:pos-099_A
M4,36,X:pos-099_C
M4,37,X:pos-099_G
M4,38,X:pos-099_T
M4,39,X:pos-098_A
M4,40,X:pos-098_C
M4,41,X:pos-098_G
M4,42,X:pos-098_T
M4,43,X:pos-097_A
M4,44,X:pos-097_C
M4,45,X:pos-097_G
M4,46,X:pos-097_T
M4,47,X:pos-096_A
M4,48,X:pos-096_C
M4,49,X:pos-096_G
M4,50,X:pos-096_T
M4,51,X:pos-095_A
M4,52,X:pos-095_C
M4,53,X:pos-095_G
M4,54,X:pos-095_T
M4,55,X:pos-094_A
M4,56,X:pos-094_C
M4,57,X:pos-094_G
M4,58,X:pos-094_T
M4,59,X:pos-093_A
M4,60,X:pos-093_C
M4,61,X:pos-093_G
M4,62,X:pos-093_T
M4,63,X:pos-092_A
M4,64,X:pos-092_C
M4,65,X:pos-092_G
M4,66,X:pos-092_T
M4,67,X:pos-091_A
M4,68,X:pos-091_C
M4,69,X:pos-091_G
M4,70,X:pos-091_T
M4,71,X:pos-090_A
M4,72,X:pos-090_C
M4,73,X:pos-090_G
M4,74,X:pos-090_T
M4,75,X:pos-089_A
M4,76,X:pos-089_C
M4,77,X:pos-089_G
M4,78,X:pos-089_T
M4,79,X:pos-088_A
M4,80,X:pos-088_C
M4,81,X:pos-088_G
M4,82,X:pos-088_T
M4,83,X:pos-087_A
M4,84,X:pos-087_C
M4,85,X:pos-087_G
M4,86,X:pos-087_T
M4,87,X:pos-086_A
M4,88,X:pos-086_C
M4,89,X:pos-086_G
M4,90,X:pos-086_T
M4,91,X:pos-085_A
M4,92,X:pos-085_C
M4,93,X:pos-085_G
M4,94,X:pos-085_T
M4,95,X:pos-084_A
M4,96,X:pos-084_C
M4,97,X:pos-084_G
M4,98,X:pos-084_T
M4,99,X:pos-083_A
M4,100,X:pos-083_C
M4,101,X:pos-083_G
M4,102,X:pos-083_T
M4,103,X:pos-082_A
M4,104,X:pos-082_C
M4,105,X:pos-082_G
M4,106,X:pos-082_T
M4,107,X:pos-081_A
M4,108,X:pos-081_C
M4,109,X:pos-081_G
M4,110,X:pos-081_T
M4,111,X:pos-080_A
M4,112,X:pos-080_C
M4,113,X:pos-080_G
M4,114,X:pos-080_T
M4,115,X:pos-079_A
M4,116,X:pos-079_C
M4,117,X:pos-079_G
M4,118,X:pos-079_T
M4,119,X:pos-078_A
M4,120,X:pos-078_C
M4,121,X:pos-078_G
M4,122,X:pos-078_T
M4,123,X:pos-077_A
M4,124,X:pos-077_C
M4,125,X:pos-077_G
M4,126,X:pos-077_T
M4,127,X:pos-076_A
M4,128,X:pos-076_C
M4,129,X:pos-076_G
M4,130,X:pos-076_T
M4,131,X:pos-075_A
M4,132,X:pos-075_C
M4,133,X:pos-075_G
M4,134,X:pos-075_T
M4,135,X:pos-074_A
M4,136,X:pos-074_C
M4,137,X:pos-074_G
M4,138,X:pos-074_T
M4,139,X:pos-073_A
M4,140,X:pos-073_C
M4,141,X:pos-073_G
M4,142,X:pos-073_T
M4,143,X:pos-072_A
M4,144,X:pos-072_C
M4,145,X:pos-072_G
M4,146,X:pos-072_T
M4,147,X:pos-071_A
M4,148,X:pos-071_C
M4,149,X:pos-071_G
M4,150,X:pos-071_T
M4,151,X:pos-070_A
M4,152,X:pos-070_C
M4,153,X:pos-070_G
M4,154,X:pos-070_T
M4,155,X:pos-069_A
M4,156,X:pos-069_C
M4,157,X:pos-069_G
M4,158,X:pos-069_T
M4,159,X:pos-068_A
M4,160,X:pos-068_C
M4,161,X:pos-068_G
M4,162,X:pos-068_T
M4,163,X:pos-067_A
M4,164,X:pos-067_C
M4,165,X:pos-067_G
M4,166,X:pos-067_T
M4,167,X:pos-066_A
M4,168,X:pos-066_C
M4,169,X:pos-066_G
M4,170,X:pos-066_T
M4,171,X:pos-065_A
M4,172,X:pos-065_C
M4,173,X:pos-065_G
M4,174,X:pos-065_T
M4,175,X:pos-064_A
M4,176,X:pos-064_C
M4,177,X:pos-064_G
M4,178,X:pos-064_T
M4,179,X:pos-063_A
M4,180,X:pos-063_C
M4,181,X:pos-063_G
M4,182,X:pos-063_T
M4,183,X:pos-062_A
M4,184,X:pos-062_C
M4,185,X:pos-062_G
M4,186,X:pos-062_T
M4,187,X:pos-061_A
M4,188,X:pos-061_C
M4,189,X:pos-061_G
M4,190,X:pos-061_T
M4,191,X:pos-060_A
M4,192,X:pos-060_C
M4,193,X:pos-060_G
M4,194,X:pos-060_T
M4,195,X:pos-059_A
M4,196,X:pos-059_C
M4,197,X:pos-059_G
M4,198,X:pos-059_T
M4,199,X:pos-058_A
M4,200,X:pos-058_C
M4,201,X:pos-058_G
M4,202,X:pos-058_T
M4,203,X:pos-057_A
M4,204,X:pos-057_C
M4,205,X:pos-057_G
M4,206,X:pos-057_T
M4,207,X:pos-056_A
M4,208,X:pos-056_C
M4,209,X:pos-056_G
M4,210,X:pos-056_T
M4,211,X:pos-055_A
M4,212,X:pos-055_C
M4,213,X:pos-055_G
M4,214,X:pos-055_T
M4,215,X:pos-054_A
M4,216,X:pos-054_C
M4,217,X:pos-054_G
M4,218,X:pos-054_T
M4,219,X:pos-053_A
M4,220,X:pos-053_C
M4,221,X:pos-053_G
M4,222,X:pos-053_T
M4,223,X:pos-052_A
M4,224,X:pos-052_C
M4,225,X:pos-052_G
M4,226,X:pos-052_T
M4,227,X:pos-051_A
M4,228,X:pos-051_C
M4,229,X:pos-051_G
M4,230,X:pos-051_T
M4,231,X:pos-050_A
M4,232,X:pos-050_C
M4,233,X:pos-050_G
M4,234,X:pos-050_T
M4,235,X:pos-049_A
M4,236,X:pos-049_C
M4,237,X:pos-049_G
M4,238,X:pos-049_T
M4,239,X:pos-048_A
M4,240,X:pos-048_C
M4,241,X:pos-048_G
M4,242,X:pos-048_T
M4,243,X:pos-047_A
M4,244,X:pos-047_C
M4,245,X:pos-047_G
M4,246,X:pos-047_T
M4,247,X:pos-046_A
M4,248,X:pos-046_C
M4,249,X:pos-046_G
M4,250,X:pos-046_T
M4,251,X:pos-045_A
M4,252,X:pos-045_C
M4,253,X:pos-045_G
M4,254,X:pos-045_T
M4,255,X:pos-044_A
M4,256,X:pos-044_C
M4,257,X:pos-044_G
M4,258,X:pos-044_T
M4,259,X:pos-043_A
M4,260,X:pos-043_C
M4,261,X:pos-043_G
M4,262,X:pos-043_T
M4,263,X:pos-042_A
M4,264,X:pos-042_C
M4,265,X:pos-042_G
M4,266,X:pos-042_T
M4,267,X:pos-041_A
M4,268,X:pos-041_C
M4,269,X:pos-041_G
M4,270,X:pos-041_T
M4,271,X:pos-040_A
M4,272,X:pos-040_C
M4,273,X:pos-040_G
M4,274,X:pos-040_T
M4,275,X:pos-039_A
M4,276,X:pos-039_C
M4,277,X:pos-039_G
M4,278,X:pos-039_T
M4,279,X:pos-038_A
M4,280,X:pos-038_C
M4,281,X:pos-038_G
M4,282,X:pos-038_T
M4,283,X:pos-037_A
M4,284,X:pos-037_C
M4,285,X:pos-037_G
M4,286,X:pos-037_T
M4,287,X:pos-036_A
M4,288,X:pos-036_C
M4,289,X:pos-036_G
M4,290,X:pos-036_T
M4,291,X:pos-035_A
M4,292,X:pos-035_C
M4,293,X:pos-035_G
M4,294,X:pos-035_T
M4,295,X:pos-034_A
M4,296,X:pos-034_C
M4,297,X:pos-034_G
M4,298,X:pos-034_T
M4,299,X:pos-033_A
M4,300,X:pos-033_C
M4,301,X:pos-033_G
M4,302,X:pos-033_T
M4,303,X:pos-032_A
M4,304,X:pos-032_C
M4,305,X:pos-032_G
M4,306,X:pos-032_T
M4,307,X:pos-031_A
M4,308,X:pos-031_C
M4,309,X:pos-031_G
M4,310,X:pos-031_T
M4,311,X:pos-030_A
M4,312,X:pos-030_C
M4,313,X:pos-030_G
M4,314,X:pos-030_T
M4,315,X:pos-029_A
M4,316,X:pos-029_C
M4,317,X:pos-029_G
M4,318,X:pos-029_T
M4,319,X:pos-028_A
M4,320,X:pos-028_C
M4,321,X:pos-028_G
M4,322,X:pos-028_T
M4,323,X:pos-027_A
M4,324,X:pos-027_C
M4,325,X:pos-027_G
M4,326,X:pos-027_T
M4,327,X:pos-026_A
M4,328,X:pos-026_C
M4,329,X:pos-026_G
M4,330,X:pos-026_T
M4,331,X:pos-025_A
M4,332,X:pos-025_C
M4,333,X:pos-025_G
M4,334,X:pos-025_T
M4,335,X:pos-024_A
M4,336,X:pos-024_C
M4,337,X:pos-024_G
M4,338,X:pos-024_T
M4,339,X:pos-023_A
M4,340,X:pos-023_C
M4,341,X:pos-023_G
M4,342,X:pos-023_T
M4,343,X:pos-022_A
M4,344,X:pos-022_C
M4,345,X:pos-022_G
M4,346,X:pos-022_T
M4,347,X:pos-021_A
M4,348,X:pos-021_C
M4,349,X:pos-021_G
M4,350,X:pos-021_T
M4,351,X:pos-020_A
M4,352,X:pos-020_C
M4,353,X:pos-020_G
M4,354,X:pos-020_T
M4,355,X:pos-019_A
M4,356,X:pos-019_C
M4,357,X:pos-019_G
M4,358,X:pos-019_T
M4,359,X:pos-018_A
M4,360,X:pos-018_C
M4,361,X:pos-018_G
M4,362,X:pos-018_T
M4,363,X:pos-017_A
M4,364,X:pos-017_C
M4,365,X:pos-017_G
M4,366,X:pos-017_T
M4,367,X:pos-016_A
M4,368,X:pos-016_C
M4,369,X:pos-016_G
M4,370,X:pos-016_T
M4,371,X:pos-015_A
M4,372,X:pos-015_C
M4,373,X:pos-015_G
M4,374,X:pos-015_T
M4,375,X:pos-014_A
M4,376,X:pos-014_C
M4,377,X:pos-014_G
M4,378,X:pos-014_T
M4,379,X:pos-013_A
M4,380,X:pos-013_C
M4,381,X:pos-013_G
M4,382,X:pos-013_T
M4,383,X:pos-012_A
M4,384,X:pos-012_C
M4,385,X:pos-012_G
M4,386,X:pos-012_T
M4,387,X:pos-011_A
M4,388,X:pos-011_C
M4,389,X:pos-011_G
M4,390,X:pos-011_T
M4,391,X:pos-010_A
M4,392,X:pos-010_C
M4,393,X:pos-010_G
M4,394,X:pos-010_T
M4,395,X:pos-009_A
M4,396,X:pos-009_C
M4,397,X:pos-009_G
M4,398,X:pos-009_T
M4,399,X:pos-008_A
M4,400,X:pos-008_C
M4,401,X:pos-008_G
M4,402,X:pos-008_T
M4,403,X:pos-007_A
M4,404,X:pos-007_C
M4,405,X:pos-007_G
M4,406,X:pos-007_T
M4,407,X:pos-006_A
M4,408,X:pos-006_C
M4,409,X:pos-006_G
M4,410,X:pos-006_T
M4,411,X:pos-005_A
M4,412,X:pos-005_C
M4,413,X:pos-005_G
M4,414,X:pos-005_T
M4,415,X:pos-004_A
M4,416,X:pos-004_C
M4,417,X:pos-004_G
M4,418,X:pos-004_T
M4,419,X:pos-003_A
M4,420,X:pos-003_C
M4,421,X:pos-003_G
M4,422,X:pos-003_T
M4,423,X:pos-002_A
M4,424,X:pos-002_C
M4,425,X:pos-002_G
M4,426,X:pos-002_T
M4,427,X:pos-001_A
M4,428,X:pos-001_C
M4,429,X:pos-001_G
M4,430,X:pos-001_T
M4,431,X:pos+000_A
M4,432,X:pos+000_C
M4,433,X:pos+000_G
M4,434,X:pos+000_T
M4,435,X:pos+001_A
M4,436,X:pos+001_C
M4,437,X:pos+001_G
M4,438,X:pos+001_T
M4,439,X:pos+002_A
M4,440,X:pos+002_C
M4,441,X:pos+002_G
M4,442,X:pos+002_T
M4,443,X:pos+003_A
M4,444,X:pos+003_C
M4,445,X:pos+003_G
M4,446,X:pos+003_T
M4,447,X:pos+004_A
M4,448,X:pos+004_C
M4,449,X:pos+004_G
M4,450,X:pos+004_T
M4,451,X:pos+005_A
M4,452,X:pos+005_C
M4,453,X:pos+005_G
M4,454,X:pos+005_T
M4,455,X:pos+006_A
M4,456,X:pos+006_C
M4,457,X:pos+006_G
M4,458,X:pos+006_T
M4,459,X:pos+007_A
M4,460,X:pos+007_C
M4,461,X:pos+007_G
M4,462,X:pos+007_T
M4,463,X:pos+008_A
M4,464,X:pos+008_C
M4,465,X:pos+008_G
M4,466,X:pos+008_T
M4,467,X:pos+009_A
M4,468,X:pos+009_C
M4,469,X:pos+009_G
M4,470,X:pos+009_T
M4,471,X:pos+010_A
M4,472,X:pos+010_C
M4,473,X:pos+010_G
M4,474,X:pos+010_T
M4,475,X:pos+011_A
M4,476,X:pos+011_C
M4,477,X:pos+011_G
M4,478,X:pos+011_T
M4,479,X:pos+012_A
M4,480,X:pos+012_C
M4,481,X:pos+012_G
M4,482,X:pos+012_T
M4,483,X:pos+013_A
M4,484,X:pos+013_C
M4,485,X:pos+013_G
M4,486,X:pos+013_T
M4,487,X:pos+014_A
M4,488,X:pos+014_C
M4,489,X:pos+014_G
M4,490,X:pos+014_T
M4,491,X:pos+015_A
M4,492,X:pos+015_C
M4,493,X:pos+015_G
M4,494,X:pos+015_T
M4,495,X:pos+016_A
M4,496,X:pos+016_C
M4,497,X:pos+016_G
M4,498,X:pos+016_T
M4,499,X:pos+017_A
M4,500,X:pos+017_C
M4,501,X:pos+017_G
M4,502,X:pos+017_T
M4,503,X:pos+018_A
M4,504,X:pos+018_C
M4,505,X:pos+018_G
M4,506,X:pos+018_T
M4,507,X:pos+019_A
M4,508,X:pos+019_C
M4,509,X:pos+019_G
M4,510,X:pos+019_T
M4,511,X:pos+020_A
M4,512,X:pos+020_C
M4,513,X:pos+020_G
M4,514,X:pos+020_T
M4,515,X:pos+021_A
M4,516,X:pos+021_C
M4,517,X:pos+021_G
M4,518,X:pos+021_T
M4,519,X:pos+022_A
M4,520,X:pos+022_C
M4,521,X:pos+022_G
M4,522,X:pos+022_T
M4,523,X:pos+023_A
M4,524,X:pos+023_C
M4,525,X:pos+023_G
M4,526,X:pos+023_T
M4,527,X:pos+024_A
M4,528,X:pos+024_C
M4,529,X:pos+024_G
M4,530,X:pos+024_T
M4,531,X:pos+025_A
M4,532,X:pos+025_C
M4,533,X:pos+025_G
M4,534,X:pos+025_T
M4,535,X:pos+026_A
M4,536,X:pos+026_C
M4,537,X:pos+026_G
M4,538,X:pos+026_T
M4,539,X:pos+027_A
M4,540,X:pos+027_C
M4,541,X:pos+027_G
M4,542,X:pos+027_T
M4,543,X:pos+028_A
M4,544,X:pos+028_C
M4,545,X:pos+028_G
M4,546,X:pos+028_T
M4,547,X:pos+029_A
M4,548,X:pos+029_C
M4,549,X:pos+029_G
M4,550,X:pos+029_T
M4,551,X:pos+030_A
M4,552,X:pos+030_C
M4,553,X:pos+030_G
M4,554,X:pos+030_T
M4,555,X:pos+031_A
M4,556,X:pos+031_C
M4,557,X:pos+031_G
M4,558,X:pos+031_T
M4,559,X:pos+032_A
M4,560,X:pos+032_C
M4,561,X:pos+032_G
M4,562,X:pos+032_T
M4,563,X:pos+033_A
M4,564,X:pos+033_C
M4,565,X:pos+033_G
M4,566,X:pos+033_T
M4,567,X:pos+034_A
M4,568,X:pos+034_C
M4,569,X:pos+034_G
M4,570,X:pos+034_T
M4,571,X:pos+035_A
M4,572,X:pos+035_C
M4,573,X:pos+035_G
M4,574,X:pos+035_T
M4,575,X:pos+036_A
M4,576,X:pos+036_C
M4,577,X:pos+036_G
M4,578,X:pos+036_T
M4,579,X:pos+037_A
M4,580,X:pos+037_C
M4,581,X:pos+037_G
M4,582,X:pos+037_T
M4,583,X:pos+038_A
M4,584,X:pos+038_C
M4,585,X:pos+038_G
M4,586,X:pos+038_T
M4,587,X:pos+039_A
M4,588,X:pos+039_C
M4,589,X:pos+039_G
M4,590,X:pos+039_T
M4,591,X:pos+040_A
M4,592,X:pos+040_C
M4,593,X:pos+040_G
M4,594,X:pos+040_T
M4,595,X:pos+041_A
M4,596,X:pos+041_C
M4,597,X:pos+041_G
M4,598,X:pos+041_T
M4,599,X:pos+042_A
M4,600,X:pos+042_C
M4,601,X:pos+042_G
M4,602,X:pos+042_T
M4,603,X:pos+043_A
M4,604,X:pos+043_C
M4,605,X:pos+043_G
M4,606,X:pos+043_T
M4,607,X:pos+044_A
M4,608,X:pos+044_C
M4,609,X:pos+044_G
M4,610,X:pos+044_T
M4,611,X:pos+045_A
M4,612,X:pos+045_C
M4,613,X:pos+045_G
M4,614,X:pos+045_T
M4,615,X:pos+046_A
M4,616,X:pos+046_C
M4,617,X:pos+046_G
M4,618,X:pos+046_T
M4,619,X:pos+047_A
M4,620,X:pos+047_C
M4,621,X:pos+047_G
M4,622,X:pos+047_T
M4,623,X:pos+048_A
M4,624,X:pos+048_C
M4,625,X:pos+048_G
M4,626,X:pos+048_T
M4,627,X:pos+049_A
M4,628,X:pos+049_C
M4,629,X:pos+049_G
M4,630,X:pos+049_T
M4,631,X:pos+050_A
M4,632,X:pos+050_C
M4,633,X:pos+050_G
M4,634,X:pos+050_T
M4,635,X:pos+051_A
M4,636,X:pos+051_C
M4,637,X:pos+051_G
M4,638,X:pos+051_T
M4,639,X:pos+052_A
M4,640,X:pos+052_C
M4,641,X:pos+052_G
M4,642,X:pos+052_T
M4,643,X:pos+053_A
M4,644,X:pos+053_C
M4,645,X:pos+053_G
M4,646,X:pos+053_T
M4,647,X:pos+054_A
M4,648,X:pos+054_C
M4,649,X:pos+054_G
M4,650,X:pos+054_T
M4,651,X:pos+055_A
M4,652,X:pos+055_C
M4,653,X:pos+055_G
M4,654,X:pos+055_T
M4,655,X:pos+056_A
M4,656,X:pos+056_C
M4,657,X:pos+056_G
M4,658,X:pos+056_T
M4,659,X:pos+057_A
M4,660,X:pos+057_C
M4,661,X:pos+057_G
M4,662,X:pos+057_T
M4,663,X:pos+058_A
M4,664,X:pos+058_C
M4,665,X:pos+058_G
M4,666,X:pos+058_T
M4,667,X:pos+059_A
M4,668,X:pos+059_C
M4,669,X:pos+059_G
M4,670,X:pos+059_T
M4,671,X:pos+060_A
M4,672,X:pos+060_C
M4,673,X:pos+060_G
M4,674,X:pos+060_T
M4,675,X:pos+061_A
M4,676,X:pos+061_C
M4,677,X:pos+061_G
M4,678,X:pos+061_T
M4,679,X:pos+062_A
M4,680,X:pos+062_C
M4,681,X:pos+062_G
M4,682,X:pos+062_T
M4,683,X:pos+063_A
M4,684,X:pos+063_C
M4,685,X:pos+063_G
M4,686,X:pos+063_T
M4,687,X:pos+064_A
M4,688,X:pos+064_C
M4,689,X:pos+064_G
M4,690,X:pos+064_T
M4,691,X:pos+065_A
M4,692,X:pos+065_C
M4,693,X:pos+065_G
M4,694,X:pos+065_T
M4,695,X:pos+066_A
M4,696,X:pos+066_C
M4,697,X:pos+066_G
M4,698,X:pos+066_T
M4,699,X:pos+067_A
M4,700,X:pos+067_C
M4,701,X:pos+067_G
M4,702,X:pos+067_T
M4,703,X:pos+068_A
M4,704,X:pos+068_C
M4,705,X:pos+068_G
M4,706,X:pos+068_T
M4,707,X:pos+069_A
M4,708,X:pos+069_C
M4,709,X:pos+069_G
M4,710,X:pos+069_T
M4,711,X:pos+070_A
M4,712,X:pos+070_C
M4,713,X:pos+070_G
M4,714,X:pos+070_T
M4,715,X:pos+071_A
M4,716,X:pos+071_C
M4,717,X:pos+071_G
M4,718,X:pos+071_T
M4,719,X:pos+072_A
M4,720,X:pos+072_C
M4,721,X:pos+072_G
M4,722,X:pos+072_T
M4,723,X:pos+073_A
M4,724,X:pos+073_C
M4,725,X:pos+073_G
M4,726,X:pos+073_T
M4,727,X:pos+074_A
M4,728,X:pos+074_C
M4,729,X:pos+074_G
M4,730,X:pos+074_T
M4,731,X:pos+075_A
M4,732,X:pos+075_C
M4,733,X:pos+075_G
M4,734,X:pos+075_T
M4,735,X:pos+076_A
M4,736,X:pos+076_C
M4,737,X:pos+076_G
M4,738,X:pos+076_T
M4,739,X:pos+077_A
M4,740,X:pos+077_C
M4,741,X:pos+077_G
M4,742,X:pos+077_T
M4,743,X:pos+078_A
M4,744,X:pos+078_C
M4,745,X:pos+078_G
M4,746,X:pos+078_T
M4,747,X:pos+079_A
M4,748,X:pos+079_C
M4,749,X:pos+079_G
M4,750,X:pos+079_T
M4,751,X:pos+080_A
M4,752,X:pos+080_C
M4,753,X:pos+080_G
M4,754,X:pos+080_T
M4,755,X:pos+081_A
M4,756,X:pos+081_C
M4,757,X:pos+081_G
M4,758,X:pos+081_T
M4,759,X:pos+082_A
M4,760,X:pos+082_C
M4,761,X:pos+082_G
M4,762,X:pos+082_T
M4,763,X:pos+083_A
M4,764,X:pos+083_C
M4,765,X:pos+083_G
M4,766,X:pos+083_T
M4,767,X:pos+084_A
M4,768,X:pos+084_C
M4,769,X:pos+084_G
M4,770,X:pos+084_T
M4,771,X:pos+085_A
M4,772,X:pos+085_C
M4,773,X:pos+085_G
M4,774,X:pos+085_T
M4,775,X:pos+086_A
M4,776,X:pos+086_C
M4,777,X:pos+086_G
M4,778,X:pos+086_T
M4,779,X:pos+087_A
M4,780,X:pos+087_C
M4,781,X:pos+087_G
M4,782,X:pos+087_T
M4,783,X:pos+088_A
M4,784,X:pos+088_C
M4,785,X:pos+088_G
M4,786,X:pos+088_T
M4,787,X:pos+089_A
M4,788,X:pos+089_C
M4,789,X:pos+089_G
M4,790,X:pos+089_T
M4,791,X:pos+090_A
M4,792,X:pos+090_C
M4,793,X:pos+090_G
M4,794,X:pos+090_T
M4,795,X:pos+091_A
M4,796,X:pos+091_C
M4,797,X:pos+091_G
M4,798,X:pos+091_T
M4,799,X:pos+092_A
M4,800,X:pos+092_C
M4,801,X:pos+092_G
M4,802,X:pos+092_T
M4,803,X:pos+093_A
M4,804,X:pos+093_C
M4,805,X:pos+093_G
M4,806,X:pos+093_T
M4,807,X:pos+094_A
M4,808,X:pos+094_C
M4,809,X:pos+094_G
M4,810,X:pos+094_T
M4,811,X:pos+095_A
M4,812,X:pos+095_C
M4,813,X:pos+095_G
M4,814,X:pos+095_T
M4,815,X:pos+096_A
M4,816,X:pos+096_C
M4,817,X:pos+096_G
M4,818,X:pos+096_T
M4,819,X:pos+097_A
M4,820,X:pos+097_C
M4,821,X:pos+097_G
M4,822,X:pos+097_T
M4,823,X:pos+098_A
M4,824,X:pos+098_C
M4,825,X:pos+098_G
M4,826,X:pos+098_T
M4,827,X:pos+099_A
M4,828,X:pos+099_C
M4,829,X:pos+099_G
M4,830,X:pos+099_T
M4,831,X:pos+100_A
M4,832,X:pos+100_C
M4,833,X:pos+100_G
M4,834,X:pos+100_T
M4,835,X:3mer_AAA
M4,836,X:3mer_AAC
M4,837,X:3mer_AAG
M4,838,X:3mer_AAT
M4,839,X:3mer_ACA
M4,840,X:3mer_ACC
M4,841,X:3mer_ACG
M4,842,X:3mer_ACT
M4,843,X:3mer_AGA
M4,844,X:3mer_AGC
M4,845,X:3mer_AGG
M4,846,X:3mer_AGT
M4,847,X:3mer_ATA
M4,848,X:3mer_ATC
M4,849,X:3mer_ATG
M4,850,X:3mer_ATT
M4,851,X:3mer_CAA
M4,852,X:3mer_CAC
M4,853,X:3mer_CAG
M4,854,X:3mer_CAT
M4,855,X:3mer_CCA
M4,856,X:3mer_CCC
M4,857,X:3mer_CCG
M4,858,X:3mer_CCT
M4,859,X:3mer_CGA
M4,860,X:3mer_CGC
M4,861,X:3mer_CGG
M4,862,X:3mer_CGT
M4,863,X:3mer_CTA
M4,864,X:3mer_CTC
M4,865,X:3mer_CTG
M4,866,X:3mer_CTT
M4,867,X:3mer_GAA
M4,868,X:3mer_GAC
M4,869,X:3mer_GAG
M4,870,X:3mer_GAT
M4,871,X:3mer_GCA
M4,872,X:3mer_GCC
M4,873,X:3mer_GCG
M4,874,X:3mer_GCT
M4,875,X:3mer_GGA
M4,876,X:3mer_GGC
M4,877,X:3mer_GGG
M4,878,X:3mer_GGT
M4,879,X:3mer_GTA
M4,880,X:3mer_GTC
M4,881,X:3mer_GTG
M4,882,X:3mer_GTT
M4,883,X:3mer_TAA
M4,884,X:3mer_TAC
M4,885,X:3mer_TAG
M4,886,X:3mer_TAT
M4,887,X:3mer_TCA
M4,888,X:3mer_TCC
M4,889,X:3mer_TCG
M4,890,X:3mer_TCT
M4,891,X:3mer_TGA
M4,892,X:3mer_TGC
M4,893,X:3mer_TGG
M4,894,X:3mer_TGT
M4,895,X:3mer_TTA
M4,896,X:3mer_TTC
M4,897,X:3mer_TTG
M4,898,X:3mer_TTT
M4,899,P:z_unpaired_pos-100
M4,900,P:z_unpaired_pos-099
M4,901,P:z_unpaired_pos-098
M4,902,P:z_unpaired_pos-097
M4,903,P:z_unpaired_pos-096
M4,904,P:z_unpaired_pos-095
M4,905,P:z_unpaired_pos-094
M4,906,P:z_unpaired_pos-093
M4,907,P:z_unpaired_pos-092
M4,908,P:z_unpaired_pos-091
M4,909,P:z_unpaired_pos-090
M4,910,P:z_unpaired_pos-089
M4,911,P:z_unpaired_pos-088
M4,912,P:z_unpaired_pos-087
M4,913,P:z_unpaired_pos-086
M4,914,P:z_unpaired_pos-085
M4,915,P:z_unpaired_pos-084
M4,916,P:z_unpaired_pos-083
M4,917,P:z_unpaired_pos-082
M4,918,P:z_unpaired_pos-081
M4,919,P:z_unpaired_pos-080
M4,920,P:z_unpaired_pos-079
M4,921,P:z_unpaired_pos-078
M4,922,P:z_unpaired_pos-077
M4,923,P:z_unpaired_pos-076
M4,924,P:z_unpaired_pos-075
M4,925,P:z_unpaired_pos-074
M4,926,P:z_unpaired_pos-073
M4,927,P:z_unpaired_pos-072
M4,928,P:z_unpaired_pos-071
M4,929,P:z_unpaired_pos-070
M4,930,P:z_unpaired_pos-069
M4,931,P:z_unpaired_pos-068
M4,932,P:z_unpaired_pos-067
M4,933,P:z_unpaired_pos-066
M4,934,P:z_unpaired_pos-065
M4,935,P:z_unpaired_pos-064
M4,936,P:z_unpaired_pos-063
M4,937,P:z_unpaired_pos-062
M4,938,P:z_unpaired_pos-061
M4,939,P:z_unpaired_pos-060
M4,940,P:z_unpaired_pos-059
M4,941,P:z_unpaired_pos-058
M4,942,P:z_unpaired_pos-057
M4,943,P:z_unpaired_pos-056
M4,944,P:z_unpaired_pos-055
M4,945,P:z_unpaired_pos-054
M4,946,P:z_unpaired_pos-053
M4,947,P:z_unpaired_pos-052
M4,948,P:z_unpaired_pos-051
M4,949,P:z_unpaired_pos-050
M4,950,P:z_unpaired_pos-049
M4,951,P:z_unpaired_pos-048
M4,952,P:z_unpaired_pos-047
M4,953,P:z_unpaired_pos-046
M4,954,P:z_unpaired_pos-045
M4,955,P:z_unpaired_pos-044
M4,956,P:z_unpaired_pos-043
M4,957,P:z_unpaired_pos-042
M4,958,P:z_unpaired_pos-041
M4,959,P:z_unpaired_pos-040
M4,960,P:z_unpaired_pos-039
M4,961,P:z_unpaired_pos-038
M4,962,P:z_unpaired_pos-037
M4,963,P:z_unpaired_pos-036
M4,964,P:z_unpaired_pos-035
M4,965,P:z_unpaired_pos-034
M4,966,P:z_unpaired_pos-033
M4,967,P:z_unpaired_pos-032
M4,968,P:z_unpaired_pos-031
M4,969,P:z_unpaired_pos-030
M4,970,P:z_unpaired_pos-029
M4,971,P:z_unpaired_pos-028
M4,972,P:z_unpaired_pos-027
M4,973,P:z_unpaired_pos-026
M4,974,P:z_unpaired_pos-025
M4,975,P:z_unpaired_pos-024
M4,976,P:z_unpaired_pos-023
M4,977,P:z_unpaired_pos-022
M4,978,P:z_unpaired_pos-021
M4,979,P:z_unpaired_pos-020
M4,980,P:z_unpaired_pos-019
M4,981,P:z_unpaired_pos-018
M4,982,P:z_unpaired_pos-017
M4,983,P:z_unpaired_pos-016
M4,984,P:z_unpaired_pos-015
M4,985,P:z_unpaired_pos-014
M4,986,P:z_unpaired_pos-013
M4,987,P:z_unpaired_pos-012
M4,988,P:z_unpaired_pos-011
M4,989,P:z_unpaired_pos-010
M4,990,P:z_unpaired_pos-009
M4,991,P:z_unpaired_pos-008
M4,992,P:z_unpaired_pos-007
M4,993,P:z_unpaired_pos-006
M4,994,P:z_unpaired_pos-005
M4,995,P:z_unpaired_pos-004
M4,996,P:z_unpaired_pos-003
M4,997,P:z_unpaired_pos-002
M4,998,P:z_unpaired_pos-001
M4,999,P:z_unpaired_pos+000
M4,1000,P:z_unpaired_pos+001
M4,1001,P:z_unpaired_pos+002
M4,1002,P:z_unpaired_pos+003
M4,1003,P:z_unpaired_pos+004
M4,1004,P:z_unpaired_pos+005
M4,1005,P:z_unpaired_pos+006
M4,1006,P:z_unpaired_pos+007
M4,1007,P:z_unpaired_pos+008
M4,1008,P:z_unpaired_pos+009
M4,1009,P:z_unpaired_pos+010
M4,1010,P:z_unpaired_pos+011
M4,1011,P:z_unpaired_pos+012
M4,1012,P:z_unpaired_pos+013
M4,1013,P:z_unpaired_pos+014
M4,1014,P:z_unpaired_pos+015
M4,1015,P:z_unpaired_pos+016
M4,1016,P:z_unpaired_pos+017
M4,1017,P:z_unpaired_pos+018
M4,1018,P:z_unpaired_pos+019
M4,1019,P:z_unpaired_pos+020
M4,1020,P:z_unpaired_pos+021
M4,1021,P:z_unpaired_pos+022
M4,1022,P:z_unpaired_pos+023
M4,1023,P:z_unpaired_pos+024
M4,1024,P:z_unpaired_pos+025
M4,1025,P:z_unpaired_pos+026
M4,1026,P:z_unpaired_pos+027
M4,1027,P:z_unpaired_pos+028
M4,1028,P:z_unpaired_pos+029
M4,1029,P:z_unpaired_pos+030
M4,1030,P:z_unpaired_pos+031
M4,1031,P:z_unpaired_pos+032
M4,1032,P:z_unpaired_pos+033
M4,1033,P:z_unpaired_pos+034
M4,1034,P:z_unpaired_pos+035
M4,1035,P:z_unpaired_pos+036
M4,1036,P:z_unpaired_pos+037
M4,1037,P:z_unpaired_pos+038
M4,1038,P:z_unpaired_pos+039
M4,1039,P:z_unpaired_pos+040
M4,1040,P:z_unpaired_pos+041
M4,1041,P:z_unpaired_pos+042
M4,1042,P:z_unpaired_pos+043
M4,1043,P:z_unpaired_pos+044
M4,1044,P:z_unpaired_pos+045
M4,1045,P:z_unpaired_pos+046
M4,1046,P:z_unpaired_pos+047
M4,1047,P:z_unpaired_pos+048
M4,1048,P:z_unpaired_pos+049
M4,1049,P:z_unpaired_pos+050
M4,1050,P:z_unpaired_pos+051
M4,1051,P:z_unpaired_pos+052
M4,1052,P:z_unpaired_pos+053
M4,1053,P:z_unpaired_pos+054
M4,1054,P:z_unpaired_pos+055
M4,1055,P:z_unpaired_pos+056
M4,1056,P:z_unpaired_pos+057
M4,1057,P:z_unpaired_pos+058
M4,1058,P:z_unpaired_pos+059
M4,1059,P:z_unpaired_pos+060
M4,1060,P:z_unpaired_pos+061
M4,1061,P:z_unpaired_pos+062
M4,1062,P:z_unpaired_pos+063
M4,1063,P:z_unpaired_pos+064
M4,1064,P:z_unpaired_pos+065
M4,1065,P:z_unpaired_pos+066
M4,1066,P:z_unpaired_pos+067
M4,1067,P:z_unpaired_pos+068
M4,1068,P:z_unpaired_pos+069
M4,1069,P:z_unpaired_pos+070
M4,1070,P:z_unpaired_pos+071
M4,1071,P:z_unpaired_pos+072
M4,1072,P:z_unpaired_pos+073
M4,1073,P:z_unpaired_pos+074
M4,1074,P:z_unpaired_pos+075
M4,1075,P:z_unpaired_pos+076
M4,1076,P:z_unpaired_pos+077
M4,1077,P:z_unpaired_pos+078
M4,1078,P:z_unpaired_pos+079
M4,1079,P:z_unpaired_pos+080
M4,1080,P:z_unpaired_pos+081
M4,1081,P:z_unpaired_pos+082
M4,1082,P:z_unpaired_pos+083
M4,1083,P:z_unpaired_pos+084
M4,1084,P:z_unpaired_pos+085
M4,1085,P:z_unpaired_pos+086
M4,1086,P:z_unpaired_pos+087
M4,1087,P:z_unpaired_pos+088
M4,1088,P:z_unpaired_pos+089
M4,1089,P:z_unpaired_pos+090
M4,1090,P:z_unpaired_pos+091
M4,1091,P:z_unpaired_pos+092
M4,1092,P:z_unpaired_pos+093
M4,1093,P:z_unpaired_pos+094
M4,1094,P:z_unpaired_pos+095
M4,1095,P:z_unpaired_pos+096
M4,1096,P:z_unpaired_pos+097
M4,1097,P:z_unpaired_pos+098
M4,1098,P:z_unpaired_pos+099
M4,1099,P:z_unpaired_pos+100
M4,1100,P:z_mfe_per_nt
M4,1101,P:z_ensemble_free_energy_per_nt
M4,1102,P:z_ensemble_diversity
M4,1103,P:z_mean_pairing_state_entropy
M4,1104,P:z_predicted_unpaired_mean_up10
M4,1105,P:z_predicted_unpaired_mean_down10
M4,1106,P:z_predicted_unpaired_mean_flank10
M4,1107,P:z_predicted_unpaired_mean_far
M4,1108,R:z_reactivity_mean_flank10
