subset,sites,genes,agcov_min,agcov_median,replicate_mae,replicate_rmse,replicate_spearman,replicate_pearson,mean_rep1_minus_rep2,interpretation
all_development,3271,922,30.0,998.0,0.026510556404769185,0.04220368155514772,0.974358479144089,0.9874550862302206,0.00011167532864567428,measurement_variability_reference_not_formal_noise_ceiling
combined_agcov_Q1,820,413,30.0,181.0,0.054360646341463426,0.07339757315470315,0.933936048493586,0.9607174300309861,0.002083548780487805,measurement_variability_reference_not_formal_noise_ceiling
combined_agcov_Q2,816,433,368.0,654.0,0.024962696078431372,0.03277482847579293,0.976230448188497,0.9926680828299183,-0.0004899754901960777,measurement_variability_reference_not_formal_noise_ceiling
combined_agcov_Q3,817,399,999.0,1514.0,0.016878225214198288,0.022014890962996095,0.9884414175392148,0.9966972728928504,-0.0004864259485924113,measurement_variability_reference_not_formal_noise_ceiling
combined_agcov_Q4,818,343,2275.0,4284.5,0.00975700488997555,0.012900549271867942,0.9949512552176168,0.9987751145417023,-0.0006674694376528117,measurement_variability_reference_not_formal_noise_ceiling
combined_agcov_ge_10,3271,922,30.0,998.0,0.026510556404769185,0.04220368155514772,0.974358479144089,0.9874550862302206,0.00011167532864567428,measurement_variability_reference_not_formal_noise_ceiling
combined_agcov_ge_20,3271,922,30.0,998.0,0.026510556404769185,0.04220368155514772,0.974358479144089,0.9874550862302206,0.00011167532864567428,measurement_variability_reference_not_formal_noise_ceiling
combined_agcov_ge_50,3241,918,50.0,1016.0,0.02594869793273681,0.04097398848082954,0.9746032936050653,0.9882058599581292,0.00020437827830916433,measurement_variability_reference_not_formal_noise_ceiling
combined_agcov_ge_100,3070,885,100.0,1111.0,0.022787309446254074,0.034109509305785,0.978101833530354,0.9918210594347715,8.799348534202014e-05,measurement_variability_reference_not_formal_noise_ceiling
combined_agcov_ge_500,2257,715,500.0,1658.0,0.016096256092157733,0.0221895956022343,0.9886298188224267,0.9965798246894618,-0.0006811032343819223,measurement_variability_reference_not_formal_noise_ceiling
combined_agcov_ge_1000,1634,577,1000.0,2276.5,0.01331546511627907,0.018042557485006255,0.991730750914245,0.9976969770829524,-0.0005692350061199513,measurement_variability_reference_not_formal_noise_ceiling
