metric,group,n_nonmissing,mean,median,sd,standardized_mean_difference_valid_minus_insufficient
combined_ratio,insufficient_flank10,39054,0.43827704340682133,0.36046512,0.26589123373622503,-0.08451664468797257
combined_ratio,valid_flank10,25996,0.41576402574319127,0.32792998,0.26709707038020064,-0.08451664468797257
combined_agcov,insufficient_flank10,39054,293.28025298304914,177.0,838.205705994936,0.4329396514955921
combined_agcov,valid_flank10,25996,864.7878135097708,460.0,1817.9527443981474,0.4329396514955921
gc_fraction_21,insufficient_flank10,38213,0.5107897711200252,0.5238095238095238,0.12524396572441687,0.434126119907442
gc_fraction_21,valid_flank10,25996,0.5632203489181485,0.5714285714285714,0.113881762758002,0.434126119907442
transcript_position_fraction,insufficient_flank10,39054,0.431475786089261,0.40787241500000004,0.28094033159953374,0.6995488567246054
transcript_position_fraction,valid_flank10,25996,0.6205131336309432,0.666905905,0.25328309166582896,0.6995488567246054
isoform_count,insufficient_flank10,39054,2.586009115583551,2.0,2.183879287528846,0.3833613878638613
isoform_count,valid_flank10,25996,3.5043468225880905,3.0,2.6821954244648363,0.3833613878638613
