ratio_quartile,relative_position,mean_reactivity,ci95_low_pointwise,ci95_high_pointwise,valid_sites,valid_genes,quartile_sites,quartile_genes
Q1,-50,0.31513939606741576,0.30815754308640897,0.32266982836257035,5696,2830,6499,3174
Q1,-49,0.3224920357080343,0.3148253253526893,0.32915912094034183,5713,2834,6499,3174
Q1,-48,0.32341916272552107,0.31575094914507207,0.33109143002998753,5709,2829,6499,3174
Q1,-47,0.32324127094972066,0.315662689322911,0.3302841356689564,5728,2841,6499,3174
Q1,-46,0.324387079923385,0.3169561632879686,0.33110642240689214,5743,2845,6499,3174
Q1,-45,0.327481726418378,0.32036968347337974,0.33445011968480853,5746,2842,6499,3174
Q1,-44,0.31849357192494787,0.3117821764441051,0.3262122805110126,5756,2844,6499,3174
Q1,-43,0.3223591744710371,0.3154945201212893,0.32956562163836417,5766,2849,6499,3174
Q1,-42,0.32926799307958476,0.32188698003911254,0.33628214414107804,5780,2858,6499,3174
Q1,-41,0.3337573402417962,0.3259871970142905,0.34122724652150227,5790,2861,6499,3174
Q1,-40,0.3395722891566265,0.3319608819864588,0.3469071847090658,5810,2871,6499,3174
Q1,-39,0.32667909293935754,0.31916373136595994,0.33414975617802345,5821,2875,6499,3174
Q1,-38,0.32013852220126865,0.3122242818884911,0.32662837111704796,5833,2880,6499,3174
Q1,-37,0.3294498631074606,0.3222534408570457,0.336058334300846,5844,2888,6499,3174
Q1,-36,0.33183734836835815,0.32307434678191455,0.33836030453491944,5853,2891,6499,3174
Q1,-35,0.3230499403442986,0.3160148038051676,0.33040781097288396,5867,2898,6499,3174
Q1,-34,0.33199881053525915,0.3241144503299529,0.3394366203854827,5885,2908,6499,3174
Q1,-33,0.33067185912631225,0.322750172663494,0.33877104769975597,5906,2919,6499,3174
Q1,-32,0.32184560810810814,0.3143206788272697,0.3292726515891395,5920,2926,6499,3174
Q1,-31,0.3248751052011446,0.317499914986352,0.3319847207606017,5941,2934,6499,3174
Q1,-30,0.3237735817388386,0.3163029674770066,0.3314615020063777,5958,2943,6499,3174
Q1,-29,0.3161887866108787,0.3088703621169391,0.32382760237756514,5975,2952,6499,3174
Q1,-28,0.32513790228447553,0.31801690018924234,0.3326524957141721,5997,2960,6499,3174
Q1,-27,0.32285403158769743,0.3150247446954702,0.3315214171475663,6015,2970,6499,3174
Q1,-26,0.3161692919913779,0.3093374972106482,0.32333953693007816,6031,2979,6499,3174
Q1,-25,0.328587193911317,0.3207752465789089,0.33599788713444145,6044,2984,6499,3174
Q1,-24,0.31927890483259114,0.3119275436953807,0.3256015984764879,6063,2986,6499,3174
Q1,-23,0.3112801709963828,0.30295049739199376,0.3184768255927634,6082,2992,6499,3174
Q1,-22,0.3154491302920906,0.3083344840331431,0.3221814235664235,6094,2999,6499,3174
Q1,-21,0.313002451781628,0.3067360714679261,0.3200685687511031,6118,3012,6499,3174
Q1,-20,0.2988290138549307,0.29183902014037055,0.306105001972607,6135,3020,6499,3174
Q1,-19,0.30677357571822755,0.29988006087768715,0.31357550434967707,6161,3032,6499,3174
Q1,-18,0.30737627283012764,0.30017120112791695,0.31429012275477636,6187,3042,6499,3174
Q1,-17,0.3053250120792398,0.2985372776794253,0.3119021369998106,6209,3052,6499,3174
Q1,-16,0.31878712473912346,0.31181014152289904,0.32666286813660744,6229,3060,6499,3174
Q1,-15,0.313154990403071,0.3065542346759762,0.32049706604954153,6252,3069,6499,3174
Q1,-14,0.2958247931253979,0.28961289831352766,0.302695745793758,6284,3082,6499,3174
Q1,-13,0.3043323282018727,0.297992516286735,0.3119169556064707,6301,3092,6499,3174
Q1,-12,0.3065977883096367,0.2999135744413748,0.31387779949867795,6330,3103,6499,3174
Q1,-11,0.298509028104883,0.2918626430133768,0.30526200823833805,6369,3120,6499,3174
Q1,-10,0.30485437196934145,0.2980813086252391,0.311900130387275,6393,3131,6499,3174
Q1,-9,0.30353987253225556,0.29637399398490094,0.3110776483446371,6433,3148,6499,3174
Q1,-8,0.30563637770897834,0.29886930238822706,0.31297932927527344,6460,3157,6499,3174
Q1,-7,0.3166587093793316,0.3098633728705791,0.32346794040817,6493,3173,6499,3174
Q1,-6,0.31718950123152706,0.3102100251840374,0.32511898619618346,6496,3172,6499,3174
Q1,-5,0.3266409545804465,0.31993640520500727,0.33273682994857035,6495,3171,6499,3174
Q1,-4,0.340404934464148,0.3336152150200539,0.34750023573031713,6485,3169,6499,3174
Q1,-3,0.31560905858710775,0.3085955901501356,0.3230895153425078,6469,3162,6499,3174
Q1,-2,0.338224470879036,0.33041006524070377,0.34559174490168765,6473,3164,6499,3174
Q1,-1,0.4247503088326127,0.41746746216542147,0.43282589857854026,6476,3164,6499,3174
Q1,0,0.43523286399504874,0.4277389183221583,0.44338476512528713,6463,3161,6499,3174
Q1,1,0.303556190182155,0.2973579355018463,0.3110812302046055,6478,3164,6499,3174
Q1,2,0.3507953387868498,0.3438540313972815,0.3580357963107721,6479,3164,6499,3174
Q1,3,0.3389936767427514,0.33170885040308423,0.34619995407294,6484,3167,6499,3174
Q1,4,0.33983264049268663,0.3328372483788102,0.3467741555919415,6495,3174,6499,3174
Q1,5,0.32902263976590174,0.32251453982903555,0.33614098813072935,6493,3172,6499,3174
Q1,6,0.3209323783117683,0.31385206074241456,0.32780853910001717,6492,3172,6499,3174
Q1,7,0.3041015408320493,0.2974350946723511,0.3115154168995196,6490,3170,6499,3174
Q1,8,0.3087304065543361,0.30179465098220876,0.31683699411984767,6469,3158,6499,3174
Q1,9,0.30519723559558937,0.2988007075223558,0.3120716639161182,6439,3142,6499,3174
Q1,10,0.29800920006237325,0.2910941619729258,0.30496946118376955,6413,3135,6499,3174
Q1,11,0.30756212739253214,0.3008910721006778,0.3140254354953593,6374,3118,6499,3174
Q1,12,0.3048833175654368,0.29786282808955966,0.31150721053790925,6342,3105,6499,3174
Q1,13,0.30440564094438277,0.2970650528130018,0.3117462600856375,6311,3097,6499,3174
Q1,14,0.3123437798281896,0.3055290166807331,0.31888577573154336,6286,3087,6499,3174
Q1,15,0.30113362068965516,0.29382687373197136,0.30857841674876835,6264,3079,6499,3174
Q1,16,0.2998389369196286,0.293348357942487,0.30700828476181813,6246,3069,6499,3174
Q1,17,0.31102378656380586,0.30454261486540624,0.3187568635220859,6222,3059,6499,3174
Q1,18,0.3060053234392644,0.2992560521833332,0.3133769287621056,6199,3047,6499,3174
Q1,19,0.2971915237787124,0.2905590051410854,0.3049361839353445,6182,3037,6499,3174
Q1,20,0.303088961038961,0.2966868387686483,0.30999878634599315,6160,3027,6499,3174
Q1,21,0.3015622044676341,0.2945077653638991,0.30864516633064365,6133,3013,6499,3174
Q1,22,0.2995354163258629,0.29221731246696564,0.3060627801804748,6113,3001,6499,3174
Q1,23,0.30625045133760054,0.29922935249771,0.3126683687575919,6093,2987,6499,3174
Q1,24,0.3092566853747111,0.30228430305333415,0.3162374255164523,6058,2970,6499,3174
Q1,25,0.30188209029270713,0.29502839955490473,0.3091481766519654,6047,2969,6499,3174
Q1,26,0.3096778846153846,0.3026686123576114,0.3165786060317042,6032,2967,6499,3174
Q1,27,0.3109855481727574,0.30430337747294206,0.317839907872232,6020,2958,6499,3174
Q1,28,0.30106822351959966,0.29390475171819447,0.3075290827091051,5995,2948,6499,3174
Q1,29,0.30458049432197726,0.2973602872639487,0.31182000077588645,5988,2946,6499,3174
Q1,30,0.3036500083850411,0.2963083661770209,0.31123838830230516,5963,2931,6499,3174
Q1,31,0.30195805369127515,0.2943604310366042,0.30942170297119953,5960,2927,6499,3174
Q1,32,0.30253671269787813,0.2949114667466379,0.31015408510504,5938,2914,6499,3174
Q1,33,0.30367612772427777,0.29727035965510457,0.3116864321127323,5919,2905,6499,3174
Q1,34,0.2969675501189263,0.28989578005342437,0.3043309611806614,5886,2895,6499,3174
Q1,35,0.3008301309301139,0.2938790091521489,0.30861028881294245,5881,2890,6499,3174
Q1,36,0.3039153754469607,0.296398979046357,0.3116980587177695,5873,2888,6499,3174
Q1,37,0.29686052855924977,0.2898847279790819,0.3046262464740557,5865,2889,6499,3174
Q1,38,0.30147201365187715,0.2936971824460915,0.30917162479754634,5860,2886,6499,3174
Q1,39,0.3021006849315069,0.2958079764086366,0.30955650952808317,5840,2883,6499,3174
Q1,40,0.2899537592053434,0.2837462091610678,0.29736312124690095,5839,2884,6499,3174
Q1,41,0.295264231824417,0.28898851545719767,0.30250087002423043,5832,2878,6499,3174
Q1,42,0.2958363166953528,0.2893413637905045,0.30342598577716945,5810,2871,6499,3174
Q1,43,0.2893699102829538,0.28291518962388174,0.29711341447384987,5796,2866,6499,3174
Q1,44,0.30036781212225866,0.2933939355243739,0.3074992533874837,5791,2864,6499,3174
Q1,45,0.30671448347464964,0.2988562595545058,0.3149584753435368,5779,2858,6499,3174
Q1,46,0.30303630993745656,0.2963274926961791,0.31030226343171513,5756,2846,6499,3174
Q1,47,0.3162389750740805,0.3097495850636924,0.32355474007748025,5737,2837,6499,3174
Q1,48,0.31158102215245076,0.30465882129280963,0.31940719801231915,5733,2836,6499,3174
Q1,49,0.3072195249738037,0.3004927383013951,0.3146511745351702,5726,2832,6499,3174
Q1,50,0.30967104341736695,0.3027583915418179,0.31656549894026287,5712,2820,6499,3174
Q2,-50,0.31823200278891406,0.31019993198580165,0.32507410004614157,5737,2711,6499,3050
Q2,-49,0.32307321739130435,0.3157653305346798,0.33061285564349413,5750,2719,6499,3050
Q2,-48,0.32245747086449816,0.3145709160030637,0.33001168658831187,5749,2723,6499,3050
Q2,-47,0.32388778877887786,0.31524302521834785,0.3312519369565357,5757,2729,6499,3050
Q2,-46,0.3266251085257857,0.3188546983951481,0.33339241324296737,5759,2732,6499,3050
Q2,-45,0.33131197916666666,0.32341421712540236,0.3387044633783375,5760,2735,6499,3050
Q2,-44,0.3274459646692068,0.3199027394829448,0.3340971723808327,5774,2736,6499,3050
Q2,-43,0.32334711887869877,0.31546871782463703,0.3309299579297642,5779,2739,6499,3050
Q2,-42,0.3222179021945741,0.3145261495880687,0.33035613166267724,5787,2739,6499,3050
Q2,-41,0.3135449060506809,0.3061636062646362,0.3208993711517854,5801,2749,6499,3050
Q2,-40,0.32209691326090706,0.3136743368282532,0.3301497773339644,5799,2750,6499,3050
Q2,-39,0.32163481404958677,0.31342727756189137,0.32886065531866965,5808,2754,6499,3050
Q2,-38,0.31709738921332875,0.3092098914951061,0.3247617768115124,5822,2759,6499,3050
Q2,-37,0.32534580401578855,0.317778513007242,0.3337485861980371,5827,2760,6499,3050
Q2,-36,0.32002191780821915,0.31326739847833374,0.32777532244234175,5840,2766,6499,3050
Q2,-35,0.319453442678968,0.31199282253222727,0.3268068899081566,5853,2769,6499,3050
Q2,-34,0.3226945107398568,0.3156893430575056,0.33013890647590505,5866,2775,6499,3050
Q2,-33,0.32594624021776114,0.3191845679213613,0.3336145081668795,5878,2783,6499,3050
Q2,-32,0.32368621800305136,0.31689812120458305,0.33161701779549113,5899,2794,6499,3050
Q2,-31,0.3260516717325228,0.3190167002188499,0.33415126971178466,5922,2806,6499,3050
Q2,-30,0.32374598885323425,0.3166175159249525,0.3312661949603368,5921,2811,6499,3050
Q2,-29,0.3210805854643338,0.3144425386604096,0.3292268706723886,5944,2812,6499,3050
Q2,-28,0.32222201742627343,0.3151754708200325,0.3298990991943915,5968,2824,6499,3050
Q2,-27,0.31809499916373973,0.31098063998996284,0.32559685718655673,5979,2830,6499,3050
Q2,-26,0.31457183333333333,0.3074684244825991,0.32119279399899436,6000,2833,6499,3050
Q2,-25,0.31678512122218533,0.3092912297519055,0.32338159893880464,6022,2842,6499,3050
Q2,-24,0.31305952578345214,0.3060621134317575,0.3200380542333441,6031,2845,6499,3050
Q2,-23,0.30457556695911275,0.2972827564709711,0.3117064973596674,6041,2854,6499,3050
Q2,-22,0.3051934312592837,0.2971813188176577,0.31202254957104786,6059,2863,6499,3050
Q2,-21,0.30859568866216885,0.3018081724476441,0.31600645080035356,6077,2871,6499,3050
Q2,-20,0.2973508944690629,0.2902490917668972,0.30409523108165676,6093,2881,6499,3050
Q2,-19,0.30328150572831425,0.29643304269682047,0.31000985862978264,6110,2894,6499,3050
Q2,-18,0.30780589480540627,0.30099909085848425,0.31499833642333547,6141,2906,6499,3050
Q2,-17,0.3021482982171799,0.29501566891959824,0.3095232606976428,6170,2920,6499,3050
Q2,-16,0.31488664621346685,0.30815915876177175,0.32210935567981774,6193,2929,6499,3050
Q2,-15,0.30708354797166776,0.29951180653457465,0.31401105916879013,6212,2938,6499,3050
Q2,-14,0.294795996797438,0.2879217699680941,0.3016436061696969,6245,2955,6499,3050
Q2,-13,0.3059401436552275,0.2985439454910897,0.31276261940180283,6265,2962,6499,3050
Q2,-12,0.30811190476190475,0.3003775411247098,0.31624635691127245,6300,2974,6499,3050
Q2,-11,0.30859545597980437,0.30238280659171185,0.31614538416347093,6338,2986,6499,3050
Q2,-10,0.30437967326421617,0.2973399563719673,0.3109282627717767,6366,2999,6499,3050
Q2,-9,0.298996254681648,0.2919745183651419,0.3061211411245869,6408,3016,6499,3050
Q2,-8,0.3046894679695982,0.2973582475665298,0.31156325768109483,6447,3034,6499,3050
Q2,-7,0.3169182448036951,0.3091284247560295,0.3243939473728958,6495,3048,6499,3050
Q2,-6,0.32170427955665026,0.31481323678915407,0.3282916645863773,6496,3050,6499,3050
Q2,-5,0.327891063174114,0.32064327690448624,0.3348156665900537,6490,3049,6499,3050
Q2,-4,0.34304936747917303,0.3352878000434891,0.3499975822694998,6482,3044,6499,3050
Q2,-3,0.30829486386138616,0.301325683839942,0.3159120059820891,6464,3038,6499,3050
Q2,-2,0.3358164527601671,0.32877960546715623,0.3430371951289912,6467,3040,6499,3050
Q2,-1,0.4145566198053453,0.40762208728710614,0.42166059444022874,6473,3043,6499,3050
Q2,0,0.4356668728734921,0.4284442240472812,0.4433076147839567,6466,3041,6499,3050
Q2,1,0.3045640827671402,0.2983680816092874,0.3115649634024765,6476,3044,6499,3050
Q2,2,0.35565833333333335,0.3481592416192095,0.3628635841446174,6480,3045,6499,3050
Q2,3,0.34654419250347057,0.340083775144541,0.3536933682515222,6483,3042,6499,3050
Q2,4,0.34632208352596705,0.3386599636972776,0.35336545293996113,6489,3044,6499,3050
Q2,5,0.3284162170494836,0.32124920892121545,0.33604846440381597,6487,3044,6499,3050
Q2,6,0.31603051787916153,0.30912420058790363,0.32327911075119575,6488,3044,6499,3050
Q2,7,0.30237110699969166,0.29572615201625624,0.30923269433170963,6486,3045,6499,3050
Q2,8,0.3060865384615385,0.29903567899812883,0.31327401838802166,6448,3028,6499,3050
Q2,9,0.30730248166068364,0.29982437134154,0.31521396530307044,6407,3019,6499,3050
Q2,10,0.2982355157795572,0.2905966228555335,0.3050040412924762,6369,3004,6499,3050
Q2,11,0.31109552427645104,0.30404059189021543,0.3186041500802911,6323,2988,6499,3050
Q2,12,0.30883274928321125,0.3019435699049865,0.3157227330094025,6278,2969,6499,3050
Q2,13,0.29713984000000004,0.29014159596021283,0.3036405187710832,6250,2958,6499,3050
Q2,14,0.29843722943722945,0.291485562617172,0.3053006211773499,6237,2950,6499,3050
Q2,15,0.2995462739417351,0.29264852936986013,0.30691991805686564,6213,2931,6499,3050
Q2,16,0.296442254886125,0.2891466706858956,0.3037249902497063,6191,2921,6499,3050
Q2,17,0.29767654680919986,0.29030061229480936,0.3046717592908002,6174,2917,6499,3050
Q2,18,0.3027786818551668,0.2957627131730864,0.3100114676618255,6145,2905,6499,3050
Q2,19,0.30005573716900946,0.29258775280844374,0.3076037838837349,6118,2891,6499,3050
Q2,20,0.3023247667376003,0.2947878438845488,0.30997331107819004,6109,2884,6499,3050
Q2,21,0.2989960597603021,0.29179201696027374,0.3064523443432385,6091,2879,6499,3050
Q2,22,0.29906391039367486,0.292195083472209,0.30629924858171226,6071,2873,6499,3050
Q2,23,0.30425016545334216,0.2975232059430858,0.31143349107555457,6044,2863,6499,3050
Q2,24,0.3005967474278128,0.2937536120694413,0.30801514475531716,6026,2860,6499,3050
Q2,25,0.30075525175058354,0.29371687223389065,0.308740249873977,5998,2847,6499,3050
Q2,26,0.3088145107238606,0.30240210927245637,0.31569581492945414,5968,2841,6499,3050
Q2,27,0.3040808947191389,0.29709704166610285,0.3125118933568145,5946,2836,6499,3050
Q2,28,0.29914208663408054,0.2924008212054498,0.30608522405983996,5933,2835,6499,3050
Q2,29,0.30025608519269775,0.2936526952139542,0.30837987184962334,5916,2832,6499,3050
Q2,30,0.29907284431644926,0.29210652115176605,0.3064850298473249,5903,2819,6499,3050
Q2,31,0.29463823279524215,0.2871176545454873,0.3014490099770966,5885,2811,6499,3050
Q2,32,0.30269555593393493,0.2954854956687512,0.30971491546994595,5873,2801,6499,3050
Q2,33,0.306036797274276,0.2982173601544164,0.3138943485116984,5870,2805,6499,3050
Q2,34,0.3003665127415769,0.29350319764321636,0.30751832999771067,5847,2795,6499,3050
Q2,35,0.3073567020911896,0.30076478757068176,0.3147569020219678,5834,2790,6499,3050
Q2,36,0.31021401580212987,0.3027610542315247,0.31703515279331806,5822,2785,6499,3050
Q2,37,0.30153915143152815,0.29390805319923036,0.30829992832539316,5798,2773,6499,3050
Q2,38,0.3039709643968199,0.2966049641061537,0.31182122848368543,5786,2773,6499,3050
Q2,39,0.2995065766701281,0.29303147924729395,0.30741740485332986,5778,2762,6499,3050
Q2,40,0.2985470618824753,0.2911029207297209,0.3060507295585293,5769,2756,6499,3050
Q2,41,0.30754809532092536,0.2992683366442963,0.3149196908204451,5749,2746,6499,3050
Q2,42,0.3018526334147192,0.2945194727442057,0.3088578389307709,5734,2738,6499,3050
Q2,43,0.3026889509513004,0.29543869970006315,0.31052617016646794,5729,2732,6499,3050
Q2,44,0.3057437915355019,0.29854707679062875,0.31357849095572143,5718,2727,6499,3050
Q2,45,0.3031703690746895,0.2954641059155589,0.3112957914213298,5717,2725,6499,3050
Q2,46,0.29579540673211785,0.287982910796256,0.3028377674806423,5704,2717,6499,3050
Q2,47,0.2965102830022851,0.2880246462460556,0.3053650367139685,5689,2713,6499,3050
Q2,48,0.29881311706629055,0.2915041985670524,0.3067530430001084,5672,2710,6499,3050
Q2,49,0.2954438549955791,0.2878299476204581,0.30283219319129817,5655,2706,6499,3050
Q2,50,0.30012533191715346,0.2925488965664213,0.3070063196156794,5649,2703,6499,3050
Q3,-50,0.31044164364640886,0.3029237768859359,0.31750801731121675,5792,2582,6499,2874
Q3,-49,0.32122293213607317,0.31385958372695405,0.32824467602851526,5791,2583,6499,2874
Q3,-48,0.32257575236457436,0.315522609435682,0.32974614758769155,5815,2595,6499,2874
Q3,-47,0.31744843588862154,0.3105209027384123,0.324925280073171,5818,2600,6499,2874
Q3,-46,0.3245570815450644,0.3174178651160482,0.33181436570700146,5825,2601,6499,2874
Q3,-45,0.32478601948384894,0.3173816787261153,0.33270661256906114,5851,2613,6499,2874
Q3,-44,0.3214493692465053,0.3147905724643827,0.3289230439420086,5866,2620,6499,2874
Q3,-43,0.32331477698331634,0.3160634335961913,0.3314502135408012,5874,2625,6499,2874
Q3,-42,0.32346855880353503,0.31557334036675483,0.33086633795581716,5884,2632,6499,2874
Q3,-41,0.3204525547445255,0.31265565301170395,0.3268682579796859,5891,2637,6499,2874
Q3,-40,0.3336188378790445,0.32593720275923244,0.3414073058269006,5903,2640,6499,2874
Q3,-39,0.33074669827294273,0.32270913972929804,0.33863119767025246,5906,2651,6499,2874
Q3,-38,0.3207413734776725,0.3127911464082355,0.3276333534105571,5912,2652,6499,2874
Q3,-37,0.3230204633857602,0.31567758544200275,0.33027223992711036,5913,2655,6499,2874
Q3,-36,0.3217765777927776,0.3138306030984237,0.3282533308473173,5926,2660,6499,2874
Q3,-35,0.3187556827748779,0.31144975025526395,0.3262849576600939,5939,2662,6499,2874
Q3,-34,0.3241621212121212,0.3173842479291213,0.3319860713930736,5940,2664,6499,2874
Q3,-33,0.325810298557531,0.3183852206314736,0.332906644569092,5962,2670,6499,2874
Q3,-32,0.3153794545758742,0.3077515091737368,0.3225577072045714,5977,2670,6499,2874
Q3,-31,0.3252129506008011,0.31776432797031906,0.33241282428924124,5992,2678,6499,2874
Q3,-30,0.3203878231859883,0.3129084383518915,0.32771777440265215,5995,2676,6499,2874
Q3,-29,0.3096387965425532,0.3019787150288362,0.31663069172862773,6016,2689,6499,2874
Q3,-28,0.31473683338853925,0.30813291464054754,0.3219390241462255,6038,2688,6499,2874
Q3,-27,0.3152320779649818,0.3073161758165007,0.321900046663532,6054,2698,6499,2874
Q3,-26,0.31050386449597106,0.3031243707021269,0.3173269008838506,6081,2709,6499,2874
Q3,-25,0.3077047431478746,0.30034033000453064,0.31460894748682744,6093,2715,6499,2874
Q3,-24,0.30610021287047645,0.2984804937244294,0.3126386955567493,6107,2719,6499,2874
Q3,-23,0.3021549502528136,0.2951378651929114,0.3088004560804234,6131,2729,6499,2874
Q3,-22,0.31594985346792576,0.3090144536630683,0.32365122171759464,6142,2733,6499,2874
Q3,-21,0.31300991386315613,0.305351369458209,0.3197238617164466,6153,2734,6499,2874
Q3,-20,0.302699449125081,0.29557580331526345,0.30879929601690786,6172,2739,6499,2874
Q3,-19,0.30510890289222814,0.2982975573367453,0.3113068488990319,6189,2748,6499,2874
Q3,-18,0.31081649451258875,0.3036325139799825,0.3182103738478768,6196,2752,6499,2874
Q3,-17,0.30513637825667417,0.29801368825136876,0.3124207404767326,6218,2768,6499,2874
Q3,-16,0.31639330342838834,0.30901781943881196,0.3229049194171771,6242,2775,6499,2874
Q3,-15,0.30495492912884214,0.2979171172204861,0.3120238721817641,6279,2786,6499,2874
Q3,-14,0.288131345177665,0.28183543422640256,0.2950597712923216,6304,2797,6499,2874
Q3,-13,0.31243395032431576,0.3058288975808843,0.31965918903539225,6321,2806,6499,2874
Q3,-12,0.3068781717888101,0.3000612049233779,0.31429745873721365,6345,2817,6499,2874
Q3,-11,0.2999683037815785,0.2934620216426083,0.30709966115343235,6373,2827,6499,2874
Q3,-10,0.29850226527105145,0.29116682579828346,0.30549928448424596,6401,2836,6499,2874
Q3,-9,0.2952161952129313,0.28810027649846603,0.3026893759046175,6434,2851,6499,2874
Q3,-8,0.2979928803590775,0.2915766017858851,0.3056168819240409,6461,2865,6499,2874
Q3,-7,0.31170343552611307,0.3049881186720416,0.318479280647304,6491,2872,6499,2874
Q3,-6,0.3104095179423995,0.3038562651998783,0.31723389730332874,6493,2872,6499,2874
Q3,-5,0.32374226327944566,0.31673719358282154,0.3302834114602186,6495,2873,6499,2874
Q3,-4,0.3390684234858992,0.3313858632338162,0.346489609785454,6489,2872,6499,2874
Q3,-3,0.30331631863882447,0.29611227355017683,0.31036398525899545,6465,2862,6499,2874
Q3,-2,0.32206628553770095,0.3143964257045055,0.32914238072767016,6472,2865,6499,2874
Q3,-1,0.4057191601049869,0.39838968123745977,0.41327059405871025,6477,2868,6499,2874
Q3,0,0.44357772621809743,0.4353429944155788,0.4514482369927476,6465,2864,6499,2874
Q3,1,0.2937227020357804,0.2879350864520691,0.2993385623387677,6484,2871,6499,2874
Q3,2,0.36224317234994596,0.3547431729061285,0.36948616399198797,6481,2867,6499,2874
Q3,3,0.34377789765721334,0.3358491393463271,0.35093961469971585,6488,2870,6499,2874
Q3,4,0.3516195099398983,0.3439834249354902,0.35906865309505576,6489,2870,6499,2874
Q3,5,0.32821321830226463,0.3211541207081555,0.33591265088550565,6491,2869,6499,2874
Q3,6,0.31592755856966703,0.3089643523094829,0.3227172020807612,6488,2870,6499,2874
Q3,7,0.3005330457556617,0.2945595480141236,0.3070200882001822,6491,2872,6499,2874
Q3,8,0.2971512565932361,0.2909464774837512,0.3038272806887979,6446,2857,6499,2874
Q3,9,0.29563531249999997,0.288807889060344,0.30260032932682157,6400,2840,6499,2874
Q3,10,0.29435197988686357,0.28759437955580697,0.301176100667065,6364,2826,6499,2874
Q3,11,0.3000679949399115,0.2927313952590725,0.30772099254896434,6324,2810,6499,2874
Q3,12,0.3010221055979644,0.294170348868245,0.3077593359320652,6288,2798,6499,2874
Q3,13,0.29503985913238356,0.2880063869583786,0.30170334877022553,6247,2785,6499,2874
Q3,14,0.30366773778920303,0.29634273901191766,0.31079097927129523,6224,2777,6499,2874
Q3,15,0.30446574238271806,0.29643521657380617,0.3120541489983464,6203,2770,6499,2874
Q3,16,0.2975559689420899,0.29098890248600523,0.3048206879075103,6182,2768,6499,2874
Q3,17,0.30630633116883116,0.2991271802617435,0.3136016213647836,6160,2758,6499,2874
Q3,18,0.29745114006514656,0.2904780187729443,0.30485008764584703,6140,2748,6499,2874
Q3,19,0.290705266601243,0.28343432444954947,0.2979836101174292,6114,2735,6499,2874
Q3,20,0.2963972445464983,0.2893607124228112,0.30372444387279834,6097,2728,6499,2874
Q3,21,0.2994870023033893,0.29145791399777465,0.3072491936883313,6078,2718,6499,2874
Q3,22,0.2912141677675033,0.28409961970757025,0.2987859904537064,6056,2706,6499,2874
Q3,23,0.2957891856029192,0.2893578777274295,0.3029657367181585,6029,2694,6499,2874
Q3,24,0.30058569051580697,0.2927671298881971,0.307182298661588,6010,2683,6499,2874
Q3,25,0.29701182151182154,0.28992015386485875,0.3044166927898726,6006,2685,6499,2874
Q3,26,0.2990718462823726,0.29225037130199877,0.3062886155999834,5985,2679,6499,2874
Q3,27,0.2964279007377599,0.28931370654819877,0.3037423747515254,5964,2670,6499,2874
Q3,28,0.2921824903377584,0.284873373110005,0.2997982628135895,5951,2667,6499,2874
Q3,29,0.30265693060948845,0.2957717137931426,0.3096893040654905,5923,2649,6499,2874
Q3,30,0.298242670733774,0.29037866284419184,0.3055642402680787,5901,2640,6499,2874
Q3,31,0.2996081403269755,0.29206629136386697,0.30684919226992113,5872,2624,6499,2874
Q3,32,0.3002115417449206,0.29335012702145163,0.30719688926146255,5857,2617,6499,2874
Q3,33,0.29902549187339605,0.2922903892319018,0.30649883642981474,5845,2613,6499,2874
Q3,34,0.2954476664378861,0.2889080599589272,0.30309383182328953,5828,2601,6499,2874
Q3,35,0.2977302790217017,0.29028080235396886,0.3059439607643908,5806,2590,6499,2874
Q3,36,0.2972611475976495,0.28924897398652366,0.3050517364904549,5786,2585,6499,2874
Q3,37,0.2970143673186775,0.28989441024695684,0.3041655687641704,5777,2578,6499,2874
Q3,38,0.30475208333333337,0.29773574938625325,0.311857681287463,5760,2571,6499,2874
Q3,39,0.3066953573291601,0.29822033727453906,0.3138015713805406,5751,2569,6499,2874
Q3,40,0.30280111556562667,0.29452417008237075,0.3099828880101442,5737,2566,6499,2874
Q3,41,0.3076582300576017,0.2997109162121819,0.3159573540084644,5729,2566,6499,2874
Q3,42,0.30614715660542435,0.2992310368446985,0.31375496370545447,5715,2561,6499,2874
Q3,43,0.3046057793345009,0.29791890393745274,0.31344974718406166,5710,2560,6499,2874
Q3,44,0.30778843120070115,0.2999302814853323,0.31527558258056776,5705,2553,6499,2874
Q3,45,0.3075363236587511,0.30110793270884456,0.31574089874554667,5685,2543,6499,2874
Q3,46,0.3026656101426307,0.29484033265203324,0.3104980494205006,5679,2546,6499,2874
Q3,47,0.2987643121366919,0.2915026798504234,0.30641470897184886,5677,2541,6499,2874
Q3,48,0.3037088183421517,0.29531445386248056,0.31131040577499136,5670,2537,6499,2874
Q3,49,0.2978048090523338,0.29055534629858903,0.3065653335939692,5656,2525,6499,2874
Q3,50,0.2973408849557522,0.2894841344351691,0.3047105953797391,5650,2525,6499,2874
Q4,-50,0.31655191912268676,0.3093715253942844,0.3234518561687243,5836,2203,6499,2442
Q4,-49,0.3246441055517478,0.31706308109395204,0.3318019081364745,5836,2202,6499,2442
Q4,-48,0.32295421151546216,0.31618645357911995,0.3299125186414015,5853,2203,6499,2442
Q4,-47,0.3199137341988384,0.3122583617167985,0.3271445678788003,5854,2206,6499,2442
Q4,-46,0.32285597409238115,0.3145749394823052,0.3297755385831209,5867,2207,6499,2442
Q4,-45,0.32077855319148935,0.31361584964867634,0.3286735645714182,5875,2208,6499,2442
Q4,-44,0.3151050305914344,0.30801855013154594,0.3222545566078017,5884,2219,6499,2442
Q4,-43,0.32017843236837645,0.31220104474837107,0.3268978874026603,5907,2230,6499,2442
Q4,-42,0.32257002540220153,0.3143286341638502,0.3301840806295292,5905,2232,6499,2442
Q4,-41,0.31511426639621365,0.3082482516765741,0.3225435656454054,5916,2235,6499,2442
Q4,-40,0.321444275838813,0.3144696071411397,0.3277714021751584,5931,2242,6499,2442
Q4,-39,0.3218990732940185,0.31468826219772544,0.3288048908791789,5935,2245,6499,2442
Q4,-38,0.3145807374978953,0.3075262698099543,0.32273296354116804,5939,2250,6499,2442
Q4,-37,0.31701463660834456,0.31015423059657365,0.3238414198170958,5944,2246,6499,2442
Q4,-36,0.31900486250838367,0.31183734173340205,0.32666667847555053,5964,2250,6499,2442
Q4,-35,0.3138169508525577,0.3067817240434856,0.321311429162529,5982,2252,6499,2442
Q4,-34,0.3151641841004184,0.30837336793330933,0.32275279416287034,5975,2253,6499,2442
Q4,-33,0.3093592394929954,0.3017773608730067,0.31614409629405177,5996,2260,6499,2442
Q4,-32,0.3079209170958631,0.30054249139860745,0.3156549445630835,6019,2270,6499,2442
Q4,-31,0.30981354806574796,0.3027629076384648,0.31750056054167364,6023,2269,6499,2442
Q4,-30,0.31060526751697864,0.3037152803319072,0.31815276117697877,6037,2278,6499,2442
Q4,-29,0.3042323466181578,0.29760573643734184,0.31188670768727805,6047,2284,6499,2442
Q4,-28,0.3107613786279683,0.30367234608902954,0.3179595718762743,6064,2290,6499,2442
Q4,-27,0.30511339697169193,0.298463677688718,0.3118584343961695,6076,2295,6499,2442
Q4,-26,0.30293269862114247,0.29569840944312265,0.31054439675534107,6092,2299,6499,2442
Q4,-25,0.3084127659574468,0.3012927756587738,0.31704900783601664,6110,2308,6499,2442
Q4,-24,0.30637236304170073,0.29942666935938933,0.31392019338809685,6115,2313,6499,2442
Q4,-23,0.2942368635106556,0.2879249864160678,0.301588937745429,6147,2325,6499,2442
Q4,-22,0.29739727139840827,0.2901575218541,0.30504563211497415,6157,2331,6499,2442
Q4,-21,0.29912816353017524,0.29232503496065626,0.3069114320157479,6164,2333,6499,2442
Q4,-20,0.2910079339378238,0.28420021871977685,0.2982621244233872,6176,2336,6499,2442
Q4,-19,0.29628645244631036,0.28905435008035735,0.3031765115879625,6193,2347,6499,2442
Q4,-18,0.2944984719317999,0.28693281976313073,0.3014188296134094,6217,2359,6499,2442
Q4,-17,0.29009020990225926,0.2824932516763467,0.29783974187712614,6241,2369,6499,2442
Q4,-16,0.31015334290729213,0.30286146064931346,0.3169819351081425,6267,2376,6499,2442
Q4,-15,0.29821785486950986,0.29164677445825293,0.3050517752235319,6284,2379,6499,2442
Q4,-14,0.28348793267704037,0.2764469433998818,0.29149517797698404,6298,2377,6499,2442
Q4,-13,0.2992624584717608,0.2925839980704369,0.3073042509191883,6321,2385,6499,2442
Q4,-12,0.30265616632540554,0.2962940229113385,0.3092897363962293,6349,2397,6499,2442
Q4,-11,0.292240534171249,0.2861153030081152,0.29957314571804944,6365,2401,6499,2442
Q4,-10,0.29047871674491393,0.2831759465832926,0.29693275786311996,6390,2410,6499,2442
Q4,-9,0.28884925326695704,0.28212385983066357,0.29587490321415144,6428,2418,6499,2442
Q4,-8,0.2961236267987003,0.2888077721053387,0.3030880180552108,6463,2432,6499,2442
Q4,-7,0.3108017560073937,0.3032150594797683,0.31784803929104993,6492,2440,6499,2442
Q4,-6,0.3215004623921085,0.3141483987006611,0.3285409885398121,6488,2440,6499,2442
Q4,-5,0.3425764905253427,0.3350576986482253,0.34912238601478773,6491,2440,6499,2442
Q4,-4,0.36251032675708994,0.35491618990638435,0.36954425780219247,6488,2438,6499,2442
Q4,-3,0.31233018283235203,0.3050543260715558,0.3192172493900112,6454,2426,6499,2442
Q4,-2,0.33115114480198016,0.3242660057970686,0.33890195303439896,6464,2431,6499,2442
Q4,-1,0.3968992116246715,0.38979685112136475,0.40458542373718925,6469,2432,6499,2442
Q4,0,0.4709814327711589,0.46289585121413124,0.47831614691288404,6463,2431,6499,2442
Q4,1,0.29770824328496454,0.29206216091080717,0.3036254356321469,6478,2439,6499,2442
Q4,2,0.3814604572134692,0.3747950282844976,0.38878980427645216,6474,2436,6499,2442
Q4,3,0.3781434521055067,0.3712265175364466,0.38539109373762465,6483,2440,6499,2442
Q4,4,0.39336635341241727,0.3869659455359567,0.4003627073934185,6491,2439,6499,2442
Q4,5,0.3466283117683302,0.33922793219060254,0.3543130022701364,6492,2441,6499,2442
Q4,6,0.3287066707749191,0.32152144319899056,0.3354133658013235,6491,2440,6499,2442
Q4,7,0.3105000770534751,0.3042131845921564,0.31741468474058376,6489,2438,6499,2442
Q4,8,0.3117639491630502,0.30469291574843477,0.31891177541275595,6452,2428,6499,2442
Q4,9,0.31055951265229614,0.3031516664441957,0.3180528101185755,6402,2413,6499,2442
Q4,10,0.30069300864100545,0.2935655077672628,0.3078120839630124,6365,2402,6499,2442
Q4,11,0.3109930566514123,0.303126028625096,0.3186197042126927,6337,2394,6499,2442
Q4,12,0.309265746469935,0.3022323843627342,0.31666236284238114,6303,2379,6499,2442
Q4,13,0.3020431391276664,0.2948150020346954,0.3095337602596005,6282,2373,6499,2442
Q4,14,0.3061529355303152,0.2983368211922322,0.31317195815214705,6251,2360,6499,2442
Q4,15,0.30079797655371765,0.2927867829091436,0.30748569481896915,6227,2348,6499,2442
Q4,16,0.29912229751532754,0.29206984723931945,0.3059577668218352,6198,2346,6499,2442
Q4,17,0.3038833252309188,0.29680028444408596,0.31139731093530715,6171,2339,6499,2442
Q4,18,0.30102784109410613,0.29380349920530024,0.3075262870863273,6142,2331,6499,2442
Q4,19,0.2930608383624205,0.28543475552543063,0.300611553342401,6131,2328,6499,2442
Q4,20,0.30013138925294885,0.29302381165367186,0.3079744965024639,6104,2320,6499,2442
Q4,21,0.3002429983525535,0.29367320392531837,0.30737439069431666,6070,2303,6499,2442
Q4,22,0.2933460458973089,0.286741498419453,0.29998568227409,6057,2297,6499,2442
Q4,23,0.30108872703194833,0.29427605336090806,0.30759191970514144,6041,2297,6499,2442
Q4,24,0.29914015591308674,0.2921951023149672,0.30661057132088443,6029,2292,6499,2442
Q4,25,0.29313016769051964,0.28608597619777293,0.299583645807343,6023,2290,6499,2442
Q4,26,0.2999078333333334,0.29282118296655274,0.30718176023402116,6000,2283,6499,2442
Q4,27,0.2997248871803443,0.2927042875575209,0.3065585128426355,5983,2278,6499,2442
Q4,28,0.2886054968996145,0.2813456361024349,0.29556116832119617,5967,2274,6499,2442
Q4,29,0.2947204228897466,0.2881634467069245,0.30141582142978945,5959,2272,6499,2442
Q4,30,0.298961480235492,0.292035062016065,0.30603093215769833,5945,2265,6499,2442
Q4,31,0.2921432664756447,0.28553008056368934,0.29910028253143744,5933,2261,6499,2442
Q4,32,0.30009654471544717,0.29327303925317494,0.306560269562206,5904,2249,6499,2442
Q4,33,0.29697079300390555,0.2891453942588857,0.30395479946364246,5889,2242,6499,2442
Q4,34,0.2962374149659864,0.2887689765487592,0.3038007507163724,5880,2237,6499,2442
Q4,35,0.3016433077578858,0.29401811596087213,0.30897367003198706,5865,2227,6499,2442
Q4,36,0.3034941015558215,0.29618739948456674,0.3111316729711614,5849,2222,6499,2442
Q4,37,0.2985735092529129,0.2915961372481887,0.30564022653139283,5836,2219,6499,2442
Q4,38,0.30184743150684934,0.2952671653659063,0.309252806167272,5840,2220,6499,2442
Q4,39,0.297745364010989,0.29024493518047534,0.30480283074871684,5824,2215,6499,2442
Q4,40,0.29023508168529666,0.2823273268858281,0.29722829318961563,5815,2204,6499,2442
Q4,41,0.29912284631288766,0.2913325963977201,0.30632644403355674,5804,2196,6499,2442
Q4,42,0.3032311818653746,0.2958557491939469,0.31082856530410347,5779,2190,6499,2442
Q4,43,0.30126286605441,0.29462103324662187,0.3078192766242138,5771,2185,6499,2442
Q4,44,0.2966103490189269,0.2888927712098884,0.3039260205341796,5759,2178,6499,2442
Q4,45,0.2983966870095902,0.290271189428478,0.3057829104158718,5735,2172,6499,2442
Q4,46,0.2965199231038098,0.2878650639235415,0.3044320796344442,5722,2166,6499,2442
Q4,47,0.30356025258726543,0.29493646134536544,0.31048333731508804,5701,2154,6499,2442
Q4,48,0.30031516962559324,0.29240255872478227,0.30751936104031136,5689,2146,6499,2442
Q4,49,0.29919292378102447,0.2908805458174864,0.30670557353202677,5681,2150,6499,2442
Q4,50,0.30290665254985005,0.2954416441533281,0.3100980768983009,5667,2146,6499,2442
