bin,sites,genes,reactivity_mean,ratio_mean,ratio_median,reactivity_min,reactivity_max
1,1300,1056,0.07411064663076923,0.39782063618461544,0.31346544,0.0,0.1133
2,1302,1061,0.1356692530184332,0.40725609925499234,0.31967291,0.11335,0.1543
3,1300,1029,0.16909281572307694,0.4080726240230769,0.32251754499999996,0.15435,0.1832
4,1300,1017,0.19472689423076925,0.4163772666692307,0.32588883999999996,0.18325,0.20545
5,1299,1043,0.21630937980754428,0.414497443156274,0.34246575,0.2055,0.22695
6,1298,1019,0.23650478093220342,0.41237319166409864,0.317759495,0.227,0.2461
7,1304,1030,0.25521484867331284,0.42497701858895703,0.34252971,0.24615,0.2641
8,1299,1012,0.27312223595842955,0.40772903959199386,0.32653061,0.26410001,0.2821
9,1297,994,0.2909830056515035,0.40845030844255975,0.32678822,0.28215,0.29975
10,1300,1004,0.30884392949999995,0.425175012076923,0.347640415,0.29977778,0.31715
11,1299,1014,0.3262296802771362,0.4159125961508853,0.32768362,0.3172,0.33520001
12,1300,1030,0.3440285896846154,0.4172911452153845,0.33162609499999995,0.33525,0.3528
13,1300,1030,0.36251077617692307,0.42804400434615386,0.34502457,0.35285,0.3728
14,1301,1034,0.38296713801691007,0.42110729234435046,0.33502538,0.37285,0.3932
15,1298,1025,0.4038902160785824,0.4221852415639445,0.33589327999999996,0.39325,0.41505001
16,1300,1041,0.42725942764615393,0.4176676312307693,0.32664266,0.4151,0.4402
17,1299,1043,0.45449778992301765,0.41673960346420325,0.32631579,0.44025,0.4697
18,1301,1026,0.48725911347425066,0.4095010917371253,0.32088452,0.46975,0.50605
19,1300,1052,0.5311936152769231,0.4261242775,0.33333333,0.50615,0.55955
20,1299,1036,0.6183545017551964,0.41794761421862975,0.31444241,0.55958823,0.82805
