dataset,role,model,predictor,is_primary_entropy_hypothesis,sites,genes,beta_raw,se_cluster,ci95_low_raw,ci95_high_raw,p_value,predictor_sd,beta_per_sd,se_per_sd,ci95_low_per_sd,ci95_high_per_sd,r_squared,p_value_bh
HEK293T,definition,unadjusted,mfe_per_nt,False,4096,1208,0.06953114008944809,0.05480784495571843,-0.03789223602376003,0.17695451620265623,0.20457134220069972,0.0789496954555507,0.005489462334739159,0.00432706266782901,-0.0029915804942057017,0.01397050516368402,0.00042563343144341736,0.33102966153806257
HEK293T,definition,unadjusted,ensemble_free_energy_per_nt,False,4096,1208,0.07451700210885165,0.0563552020507956,-0.035939193910707726,0.184973198128411,0.1860770237593644,0.07710984834997035,0.005745994732107971,0.0043455410838687866,-0.0027712657922748505,0.014263255256490793,0.0004663441790273559,0.33102966153806257
HEK293T,definition,unadjusted,ensemble_diversity,False,4096,1208,0.00030871787741885645,0.0002920985081417141,-0.00026379519853890324,0.0008812309533766161,0.2905588470722026,14.91675012027605,0.004605067435119094,0.004357160456455369,-0.0039349670595334296,0.013145101929771618,0.00029953536255844515,0.33206725379680296
HEK293T,definition,unadjusted,mean_pairing_state_entropy,True,4096,1208,0.07156153422448397,0.05280281628146414,-0.031931985687185735,0.1750550541361537,0.17533479812524289,0.08131334766454934,0.0058189079118040115,0.00429357375796202,-0.002596496653801547,0.014234312477409571,0.00047825451828631405,0.33102966153806257
HEK293T,definition,unadjusted,predicted_unpaired_mean_up10,False,4096,1208,-0.026303408998399537,0.022782269853436118,-0.07095665791113433,0.018349839914335253,0.24827224615354693,0.1793059009496808,-0.00471635644850597,0.004084995421749116,-0.012722947475134236,0.003290234578122296,0.0003141878265597864,0.33102966153806257
HEK293T,definition,unadjusted,predicted_unpaired_mean_down10,False,4096,1208,-0.010421958546276498,0.02413531452497487,-0.05772717501522724,0.036883257922674245,0.6658768492238845,0.17928140851726904,-0.0018684634076850401,0.0043270131830447965,-0.010349409246452841,0.006612482431082761,4.9311170005283955e-05,0.6658768492238845
HEK293T,definition,unadjusted,predicted_unpaired_mean_flank10,False,4096,1208,-0.03980963034863542,0.03447635786404744,-0.1073832917621684,0.02776403106489756,0.2482159144985594,0.12177320970506184,-0.0048477464647253745,0.004198296756045407,-0.013076408106574372,0.003380915177123622,0.0003319371874612731,0.33102966153806257
HEK293T,definition,unadjusted,predicted_unpaired_mean_far,False,4096,1208,0.09757926472265895,0.06467448231160809,-0.02918272060809292,0.22434125005341082,0.13135620198341855,0.06998100459713635,0.006828694973141581,0.00452598524396606,-0.002042236105031896,0.015699626051315058,0.000658645214969833,0.33102966153806257
HEK293T,definition,covariate_adjusted,mfe_per_nt,False,4096,1208,-0.40644609899444095,0.07433394840336278,-0.552140637865032,-0.2607515601238499,4.55554098988986e-08,0.0789496954555507,-0.03208879573470772,0.00586864258845411,-0.04359133520807778,-0.020586256261337667,0.16972419470182276,3.118751914066125e-07
HEK293T,definition,covariate_adjusted,ensemble_free_energy_per_nt,False,4096,1208,-0.41191750384978526,0.0766819374454727,-0.5622141012429118,-0.26162090645665875,7.796879785165312e-08,0.07710984834997035,-0.03176289625455527,0.005912932567602313,-0.04335224408705581,-0.020173548422054734,0.169532421922427,3.118751914066125e-07
HEK293T,definition,covariate_adjusted,ensemble_diversity,False,4096,1208,4.50150662430693e-05,0.0002680069831216336,-0.0004802786206753325,0.0005703087531614712,0.866612946886174,14.91675012027605,0.0006714784947955384,0.003997793197714449,-0.007164196172724783,0.00850715316231586,0.16205984159533338,0.866612946886174
HEK293T,definition,covariate_adjusted,mean_pairing_state_entropy,True,4096,1208,-0.06028653964679499,0.05089171474395629,-0.16003430054494933,0.03946122125135934,0.23617397086651626,0.08131334766454934,-0.004902100357792479,0.0041381756942203895,-0.013012924718464443,0.003208724002879485,0.1623723212772138,0.43825982831870897
HEK293T,definition,covariate_adjusted,predicted_unpaired_mean_up10,False,4096,1208,0.024483913548470564,0.02237819063043645,-0.019377340087184877,0.068345167184126,0.2739123926991931,0.1793059009496808,0.004390110177582611,0.004012541632614113,-0.003474471422341051,0.012254691777506271,0.16230185777862138,0.43825982831870897
HEK293T,definition,covariate_adjusted,predicted_unpaired_mean_down10,False,4096,1208,-0.042834559487557204,0.02263119712896223,-0.08719170586032317,0.0015225868852087598,0.058394879740204395,0.17928140851726904,-0.007679440158146005,0.004057352897712323,-0.015631851837662157,0.0002729715213701479,0.16284158695050888,0.15571967930721173
HEK293T,definition,covariate_adjusted,predicted_unpaired_mean_flank10,False,4096,1208,-0.022332490573675416,0.03447939305319017,-0.08991210095792815,0.04524711981057732,0.5171754827184107,0.12177320970506184,-0.0027194990578644934,0.004198666360769379,-0.010948885124972475,0.00550988700924349,0.1621457272989295,0.5926307292711596
HEK293T,definition,covariate_adjusted,predicted_unpaired_mean_far,False,4096,1208,-0.041871119986631344,0.06485821979876946,-0.16899323079221948,0.08525099081895679,0.5185518881122646,0.06998100459713635,-0.002930183040271696,0.004538843377899766,-0.011826316060955236,0.0059659499804118445,0.1621664753905404,0.5926307292711596
HEK293T,definition,covariate_adjusted_plus_R_flank10,mfe_per_nt,False,4096,1208,-0.36346327029382786,0.07522712385990406,-0.5109084330592398,-0.2160181075284159,1.3547726131136411e-06,0.0789496954555507,-0.028695314498976214,0.005939158518736417,-0.04033606519569959,-0.01705456380225284,0.1712143578404589,8.721890532298885e-06
HEK293T,definition,covariate_adjusted_plus_R_flank10,ensemble_free_energy_per_nt,False,4096,1208,-0.3677450825848965,0.0776499398000764,-0.5199389645930462,-0.2155512005767468,2.1804726330747213e-06,0.07710984834997035,-0.028356767549568694,0.005987575082368218,-0.040092414711010396,-0.01662112038812699,0.17105672027393837,8.721890532298885e-06
HEK293T,definition,covariate_adjusted_plus_R_flank10,ensemble_diversity,False,4096,1208,0.00010053962712789662,0.0002683188393652018,-0.0004253652980278989,0.0006264445522836922,0.7078820454043686,14.91675012027605,0.0014997244950525612,0.004002445079373204,-0.0063450678605189185,0.009344516850624042,0.1654455339345876,0.809008051890707
HEK293T,definition,covariate_adjusted_plus_R_flank10,mean_pairing_state_entropy,True,4096,1208,-0.040308618763048,0.051027145403159356,-0.14032182375324034,0.05970458622714434,0.4295601139158405,0.08131334766454934,-0.0032776287313574987,0.004149188014496608,-0.01141003723977085,0.004854779777055852,0.16555517014471122,0.6872961822653447
HEK293T,definition,covariate_adjusted_plus_R_flank10,predicted_unpaired_mean_up10,False,4096,1208,0.009614532486588789,0.022793914605316032,-0.035061540139830635,0.054290605113008206,0.6731691064410622,0.1793059009496808,0.0017239424097177775,0.004087083394476279,-0.00628674104345573,0.009734625862891283,0.165451420547452,0.809008051890707
HEK293T,definition,covariate_adjusted_plus_R_flank10,predicted_unpaired_mean_down10,False,4096,1208,-0.04618787280510399,0.02258580643951726,-0.09045605342655783,-0.0019196921836501582,0.04085530056482555,0.17928140851726904,-0.00828062689291551,0.00404921519097506,-0.016217088667226626,-0.00034416511860439227,0.1663292005597098,0.10894746817286814
HEK293T,definition,covariate_adjusted_plus_R_flank10,predicted_unpaired_mean_flank10,False,4096,1208,-0.04417062230853237,0.03493872043274209,-0.11265051435670687,0.02430926973964212,0.20614703641814203,0.12177320970506184,-0.005378798453179995,0.0042546001300828315,-0.013717814708142343,0.002960217801782354,0.16576625371820075,0.41229407283628405
HEK293T,definition,covariate_adjusted_plus_R_flank10,predicted_unpaired_mean_far,False,4096,1208,0.002790546971934982,0.06540648273754555,-0.1254061591936543,0.13098725313752427,0.9659688313439573,0.06998100459713635,0.0001952852804715069,0.004577211369138695,-0.008776049003040335,0.009166619563983349,0.16541469427379385,0.9659688313439573
HeLa,frozen_external_replication,unadjusted,mfe_per_nt,False,24960,4687,-0.15858695264080874,0.02364375090872405,-0.2049287044219079,-0.1122452008597096,1.9818821603294742e-11,0.07981856154965648,-0.01265818244033285,0.001887210187172737,-0.016357114407191415,-0.008959250473474286,0.0022320806818647565,7.927528641317897e-11
HeLa,frozen_external_replication,unadjusted,ensemble_free_energy_per_nt,False,24960,4687,-0.16348899040458068,0.024140797707013658,-0.21080495391032744,-0.11617302689883391,1.267413012524676e-11,0.07818247320766576,-0.012781973612054454,0.0018873872699402745,-0.01648125266113739,-0.009082694562971515,0.002275951590745451,7.927528641317897e-11
HeLa,frozen_external_replication,unadjusted,ensemble_diversity,False,24960,4687,6.27581956525532e-05,0.00010686742136615332,-0.00014670195022510732,0.0002722183415302137,0.5570339157586288,16.22900246577941,0.0010185029119931523,0.0017343516448627893,-0.0023808263119379147,0.004417832135924219,1.4450794902698405e-05,0.5570339157586288
HeLa,frozen_external_replication,unadjusted,mean_pairing_state_entropy,True,24960,4687,-0.03554083858365921,0.02142164396043352,-0.07752726074610891,0.0064455835787904925,0.09709386489449809,0.08122084883857818,-0.0028866570781996915,0.0017398841059842122,-0.006296829925928747,0.0005235157695293644,0.00011608004735985666,0.12557135603559558
HeLa,frozen_external_replication,unadjusted,predicted_unpaired_mean_up10,False,24960,4687,-0.025607653503876837,0.009727156873654753,-0.044672880976240156,-0.0065424260315135215,0.008473560527707081,0.17423195582649526,-0.0044616715541076655,0.0016947815667280046,-0.0077834434248945554,-0.0011398996833207765,0.0002773079882661955,0.01355769684433133
HeLa,frozen_external_replication,unadjusted,predicted_unpaired_mean_down10,False,24960,4687,-0.01501396628073778,0.009391033288100146,-0.03342039152541407,0.0033924589639385064,0.10987493653114613,0.1789578376159068,-0.002686866939638972,0.0016805990102174014,-0.0059808409996650784,0.0006071071203871347,0.00010056792891455224,0.12557135603559558
HeLa,frozen_external_replication,unadjusted,predicted_unpaired_mean_flank10,False,24960,4687,-0.043783526364823015,0.014084157951976298,-0.07138847595069656,-0.01617857677894947,0.0018790769528226363,0.1198684143170422,-0.005248261878559746,0.0016882456806941596,-0.008557223412720298,-0.0019393003443991933,0.00038370563922962564,0.0037581539056452725
HeLa,frozen_external_replication,unadjusted,predicted_unpaired_mean_far,False,24960,4687,-0.11118529383858085,0.024765109280929926,-0.1597249080292035,-0.0626456796479582,7.135894692589844e-06,0.06994640530011571,-0.007777011626245834,0.0017322303710655819,-0.011172183153534375,-0.004381840098957294,0.0008425441811411583,1.9029052513572917e-05
HeLa,frozen_external_replication,covariate_adjusted,mfe_per_nt,False,24960,4687,-0.31566971874741706,0.027157497205567243,-0.36889841327032885,-0.26244102422450527,3.1243006417066497e-31,0.07981856154965648,-0.02519630287520346,0.0021676723622371928,-0.02944494070518836,-0.020947665045218562,0.15995659023114628,1.2497202566826599e-30
HeLa,frozen_external_replication,covariate_adjusted,ensemble_free_energy_per_nt,False,24960,4687,-0.3243984133293284,0.0276812802728118,-0.3786537226640395,-0.2701431039946173,1.018026428470295e-31,0.07818247320766576,-0.025362270258729502,0.0021641909532829954,-0.029604084527164173,-0.021120455990294832,0.16003998799386088,8.14421142776236e-31
HeLa,frozen_external_replication,covariate_adjusted,ensemble_diversity,False,24960,4687,2.8461254536645305e-05,0.00010093670804255202,-0.00016937469322675665,0.00022629720230004727,0.7779655189029114,16.22900246577941,0.00046189777005439206,0.0016381020837102332,-0.0027487823140176647,0.003672577854126449,0.15395520892904146,0.7779655189029114
HeLa,frozen_external_replication,covariate_adjusted,mean_pairing_state_entropy,True,24960,4687,-0.056959025730776644,0.020534036743287735,-0.0972057377476206,-0.016712313713932683,0.005539151026985223,0.08122084883857818,-0.004626260418872095,0.0016677918943723833,-0.007895132531841965,-0.0013573883059022234,0.15423968201697824,0.008862641643176357
HeLa,frozen_external_replication,covariate_adjusted,predicted_unpaired_mean_up10,False,24960,4687,0.030285877973166904,0.009489563221538743,0.011686334058950969,0.04888542188738284,0.0014153936623748857,0.17423195582649526,0.005276767753187442,0.0016533851600278723,0.002036132839532812,0.008517402666842071,0.15430269839507282,0.0028307873247497713
HeLa,frozen_external_replication,covariate_adjusted,predicted_unpaired_mean_down10,False,24960,4687,-0.014670888342886167,0.009064214813262146,-0.03243674937687997,0.003094972691107638,0.10554403841715648,0.1789578376159068,-0.0026254704537473227,0.001622112282667464,-0.005804810527775552,0.0005538696202809067,0.15404422432130804,0.14072538455620864
HeLa,frozen_external_replication,covariate_adjusted,predicted_unpaired_mean_flank10,False,24960,4687,0.0150071514544256,0.014052005271965717,-0.012534778878627204,0.042549081787478404,0.28553303701790533,0.1198684143170422,0.0017988834482576903,0.001684391589925248,-0.0015025240679957953,0.005100290964511176,0.15399202554957137,0.3263234708776061
HeLa,frozen_external_replication,covariate_adjusted,predicted_unpaired_mean_far,False,24960,4687,-0.13858555505284112,0.023761420659102354,-0.18515793954468174,-0.0920131705610005,5.464339772249104e-09,0.06994640530011571,-0.009693561402467524,0.0016620259599281159,-0.012951132283926631,-0.006435990521008417,0.15522300601025396,1.4571572725997611e-08
HeLa,frozen_external_replication,covariate_adjusted_plus_R_flank10,mfe_per_nt,False,24960,4687,-0.30866536162075164,0.02716550954464332,-0.36190976032825256,-0.2554209629132507,6.435270622599078e-30,0.07981856154965648,-0.02463722516477294,0.0021683118956168936,-0.028887116480182055,-0.02038733384936383,0.16053711110249935,2.574108249039631e-29
HeLa,frozen_external_replication,covariate_adjusted_plus_R_flank10,ensemble_free_energy_per_nt,False,24960,4687,-0.31731880237686017,0.027690018345929962,-0.3715912383348829,-0.26304636641883744,2.1028567524201962e-30,0.07818247320766576,-0.024808768765117457,0.002164874117450443,-0.029051922035320324,-0.020565615494914587,0.1606213766783342,1.682285401936157e-29
HeLa,frozen_external_replication,covariate_adjusted_plus_R_flank10,ensemble_diversity,False,24960,4687,2.1043208371112338e-05,0.00010081585378518871,-0.00017655586504785752,0.00021864228179008222,0.834659675915112,16.22900246577941,0.00034151028054269205,0.001636140739669484,-0.002865325569209496,0.0035483461302948808,0.15482697411470037,0.834659675915112
HeLa,frozen_external_replication,covariate_adjusted_plus_R_flank10,mean_pairing_state_entropy,True,24960,4687,-0.056597920332522915,0.020530229989217018,-0.09683717111138826,-0.016358669553657564,0.005836845627873038,0.08122084883857818,-0.004596931131905734,0.00166748270657544,-0.007865197236793596,-0.001328665027017872,0.15510915566700667,0.011673691255746075
HeLa,frozen_external_replication,covariate_adjusted_plus_R_flank10,predicted_unpaired_mean_up10,False,24960,4687,0.022426792655238496,0.009639797408281425,0.003532789735006904,0.04132079557547009,0.01999297599792789,0.17423195582649526,0.003907463947237482,0.0016795607562160525,0.0006155248650540188,0.007199403029420945,0.15501133014491042,0.03198876159668462
HeLa,frozen_external_replication,covariate_adjusted_plus_R_flank10,predicted_unpaired_mean_down10,False,24960,4687,-0.015438019757380586,0.00907114563538869,-0.03321746520274242,0.002341425687981246,0.08877748487889559,0.1789578376159068,-0.002762754632852476,0.0016233526076081311,-0.005944525743764413,0.0004190164780594607,0.15492717662941247,0.11836997983852744
HeLa,frozen_external_replication,covariate_adjusted_plus_R_flank10,predicted_unpaired_mean_flank10,False,24960,4687,0.00490671604642586,0.014241524389832345,-0.023006671757645536,0.03282010385049726,0.7304433223199225,0.1198684143170422,0.0005881602719890542,0.0017071089460666852,-0.0027577732623016485,0.003934093806279758,0.15482951607828688,0.834659675915112
HeLa,frozen_external_replication,covariate_adjusted_plus_R_flank10,predicted_unpaired_mean_far,False,24960,4687,-0.1275686280987646,0.023820829735337355,-0.17425745438002582,-0.08087980181750337,8.539596642550482e-08,0.06994640530011571,-0.008922966964575918,0.0016661814112529547,-0.01218868253063171,-0.005657251398520126,0.1558892835828386,2.2772257713467952e-07
