model,learner,parameters,fold,mae,rmse,spearman,r2
M0,Ridge,"{""alpha"": 10.0}",1,0.2043378842217188,0.2460776027835102,0.38515659935367114,0.13245214993000054
M0,Ridge,"{""alpha"": 10.0}",2,0.20279813627729715,0.2426180772987775,0.3861953082488687,0.16300816510780036
M0,Ridge,"{""alpha"": 10.0}",3,0.20597219455903243,0.2506736641979539,0.3392433714467663,0.12955971596075466
M0,Ridge,"{""alpha"": 10.0}",mean,0.2043694050193495,0.24645644809341385,0.3701984263497688,0.1416733436661852
M0,Ridge,"{""alpha"": 100.0}",1,0.20735194242222044,0.24690949094029324,0.3749499176982,0.12657658331743615
M0,Ridge,"{""alpha"": 100.0}",2,0.20665040723918854,0.24504908528880978,0.3848874243877486,0.14615098964854678
M0,Ridge,"{""alpha"": 100.0}",3,0.20895979815537502,0.2520675227207447,0.33141030589546683,0.11985272278288084
M0,Ridge,"{""alpha"": 100.0}",mean,0.2076540492722613,0.24800869964994923,0.3637492159938051,0.13086009858295458
M0,Ridge,"{""alpha"": 1000.0}",1,0.2168311064990689,0.25487315949439643,0.35072678263157964,0.06932624192737546
M0,Ridge,"{""alpha"": 1000.0}",2,0.2176773133073945,0.2555517282705782,0.34268443628127837,0.0713917179781921
M0,Ridge,"{""alpha"": 1000.0}",3,0.21987962522586896,0.26071887438764085,0.2793747870051299,0.05839987331460783
M0,Ridge,"{""alpha"": 1000.0}",mean,0.21812934834411077,0.2570479207175385,0.3242620019726627,0.0663726110733918
M0,HistGradientBoostingRegressor,"{""l2_regularization"": 1.0, ""learning_rate"": 0.05, ""max_iter"": 150, ""max_leaf_nodes"": 15}",1,0.18997382081683084,0.237093278280441,0.42466270799659234,0.19464428205463713
M0,HistGradientBoostingRegressor,"{""l2_regularization"": 1.0, ""learning_rate"": 0.05, ""max_iter"": 150, ""max_leaf_nodes"": 15}",2,0.1889511482147269,0.23159494516367488,0.4508108726291831,0.23733632774536484
M0,HistGradientBoostingRegressor,"{""l2_regularization"": 1.0, ""learning_rate"": 0.05, ""max_iter"": 150, ""max_leaf_nodes"": 15}",3,0.1864971704146678,0.23232488975523763,0.44925167866517146,0.25232468422136245
M0,HistGradientBoostingRegressor,"{""l2_regularization"": 1.0, ""learning_rate"": 0.05, ""max_iter"": 150, ""max_leaf_nodes"": 15}",mean,0.1884740464820752,0.23367103773311784,0.4415750864303156,0.22810176467378815
M0,HistGradientBoostingRegressor,"{""l2_regularization"": 10.0, ""learning_rate"": 0.05, ""max_iter"": 200, ""max_leaf_nodes"": 31}",1,0.19049293299438144,0.24099550884213325,0.4149471576309635,0.16791601837054848
M0,HistGradientBoostingRegressor,"{""l2_regularization"": 10.0, ""learning_rate"": 0.05, ""max_iter"": 200, ""max_leaf_nodes"": 31}",2,0.18816784289339147,0.23431594025275196,0.43438745063684286,0.21931007221115817
M0,HistGradientBoostingRegressor,"{""l2_regularization"": 10.0, ""learning_rate"": 0.05, ""max_iter"": 200, ""max_leaf_nodes"": 31}",3,0.18654319411613204,0.23556586129331614,0.42975445272606466,0.23131878677413853
M0,HistGradientBoostingRegressor,"{""l2_regularization"": 10.0, ""learning_rate"": 0.05, ""max_iter"": 200, ""max_leaf_nodes"": 31}",mean,0.188401323334635,0.23695910346273377,0.4263630203312903,0.20618162578528174
M1,Ridge,"{""alpha"": 10.0}",1,0.20115566151783243,0.24454430926678605,0.3972868815923122,0.14322973608217404
M1,Ridge,"{""alpha"": 10.0}",2,0.19895703284246616,0.24015475771470174,0.4011098117025281,0.1799179659435547
M1,Ridge,"{""alpha"": 10.0}",3,0.20259477972580617,0.24747382680426158,0.37305640676962704,0.1516401405317871
M1,Ridge,"{""alpha"": 10.0}",mean,0.20090249136203495,0.24405763126191646,0.39048436668815584,0.15826261418583862
M1,Ridge,"{""alpha"": 100.0}",1,0.20426969385960375,0.2452618452839646,0.3795498292255482,0.1381945305048372
M1,Ridge,"{""alpha"": 100.0}",2,0.20283102029810482,0.24297201500666726,0.3857403364742933,0.16056433191589448
M1,Ridge,"{""alpha"": 100.0}",3,0.2061893070029144,0.249509874195538,0.3542991751827027,0.13762325290171895
M1,Ridge,"{""alpha"": 100.0}",mean,0.20443000705354097,0.24591457816205664,0.373196446960848,0.14546070510748355
M1,Ridge,"{""alpha"": 1000.0}",1,0.21466700647491435,0.2537901819170557,0.29145470089498604,0.0772184616513022
M1,Ridge,"{""alpha"": 1000.0}",2,0.21404087497156,0.25349344899487564,0.30276952457859463,0.08628997754157597
M1,Ridge,"{""alpha"": 1000.0}",3,0.21801961206469214,0.2587088502819042,0.2787198734874876,0.07286252596050191
M1,Ridge,"{""alpha"": 1000.0}",mean,0.2155758311703888,0.2553308270646118,0.2909813663203561,0.07879032171779336
M1,HistGradientBoostingRegressor,"{""l2_regularization"": 1.0, ""learning_rate"": 0.05, ""max_iter"": 150, ""max_leaf_nodes"": 15}",1,0.18921505127256927,0.2334210439510585,0.4468828135162958,0.21939868733981283
M1,HistGradientBoostingRegressor,"{""l2_regularization"": 1.0, ""learning_rate"": 0.05, ""max_iter"": 150, ""max_leaf_nodes"": 15}",2,0.1893446908716677,0.23233378810251507,0.45122259583449814,0.2324624087574474
M1,HistGradientBoostingRegressor,"{""l2_regularization"": 1.0, ""learning_rate"": 0.05, ""max_iter"": 150, ""max_leaf_nodes"": 15}",3,0.1856478623000467,0.22779747090283842,0.4868985047040574,0.28118131200144114
M1,HistGradientBoostingRegressor,"{""l2_regularization"": 1.0, ""learning_rate"": 0.05, ""max_iter"": 150, ""max_leaf_nodes"": 15}",mean,0.1880692014814279,0.23118410098547068,0.461667971351617,0.24434746936623378
M1,HistGradientBoostingRegressor,"{""l2_regularization"": 10.0, ""learning_rate"": 0.05, ""max_iter"": 200, ""max_leaf_nodes"": 31}",1,0.1849654368140263,0.2311745649052131,0.47038764548974016,0.23435163234021794
M1,HistGradientBoostingRegressor,"{""l2_regularization"": 10.0, ""learning_rate"": 0.05, ""max_iter"": 200, ""max_leaf_nodes"": 31}",2,0.1844690646939232,0.2292666988147763,0.46628458269700135,0.252593512427004
M1,HistGradientBoostingRegressor,"{""l2_regularization"": 10.0, ""learning_rate"": 0.05, ""max_iter"": 200, ""max_leaf_nodes"": 31}",3,0.18105829811601748,0.22463208757722164,0.4978669395932631,0.30101935578645966
M1,HistGradientBoostingRegressor,"{""l2_regularization"": 10.0, ""learning_rate"": 0.05, ""max_iter"": 200, ""max_leaf_nodes"": 31}",mean,0.18349759987465566,0.228357783765737,0.47817972259333485,0.26265483351789387
M2,Ridge,"{""alpha"": 10.0}",1,0.2009506266282954,0.24452288308102427,0.39670721851092655,0.14337986441417494
M2,Ridge,"{""alpha"": 10.0}",2,0.19903703276676038,0.24045571960399278,0.40005614703917786,0.17786122474911337
M2,Ridge,"{""alpha"": 10.0}",3,0.20300577023481625,0.24734259747228785,0.3739281888638409,0.15253963104646107
M2,Ridge,"{""alpha"": 10.0}",mean,0.200997809876624,0.24410706671910162,0.39023051813798176,0.15792690673658313
M2,Ridge,"{""alpha"": 100.0}",1,0.20406390248713524,0.24536658710051895,0.3766806393873755,0.13745828598161502
M2,Ridge,"{""alpha"": 100.0}",2,0.20287747481415805,0.24318035929334755,0.38433387671070135,0.15912411166054363
M2,Ridge,"{""alpha"": 100.0}",3,0.20657113545514214,0.24943476373738843,0.3547890291767186,0.13814238075852736
M2,Ridge,"{""alpha"": 100.0}",mean,0.20450417091881182,0.24599390337708496,0.37193451509159847,0.14490825946689534
M2,Ridge,"{""alpha"": 1000.0}",1,0.21447939338469502,0.2538598140826237,0.28631633194540906,0.07671202683806488
M2,Ridge,"{""alpha"": 1000.0}",2,0.2140663457302225,0.2535454878615832,0.3029405244184138,0.08591479376629241
M2,Ridge,"{""alpha"": 1000.0}",3,0.21819768301086642,0.2585065851539801,0.2809354612968989,0.07431167833917873
M2,Ridge,"{""alpha"": 1000.0}",mean,0.21558114070859466,0.2553039623660623,0.2900641058869073,0.07897949964784534
M2,HistGradientBoostingRegressor,"{""l2_regularization"": 1.0, ""learning_rate"": 0.05, ""max_iter"": 150, ""max_leaf_nodes"": 15}",1,0.18896775904559662,0.23320773529769315,0.4513434405161525,0.22082471929477143
M2,HistGradientBoostingRegressor,"{""l2_regularization"": 1.0, ""learning_rate"": 0.05, ""max_iter"": 150, ""max_leaf_nodes"": 15}",2,0.19016717103620456,0.23193476705866387,0.4521683505832098,0.23509655558135234
M2,HistGradientBoostingRegressor,"{""l2_regularization"": 1.0, ""learning_rate"": 0.05, ""max_iter"": 150, ""max_leaf_nodes"": 15}",3,0.1863157252682799,0.22842738032642032,0.48328105276712785,0.2772004363944617
M2,HistGradientBoostingRegressor,"{""l2_regularization"": 1.0, ""learning_rate"": 0.05, ""max_iter"": 150, ""max_leaf_nodes"": 15}",mean,0.18848355178336038,0.2311899608942591,0.46226428128883007,0.24437390375686183
M2,HistGradientBoostingRegressor,"{""l2_regularization"": 10.0, ""learning_rate"": 0.05, ""max_iter"": 200, ""max_leaf_nodes"": 31}",1,0.18721429073008075,0.23342860188852874,0.45359300877220243,0.21934813635842632
M2,HistGradientBoostingRegressor,"{""l2_regularization"": 10.0, ""learning_rate"": 0.05, ""max_iter"": 200, ""max_leaf_nodes"": 31}",2,0.18621968983848555,0.23020798586246122,0.46586031039976666,0.24644374659725032
M2,HistGradientBoostingRegressor,"{""l2_regularization"": 10.0, ""learning_rate"": 0.05, ""max_iter"": 200, ""max_leaf_nodes"": 31}",3,0.18385132295573584,0.22766511758464594,0.48335398555123593,0.282016355515615
M2,HistGradientBoostingRegressor,"{""l2_regularization"": 10.0, ""learning_rate"": 0.05, ""max_iter"": 200, ""max_leaf_nodes"": 31}",mean,0.18576176784143406,0.23043390177854528,0.467602434907735,0.2492694128237639
M3,Ridge,"{""alpha"": 10.0}",1,0.20099068846041293,0.2443403613907395,0.3992272310786813,0.14465821840295778
M3,Ridge,"{""alpha"": 10.0}",2,0.19899617610512146,0.24019381016251878,0.4010548956621425,0.17965123115057868
M3,Ridge,"{""alpha"": 10.0}",3,0.20260074662211466,0.24740388633438098,0.3712609179304403,0.15211959570044398
M3,Ridge,"{""alpha"": 10.0}",mean,0.20086253706254967,0.2439793526292131,0.3905143482237547,0.15880968175132681
M3,Ridge,"{""alpha"": 100.0}",1,0.20415906970334624,0.24514525877157048,0.3806886453195757,0.1390136633242839
M3,Ridge,"{""alpha"": 100.0}",2,0.20283754877757648,0.2430709809075895,0.38480717663708347,0.15988036486673396
M3,Ridge,"{""alpha"": 100.0}",3,0.20617607149355816,0.24943874545001646,0.35318634805480786,0.1381148649728008
M3,Ridge,"{""alpha"": 100.0}",mean,0.20439089665816032,0.2458849950430588,0.372894056670489,0.1456696310546062
M3,Ridge,"{""alpha"": 1000.0}",1,0.21459843269887027,0.253710399441151,0.2933605883813085,0.07779854889718774
M3,Ridge,"{""alpha"": 1000.0}",2,0.21400467241490603,0.25363480884787615,0.2992438312723135,0.0852706381594579
M3,Ridge,"{""alpha"": 1000.0}",3,0.21798148518196736,0.2586658859020142,0.27770844451562554,0.07317044413916785
M3,Ridge,"{""alpha"": 1000.0}",mean,0.2155281967652479,0.25533703139701375,0.2901042880564158,0.07874654373193783
M3,HistGradientBoostingRegressor,"{""l2_regularization"": 1.0, ""learning_rate"": 0.05, ""max_iter"": 150, ""max_leaf_nodes"": 15}",1,0.18791612404880792,0.23175390797699721,0.4646373783065483,0.23050926418617768
M3,HistGradientBoostingRegressor,"{""l2_regularization"": 1.0, ""learning_rate"": 0.05, ""max_iter"": 150, ""max_leaf_nodes"": 15}",2,0.18873450154911325,0.23152935288308804,0.4577228020878708,0.23776826951796182
M3,HistGradientBoostingRegressor,"{""l2_regularization"": 1.0, ""learning_rate"": 0.05, ""max_iter"": 150, ""max_leaf_nodes"": 15}",3,0.185781308673331,0.22813972855953749,0.48199141524393774,0.2790196899443306
M3,HistGradientBoostingRegressor,"{""l2_regularization"": 1.0, ""learning_rate"": 0.05, ""max_iter"": 150, ""max_leaf_nodes"": 15}",mean,0.1874773114237507,0.23047432980654092,0.46811719854611894,0.24909907454949
M3,HistGradientBoostingRegressor,"{""l2_regularization"": 10.0, ""learning_rate"": 0.05, ""max_iter"": 200, ""max_leaf_nodes"": 31}",1,0.18402905419045137,0.22987809547295207,0.4728219832655757,0.24291534480590415
M3,HistGradientBoostingRegressor,"{""l2_regularization"": 10.0, ""learning_rate"": 0.05, ""max_iter"": 200, ""max_leaf_nodes"": 31}",2,0.1840034703334915,0.2294041653464835,0.4705722708609348,0.25169696547780473
M3,HistGradientBoostingRegressor,"{""l2_regularization"": 10.0, ""learning_rate"": 0.05, ""max_iter"": 200, ""max_leaf_nodes"": 31}",3,0.1817314543619,0.225626983669444,0.493642688779865,0.2948140704043791
M3,HistGradientBoostingRegressor,"{""l2_regularization"": 10.0, ""learning_rate"": 0.05, ""max_iter"": 200, ""max_leaf_nodes"": 31}",mean,0.18325465962861429,0.2283030814962932,0.47901231430212515,0.26314212689602934
M4,Ridge,"{""alpha"": 10.0}",1,0.2007717673258285,0.24433671491962766,0.39863370551653926,0.1446837480027846
M4,Ridge,"{""alpha"": 10.0}",2,0.1991809105882285,0.2405938833186443,0.39901931483343356,0.17691616608165206
M4,Ridge,"{""alpha"": 10.0}",3,0.2029505591372803,0.24721326038415506,0.37275638325939087,0.1534256846430322
M4,Ridge,"{""alpha"": 10.0}",mean,0.2009677456837791,0.24404795287414235,0.39013646786978784,0.1583418662424896
M4,Ridge,"{""alpha"": 100.0}",1,0.2039214672763591,0.24521250328064578,0.3779144448999743,0.13854125325625177
M4,Ridge,"{""alpha"": 100.0}",2,0.20292799691655874,0.24337074600860767,0.3829029035841963,0.15780694717479982
M4,Ridge,"{""alpha"": 100.0}",3,0.20651272326699066,0.2493166307349007,0.3541819283304501,0.13895854380729955
M4,Ridge,"{""alpha"": 100.0}",mean,0.20445406248663614,0.24596662667471805,0.37166642560487356,0.14510224807945038
M4,Ridge,"{""alpha"": 1000.0}",1,0.21436390227091973,0.25370577391437216,0.2893712823212648,0.07783217486310878
M4,Ridge,"{""alpha"": 1000.0}",2,0.2140343248862073,0.25369748581189844,0.2994699453202042,0.08481849562099597
M4,Ridge,"{""alpha"": 1000.0}",3,0.21814958775403126,0.25840989125598446,0.27987090451335583,0.07500405274713629
M4,Ridge,"{""alpha"": 1000.0}",mean,0.21551593830371943,0.2552710503274183,0.28957071071827495,0.07921824107708035
M4,HistGradientBoostingRegressor,"{""l2_regularization"": 1.0, ""learning_rate"": 0.05, ""max_iter"": 150, ""max_leaf_nodes"": 15}",1,0.18824385605581032,0.23243135104371662,0.4609390737061879,0.22600407108845422
M4,HistGradientBoostingRegressor,"{""l2_regularization"": 1.0, ""learning_rate"": 0.05, ""max_iter"": 150, ""max_leaf_nodes"": 15}",2,0.18922399561169284,0.23192573266538344,0.45394929301295384,0.23515614392196493
M4,HistGradientBoostingRegressor,"{""l2_regularization"": 1.0, ""learning_rate"": 0.05, ""max_iter"": 150, ""max_leaf_nodes"": 15}",3,0.18608852090443156,0.22810596237272185,0.48047255905118547,0.27923309384729045
M4,HistGradientBoostingRegressor,"{""l2_regularization"": 1.0, ""learning_rate"": 0.05, ""max_iter"": 150, ""max_leaf_nodes"": 15}",mean,0.18785212419064493,0.2308210153606073,0.46512030859010906,0.24679776961923652
M4,HistGradientBoostingRegressor,"{""l2_regularization"": 10.0, ""learning_rate"": 0.05, ""max_iter"": 200, ""max_leaf_nodes"": 31}",1,0.18653804965875115,0.23288192399291563,0.46337010416576213,0.22300034849943307
M4,HistGradientBoostingRegressor,"{""l2_regularization"": 10.0, ""learning_rate"": 0.05, ""max_iter"": 200, ""max_leaf_nodes"": 31}",2,0.18590324988423076,0.23110157264392578,0.45608534957669244,0.24058230965532268
M4,HistGradientBoostingRegressor,"{""l2_regularization"": 10.0, ""learning_rate"": 0.05, ""max_iter"": 200, ""max_leaf_nodes"": 31}",3,0.18340631558145873,0.22734044382284946,0.4841024365735557,0.284062731645189
M4,HistGradientBoostingRegressor,"{""l2_regularization"": 10.0, ""learning_rate"": 0.05, ""max_iter"": 200, ""max_leaf_nodes"": 31}",mean,0.18528253837481354,0.23044131348656363,0.4678526301053368,0.24921512993331493
