model,row_type,outer_fold,selected_alpha,sites,mae,rmse,spearman,r2
M0,outer_fold,1,0.1,488,0.10626971300474639,0.15294552246199697,0.5421106376201597,0.41274241095466024
M0,outer_fold,2,1.0,488,0.09428057314598876,0.13096870231597937,0.6053410613765183,0.42428100491622467
M0,outer_fold,3,1.0,488,0.10414594302632446,0.14305876596884423,0.584676369599679,0.4022162428957441
M0,outer_fold,4,1.0,488,0.10451166467044391,0.14443622530269018,0.5472386230339795,0.2842659526385436
M0,outer_fold,5,1.0,488,0.10175807209785631,0.1357039945406262,0.5556345622907083,0.38262151966938684
M0,overall_oof,all,nested,2440,0.10219319318907197,0.14162509781956387,0.563575997520126,0.38519134926869436
M1,outer_fold,1,10.0,488,0.10615035644314202,0.15410944431663556,0.5263835187781977,0.4037702913855127
M1,outer_fold,2,10.0,488,0.0961991995369481,0.13311961641390765,0.5687215054436308,0.4052155238627101
M1,outer_fold,3,10.0,488,0.1061258576000728,0.1457879805532434,0.5550973337255397,0.37919014615982716
M1,outer_fold,4,10.0,488,0.10460947498720298,0.14495794169020212,0.5235462822991125,0.279086025288832
M1,outer_fold,5,10.0,488,0.10377344471084014,0.13746881243125428,0.5042906938674532,0.36645920391158393
M1,overall_oof,all,nested,2440,0.10337166665564121,0.14327258469496557,0.5352717969989824,0.3708043439554142
M2,outer_fold,1,10.0,488,0.10583655423863565,0.15451768802753185,0.5206556252407923,0.40060722206635424
M2,outer_fold,2,10.0,488,0.09695219308383841,0.1338176967121815,0.5652275094762182,0.39896105872923115
M2,outer_fold,3,10.0,488,0.10621876397527034,0.14607569309698057,0.5501728035966671,0.3767373921034042
M2,outer_fold,4,10.0,488,0.10465519340031369,0.14481021787693454,0.5233500921061439,0.2805546153648204
M2,outer_fold,5,10.0,488,0.10353158773196136,0.13734122510833327,0.5066738375927974,0.3676346598128917
M2,overall_oof,all,nested,2440,0.10343885848600388,0.14349467676280778,0.53348118255811,0.36885215369971447
M3,outer_fold,1,10.0,488,0.10615872920103123,0.15411697502246977,0.5263552776294549,0.4037120192884336
M3,outer_fold,2,10.0,488,0.096459959009988,0.13355738759475524,0.5643115068688473,0.40129712857804267
M3,outer_fold,3,10.0,488,0.10618883071667991,0.14585918804559064,0.554747753679802,0.37858355145107103
M3,outer_fold,4,10.0,488,0.10461448638817424,0.14495300235257766,0.523826008211087,0.2791351537023746
M3,outer_fold,5,10.0,488,0.1037657339504873,0.1374621121556638,0.5039261930181946,0.3665209603843087
M3,overall_oof,all,nested,2440,0.10343754785327214,0.14336786646794597,0.5342707567649901,0.36996718711057086
M4,outer_fold,1,10.0,488,0.10582495702582666,0.154474707689631,0.5202554992759736,0.4009406275358701
M4,outer_fold,2,10.0,488,0.0973537110275337,0.13452812200621747,0.5602404530081544,0.39256240279342325
M4,outer_fold,3,10.0,488,0.1062825226238136,0.1461806520291467,0.5487319927361737,0.3758414116943448
M4,outer_fold,4,10.0,488,0.10465269575775189,0.14479402662024737,0.5230797110428343,0.2807154890081691
M4,outer_fold,5,10.0,488,0.1035322161151503,0.137340854082758,0.5061560501965913,0.3676380764621465
M4,overall_oof,all,nested,2440,0.10352922051001523,0.1436362449377381,0.531918439936571,0.3676061907669924
