path,sha256_before,sha256_after,verdict
results/tables/12_meta_analysis.csv,91334174b75a461e0e797b1f156b0a470c49a016999a101abe33b3c5cded472a,91334174b75a461e0e797b1f156b0a470c49a016999a101abe33b3c5cded472a,MATCH
results/tables/13_conditional_dependence.csv,59fd2a074ab8d0fc581fa9caf34393cd904d7923d1e6ac9360199214cb084e38,59fd2a074ab8d0fc581fa9caf34393cd904d7923d1e6ac9360199214cb084e38,MATCH
results/tables/13_cross_fitted_residuals.csv.gz,ae763a401e01040b8f06a65ddb256abeb5d72f958e4f2d84403f7ac4e1fdae9c,ae763a401e01040b8f06a65ddb256abeb5d72f958e4f2d84403f7ac4e1fdae9c,MATCH
results/tables/14_structure_entropy_associations.csv,a049a3b34a3f83a4a020f465124fea1ca9d887e0c5821e75f9c5ca044e598d38,a049a3b34a3f83a4a020f465124fea1ca9d887e0c5821e75f9c5ca044e598d38,MATCH
results/tables/15_isoform_sensitivity_associations.csv,2fd1ef91eec06c343ecd78fb327b2ac4ce9d232fc9504d816ea496b92596cebe,2fd1ef91eec06c343ecd78fb327b2ac4ce9d232fc9504d816ea496b92596cebe,MATCH
results/tables/15_isoform_site_estimates.csv.gz,bd12688c1f4007fbcc5be362c7dc57c6b26e22ab517fb1616fecb9a4c6f1181b,bd12688c1f4007fbcc5be362c7dc57c6b26e22ab517fb1616fecb9a4c6f1181b,MATCH
data/interim/16_401nt_vienna_cache.csv,7be58b8f89d34357adb8136178f68ae07c2373e99028bd7584b22b23c2613406,7be58b8f89d34357adb8136178f68ae07c2373e99028bd7584b22b23c2613406,MATCH
data/final/16_hek293t_401nt_dataset.csv.gz,e100a3565efbf62ee6fa28c38c2ff409b03c95f65cc8019532bcc04a948b62cc,e100a3565efbf62ee6fa28c38c2ff409b03c95f65cc8019532bcc04a948b62cc,MATCH
data/final/16_hela_401nt_dataset.csv.gz,88b45f6c32f7d163c18b19c4aca47c37dc27d739fecd45ea8c2e289c57f1328d,88b45f6c32f7d163c18b19c4aca47c37dc27d739fecd45ea8c2e289c57f1328d,MATCH
results/tables/16_window_401_attrition.csv,77130e2b282d90336c5d3e867acadc020c0b4e1a9e70275eaf53817761f9db14,77130e2b282d90336c5d3e867acadc020c0b4e1a9e70275eaf53817761f9db14,MATCH
results/tables/16_window_401_development_cv.csv,504081753df7d26556bb586492f31c756304a1a1dbdd2e8427da17e1912a60f8,504081753df7d26556bb586492f31c756304a1a1dbdd2e8427da17e1912a60f8,MATCH
results/tables/16_window_401_external_metrics.csv,babc1e3e4aca820b9bec98a28a9731a013ede5e2e3f47172a6d0f0f4d17c3c95,babc1e3e4aca820b9bec98a28a9731a013ede5e2e3f47172a6d0f0f4d17c3c95,MATCH
results/tables/17_nonlinear_development_cv.csv,caf19cca640f7cb2517927d151efcfad2dd4e19e2989cd21dc198eca7e8106cd,caf19cca640f7cb2517927d151efcfad2dd4e19e2989cd21dc198eca7e8106cd,MATCH
results/tables/17_nonlinear_external_metrics.csv,244c099225c1e0bb52cb15c30e29ef31da8e47e870f9f17cf653c4807a0b68f6,244c099225c1e0bb52cb15c30e29ef31da8e47e870f9f17cf653c4807a0b68f6,MATCH
results/tables/17_grouped_permutation_importance.csv,d93cfe6643c93545db6cd20840fcef8c81de14915e6cdd181b53189e20aaeece,d93cfe6643c93545db6cd20840fcef8c81de14915e6cdd181b53189e20aaeece,MATCH
results/tables/17_retraining_ablation.csv,cd641df56c8d0c1af1f6ce7819965468abbeda706ac5d75163dbececaa1b287b,cd641df56c8d0c1af1f6ce7819965468abbeda706ac5d75163dbececaa1b287b,MATCH
