dataset,reference_type,ensembl_release,assembly,target_transcripts,exact_id_and_length,missing_or_version_mismatch,exact_fraction,selection,note
HEK293T_icSHAPE,cDNA_FASTA,74,GRCh37,10164,9914,250,0.975403,selected,"All 9914 located IDs have exact declared sequence length; GEO explicitly names GRCh37.74."
HeLa_icSHAPE,GTF_exon_sum,86,GRCh38,64616,60882,3734,0.942527,candidate,"Every located versioned ID has exact spliced exon length."
HeLa_icSHAPE,GTF_exon_sum,87,GRCh38,64616,60882,3734,0.942527,candidate,"Every located versioned ID has exact spliced exon length."
HeLa_icSHAPE,GTF_exon_sum,88,GRCh38,64616,61576,3040,0.952953,selected,"Tied best GTF match with release 89 among tested releases 86-96 and 99; GEO does not state an Ensembl release."
HeLa_icSHAPE,GTF_exon_sum,89,GRCh38,64616,61576,3040,0.952953,tied_candidate,"Tied best GTF match with release 88; release 88 retained as the pinned working reference."
HeLa_icSHAPE,GTF_exon_sum,90,GRCh38,64616,61502,3114,0.951808,candidate,"Every located versioned ID has exact spliced exon length."
HeLa_icSHAPE,GTF_exon_sum,91,GRCh38,64616,61502,3114,0.951808,candidate,"Every located versioned ID has exact spliced exon length."
HeLa_icSHAPE,GTF_exon_sum,92,GRCh38,64616,60819,3797,0.941237,candidate,"Every located versioned ID has exact spliced exon length."
HeLa_icSHAPE,GTF_exon_sum,93,GRCh38,64616,60819,3797,0.941237,candidate,"Every located versioned ID has exact spliced exon length."
HeLa_icSHAPE,GTF_exon_sum,94,GRCh38,64616,60539,4077,0.936903,candidate,"Every located versioned ID has exact spliced exon length."
HeLa_icSHAPE,GTF_exon_sum,95,GRCh38,64616,60539,4077,0.936903,candidate,"Every located versioned ID has exact spliced exon length."
HeLa_icSHAPE,GTF_exon_sum,96,GRCh38,64616,55551,9065,0.859718,candidate,"Every located versioned ID has exact spliced exon length."
HeLa_icSHAPE,GTF_exon_sum,99,GRCh38,64616,54196,10420,0.838738,candidate,"Every located versioned ID has exact spliced exon length."
HeLa_icSHAPE,cDNA_FASTA,88,GRCh38,64616,63320,1296,0.979943,selected,"All 63320 located versioned IDs have exact declared sequence length."
