asset_id,role,relative_path,provider,release_or_version,assembly,source_url,bytes,sha256,integrity_status,checked_at,notes
ensembl_grch37_74_cdna,HEK293T_icSHAPE_transcript_sequence,data/reference/ensembl/release-74_GRCh37/Homo_sapiens.GRCh37.74.cdna.all.fa.gz,Ensembl,74,GRCh37,https://ftp.ebi.ac.uk/ensemblorg/pub/release-74/fasta/homo_sapiens/cdna/Homo_sapiens.GRCh37.74.cdna.all.fa.gz,60646085,1246bffe8fe2cd0a690c8c2229807868f182d0285801f5f5789dfd137884c2d4,GZIP_FULL_STREAM_OK,2026-09-10,"GEO explicitly states GRCh37.74; 9914/10164 icSHAPE IDs located and all located lengths match exactly."
ensembl_grch37_74_gtf,HEK293T_transcript_to_genome_mapping,data/reference/ensembl/release-74_GRCh37/Homo_sapiens.GRCh37.74.gtf.gz,Ensembl,74,GRCh37,https://ftp.ebi.ac.uk/ensemblorg/pub/release-74/gtf/homo_sapiens/Homo_sapiens.GRCh37.74.gtf.gz,29763348,5bceffccddc80ba489b76d15bbbb845d169a045a7c62d99294831e2a74aaf916,GZIP_FULL_STREAM_OK,2026-09-10,"Ensembl GTF coordinates are 1-based closed."
ensembl_grch38_88_genome,HeLa_and_GRCh38_sequence_validation,data/reference/ensembl/release-88_GRCh38/Homo_sapiens.GRCh38.dna.primary_assembly.fa.gz,Ensembl,88,GRCh38,https://ftp.ebi.ac.uk/ensemblorg/pub/release-88/fasta/homo_sapiens/dna/Homo_sapiens.GRCh38.dna.primary_assembly.fa.gz,881214344,db2451123c1ad6db4439ca3f45ccec842d7f6658d3efd47405b882d41a5dbd56,GZIP_FULL_STREAM_OK,2026-09-10,"Primary assembly; chromosome names require a documented chr-prefix normalization when joining UCSC-style GLORI coordinates."
ensembl_grch38_88_cdna,HeLa_icSHAPE_transcript_sequence,data/reference/ensembl/release-88_GRCh38/Homo_sapiens.GRCh38.cdna.all.fa.gz,Ensembl,88,GRCh38,https://ftp.ebi.ac.uk/ensemblorg/pub/release-88/fasta/homo_sapiens/cdna/Homo_sapiens.GRCh38.cdna.all.fa.gz,64661761,462823cdad614a2a77763004735fb9d4fabf3bb691b57737697208679c26cb86,GZIP_FULL_STREAM_OK,2026-09-10,"63320/64616 versioned HeLa IDs located; every located sequence length matches exactly."
ensembl_grch38_88_gtf,HeLa_transcript_to_genome_mapping,data/reference/ensembl/release-88_GRCh38/Homo_sapiens.GRCh38.88.gtf.gz,Ensembl,88,GRCh38,https://ftp.ebi.ac.uk/ensemblorg/pub/release-88/gtf/homo_sapiens/Homo_sapiens.GRCh38.88.gtf.gz,46157774,ba9cb13686c3a4429724dfd6f6e52df92d1cc59675a4590d4a854f64ce633f46,GZIP_FULL_STREAM_OK,2026-09-10,"Release 88 and 89 tie for best tested GTF compatibility; 61576/64616 exact versioned-ID plus exon-sum length matches. GEO does not declare the Ensembl release."
refseq_109_grch38_gtf,GLORI_annotation_reproduction,data/reference/ncbi/refseq-109.20190905_GRCh38.p13/GCF_000001405.39_GRCh38.p13_genomic.gtf.gz,NCBI RefSeq,109.20190905,GRCh38.p13,https://ftp.ncbi.nlm.nih.gov/refseq/H_sapiens/annotation/annotation_releases/109.20190905/GCF_000001405.39_GRCh38.p13/GCF_000001405.39_GRCh38.p13_genomic.gtf.gz,40352437,c892f613233c3d12fe0db9e8e79706bd1be359aa8446ea846eda1c4c4906bf53,GZIP_FULL_STREAM_OK,2026-09-10,"Exact annotation asset named in GLORI-tools documentation."
refseq_109_grch38_rna,GLORI_transcriptome_reproduction,data/reference/ncbi/refseq-109.20190905_GRCh38.p13/GCF_000001405.39_GRCh38.p13_rna.fna.gz,NCBI RefSeq,109.20190905,GRCh38.p13,https://ftp.ncbi.nlm.nih.gov/refseq/H_sapiens/annotation/annotation_releases/109.20190905/GCF_000001405.39_GRCh38.p13/GCF_000001405.39_GRCh38.p13_rna.fna.gz,116332721,f99ae467c5190316d7fa1dc3f9de58f638efc919b85b488a6bca4dd2a015af86,GZIP_FULL_STREAM_OK,2026-09-10,"Exact transcript FASTA asset named in GLORI-tools documentation."
refseq_109_grch38_assembly_report,GLORI_chromosome_name_conversion,data/reference/ncbi/refseq-109.20190905_GRCh38.p13/GCF_000001405.39_GRCh38.p13_assembly_report.txt,NCBI RefSeq,109.20190905,GRCh38.p13,https://ftp.ncbi.nlm.nih.gov/refseq/H_sapiens/annotation/annotation_releases/109.20190905/GCF_000001405.39_GRCh38.p13/GCF_000001405.39_GRCh38.p13_assembly_report.txt,70144,14b8bf741c712c0c38cb5b5171f79c10b46ef7160872c966990924775e5ba9cf,PLAIN_FILE_HASHED,2026-09-10,"Used by GLORI-tools to translate NCBI sequence names to UCSC-style names."
ucsc_hg19_to_hg38_chain,HEK293T_cross_assembly_liftover,data/reference/ucsc/hg19ToHg38.over.chain.gz,UCSC,downloaded_2026-09-10,hg19_to_hg38,https://hgdownload.soe.ucsc.edu/goldenPath/hg19/liftOver/hg19ToHg38.over.chain.gz,227698,5c0598e500ceb5a78c73086929e8ef993aec309bcafb595139b53d440b125a1d,GZIP_FULL_STREAM_OK,2026-09-10,"Use only after transcript-aware GRCh37 mapping; revalidate strand and center base after liftOver."
