variable,level,group,sites,missing_sites,mean_or_proportion,median,sd,smd_eligible_minus_ineligible,scale
combined_ratio,,eligible,25996,0,0.41576402574319127,0.32792998,0.26709707038020064,-0.08447825167525787,raw
combined_ratio,,ineligible,39054,0,0.43827704340682133,0.36046512,0.26589123373622503,-0.08447825167525787,raw
combined_agcov,,eligible,25996,0,6.157186037069599,6.133398042996649,1.0306876171727535,0.9722925259777747,log1p
combined_agcov,,ineligible,39054,0,5.223999735608346,5.181783550292085,0.8831964039730505,0.9722925259777747,log1p
gc_fraction_21,,eligible,25996,0,0.5632203489181485,0.5714285714285714,0.113881762758002,0.4380247249473831,raw
gc_fraction_21,,ineligible,38213,841,0.5107897711200252,0.5238095238095238,0.12524396572441687,0.4380247249473831,raw
transcript_position_fraction,,eligible,25996,0,0.6205131336309432,0.666905905,0.25328309166582896,0.7067624360187645,raw
transcript_position_fraction,,ineligible,39054,0,0.431475786089261,0.40787241500000004,0.28094033159953374,0.7067624360187645,raw
isoform_count,,eligible,25996,0,3.5043468225880905,3.0,2.6821954244648363,0.3754812620089988,raw
isoform_count,,ineligible,39054,0,2.586009115583551,2.0,2.183879287528846,0.3754812620089988,raw
distance_to_stop_codon_tx,,eligible,25287,709,112.99893225768182,105.0,1102.9878068193036,0.4473330808001949,raw
distance_to_stop_codon_tx,,ineligible,36786,2268,-839.7448485837003,-260.0,2802.8158187777385,0.4473330808001949,raw
distance_to_nearest_splice_edge_tx,,eligible,24914,1082,733.8538974070804,408.0,1125.2020831212574,-0.06460830979812286,raw
distance_to_nearest_splice_edge_tx,,ineligible,37716,1338,811.4296585003711,376.0,1271.740202512097,-0.06460830979812286,raw
drach_subtype,AAACA,eligible,118,0,0.004539159870749346,,,-0.026515437099232778,indicator
drach_subtype,AAACA,ineligible,254,0,0.00650381523019409,,,-0.026515437099232778,indicator
drach_subtype,AAACC,eligible,23,0,0.0008847515002308047,,,-0.029330691981921772,indicator
drach_subtype,AAACC,ineligible,78,0,0.001997234598248579,,,-0.029330691981921772,indicator
drach_subtype,AAACT,eligible,712,0,0.027388829050623172,,,-0.09941341605999306,indicator
drach_subtype,AAACT,ineligible,1799,0,0.0460644236185794,,,-0.09941341605999306,indicator
drach_subtype,AGACA,eligible,851,0,0.03273580550853977,,,-0.019434533728805,indicator
drach_subtype,AGACA,ineligible,1417,0,0.03628309520151585,,,-0.019434533728805,indicator
drach_subtype,AGACC,eligible,534,0,0.02054162178796738,,,0.01867561583435827,indicator
drach_subtype,AGACC,ineligible,702,0,0.01797511138423721,,,0.01867561583435827,indicator
drach_subtype,AGACT,eligible,2338,0,0.0899369133712879,,,-0.014755234150291658,indicator
drach_subtype,AGACT,ineligible,3679,0,0.09420289855072464,,,-0.014755234150291658,indicator
drach_subtype,GAACA,eligible,782,0,0.03008155100784736,,,-0.028433005310694363,indicator
drach_subtype,GAACA,ineligible,1372,0,0.03513084447175705,,,-0.028433005310694363,indicator
drach_subtype,GAACC,eligible,469,0,0.01804123711340206,,,0.0022372561656560956,indicator
drach_subtype,GAACC,ineligible,693,0,0.017744661238285452,,,0.0022372561656560956,indicator
drach_subtype,GAACT,eligible,2214,0,0.0851669487613479,,,-0.04499365312263822,indicator
drach_subtype,GAACT,ineligible,3833,0,0.09814615660367695,,,-0.04499365312263822,indicator
drach_subtype,GGACA,eligible,3860,0,0.1484843822126481,,,0.0869751078639298,indicator
drach_subtype,GGACA,ineligible,4644,0,0.11891227531110769,,,0.0869751078639298,indicator
drach_subtype,GGACC,eligible,3302,0,0.12701954146791813,,,0.1493583815626227,indicator
drach_subtype,GGACC,ineligible,3183,0,0.08150253495160546,,,0.1493583815626227,indicator
drach_subtype,GGACT,eligible,4950,0,0.1904139098322819,,,0.07440391767609611,indicator
drach_subtype,GGACT,ineligible,6330,0,0.1620832693194039,,,0.07440391767609611,indicator
drach_subtype,TAACA,eligible,11,0,0.0004231420218495153,,,-0.018425048270444548,indicator
drach_subtype,TAACA,ineligible,35,0,0.0008961950120346188,,,-0.018425048270444548,indicator
drach_subtype,TAACC,eligible,4,0,0.00015386982612709647,,,-0.005524959319581546,indicator
drach_subtype,TAACC,ineligible,9,0,0.0002304501459517591,,,-0.005524959319581546,indicator
drach_subtype,TAACT,eligible,205,0,0.007885828589013695,,,-0.04568344680506617,indicator
drach_subtype,TAACT,ineligible,487,0,0.012469913453167409,,,-0.04568344680506617,indicator
drach_subtype,TGACA,eligible,360,0,0.013848284351438683,,,-0.015523811338389417,indicator
drach_subtype,TGACA,ineligible,614,0,0.015721821068264454,,,-0.015523811338389417,indicator
drach_subtype,TGACC,eligible,170,0,0.0065394676104016,,,0.01615315124356616,indicator
drach_subtype,TGACC,ineligible,207,0,0.00530035335689046,,,0.01615315124356616,indicator
drach_subtype,TGACT,eligible,1707,0,0.06566394829973841,,,-0.01956937941653638,indicator
drach_subtype,TGACT,ineligible,2757,0,0.07059456137655554,,,-0.01956937941653638,indicator
drach_subtype,non_DRACH,eligible,3386,0,0.13025080781658716,,,-0.11007938605920377,indicator
drach_subtype,non_DRACH,ineligible,6619,0,0.16948327956163262,,,-0.11007938605920377,indicator
drach_subtype,window_unavailable,eligible,0,0,0.0,,,-0.1329245645605363,indicator
drach_subtype,window_unavailable,ineligible,342,0,0.008757105546166846,,,-0.1329245645605363,indicator
transcript_region,3UTR,eligible,15804,0,0.6079396830281582,,,0.45407147985861457,indicator
transcript_region,3UTR,ineligible,15096,0,0.38654171147641725,,,0.45407147985861457,indicator
transcript_region,5UTR,eligible,871,0,0.03350515463917526,,,-0.3571315683457718,indicator
transcript_region,5UTR,ineligible,5068,0,0.12976903774261278,,,-0.3571315683457718,indicator
transcript_region,CDS,eligible,8680,0,0.33389752269579936,,,-0.20293556407645733,indicator
transcript_region,CDS,ineligible,16873,0,0.43204281251600346,,,-0.20293556407645733,indicator
transcript_region,noncoding_or_CDS_unavailable,eligible,641,0,0.02465763963686721,,,-0.1412380439181348,indicator
transcript_region,noncoding_or_CDS_unavailable,ineligible,2017,0,0.051646438264966454,,,-0.1412380439181348,indicator
