reactivity_flank10,adjusted_ratio,ci95_low,ci95_high,sites,genes,definition
0.048100554499999996,0.3831841682165054,0.36947090804870913,0.3968974283843017,25996,4829,marginal_standardization_over_observed_covariates_spline_df3
0.05248839230575539,0.38397506640733653,0.3707034968771955,0.39724663593747755,25996,4829,marginal_standardization_over_observed_covariates_spline_df3
0.05687623011151079,0.384763264182973,0.3719265690623804,0.3975999593035656,25996,4829,marginal_standardization_over_observed_covariates_spline_df3
0.06126406791726618,0.38554853579857196,0.37313937877946035,0.39795769281768356,25996,4829,marginal_standardization_over_observed_covariates_spline_df3
0.06565190572302157,0.3863306555092902,0.3743411620441758,0.3983201489744046,25996,4829,marginal_standardization_over_observed_covariates_spline_df3
0.07003974352877697,0.3871093975702849,0.37553113584588876,0.39868765929468103,25996,4829,marginal_standardization_over_observed_covariates_spline_df3
0.07442758133453237,0.3878845362367128,0.37670849747253604,0.3990605750008896,25996,4829,marginal_standardization_over_observed_covariates_spline_df3
0.07881541914028775,0.38865584576373097,0.37787242412536726,0.3994392674020947,25996,4829,marginal_standardization_over_observed_covariates_spline_df3
0.08320325694604315,0.3894231004064964,0.3790220729488723,0.3998241278641205,25996,4829,marginal_standardization_over_observed_covariates_spline_df3
0.08759109475179855,0.3901860744201661,0.3801565816333431,0.40021556720698914,25996,4829,marginal_standardization_over_observed_covariates_spline_df3
0.09197893255755393,0.390944542059897,0.38127506978343556,0.4006140143363584,25996,4829,marginal_standardization_over_observed_covariates_spline_df3
0.09636677036330933,0.391698277580846,0.38237664128424725,0.4010199138774448,25996,4829,marginal_standardization_over_observed_covariates_spline_df3
0.10075460816906473,0.39244705523817014,0.3834603879336928,0.4014337225426475,25996,4829,marginal_standardization_over_observed_covariates_spline_df3
0.10514244597482011,0.3931906492870264,0.38452539464126745,0.40185590393278536,25996,4829,marginal_standardization_over_observed_covariates_spline_df3
0.10953028378057551,0.39392883398257167,0.38557074651106377,0.40228692145407957,25996,4829,marginal_standardization_over_observed_covariates_spline_df3
0.11391812158633091,0.39466138357996305,0.3865955381208551,0.402727229039071,25996,4829,marginal_standardization_over_observed_covariates_spline_df3
0.1183059593920863,0.3953880723343574,0.38759888526630454,0.4031772594024103,25996,4829,marginal_standardization_over_observed_covariates_spline_df3
0.12269379719784171,0.39610867450091164,0.3885799393456331,0.40363740965619016,25996,4829,marginal_standardization_over_observed_covariates_spline_df3
0.1270816350035971,0.3968229643347829,0.38953790440206637,0.4041080242674995,25996,4829,marginal_standardization_over_observed_covariates_spline_df3
0.13146947280935248,0.3975307160911281,0.39047205661079815,0.4045893755714581,25996,4829,marginal_standardization_over_observed_covariates_spline_df3
0.1358573106151079,0.3982317040251042,0.39138176569626776,0.4050816423539407,25996,4829,marginal_standardization_over_observed_covariates_spline_df3
0.14024514842086327,0.3989257023918681,0.39226651741288643,0.40558488737084974,25996,4829,marginal_standardization_over_observed_covariates_spline_df3
0.14463298622661866,0.39961248544657685,0.3931259358575835,0.4060990350355702,25996,4829,marginal_standardization_over_observed_covariates_spline_df3
0.14902082403237407,0.40029182744438735,0.39395980406627107,0.40662385082250363,25996,4829,marginal_standardization_over_observed_covariates_spline_df3
0.15340866183812946,0.4009635026404566,0.39476808115301504,0.40715892412789817,25996,4829,marginal_standardization_over_observed_covariates_spline_df3
0.15779649964388484,0.40162728528994157,0.3955509142529746,0.4077036563269085,25996,4829,marginal_standardization_over_observed_covariates_spline_df3
0.16218433744964025,0.4022829496479993,0.3963086437769824,0.40825725551901626,25996,4829,marginal_standardization_over_observed_covariates_spline_df3
0.16657217525539564,0.40293026996978676,0.39704180098059255,0.40881873895898097,25996,4829,marginal_standardization_over_observed_covariates_spline_df3
0.17096001306115102,0.40356902051046073,0.3977510975397048,0.4093869434812167,25996,4829,marginal_standardization_over_observed_covariates_spline_df3
0.17534785086690644,0.40419897552517836,0.39843740760216395,0.40996054344819277,25996,4829,marginal_standardization_over_observed_covariates_spline_df3
0.17973568867266182,0.4048199092690966,0.3991017435150753,0.4105380750231179,25996,4829,marginal_standardization_over_observed_covariates_spline_df3
0.18412352647841723,0.4054315959973724,0.399745226982847,0.4111179650118978,25996,4829,marginal_standardization_over_observed_covariates_spline_df3
0.18851136428417262,0.40603380996516264,0.4003690577042764,0.4116985622260489,25996,4829,marginal_standardization_over_observed_covariates_spline_df3
0.192899202089928,0.40662632542762445,0.4009744815428719,0.412278169312377,25996,4829,marginal_standardization_over_observed_covariates_spline_df3
0.1972870398956834,0.40720891663991465,0.40156276003866315,0.41285507324116616,25996,4829,marginal_standardization_over_observed_covariates_spline_df3
0.2016748777014388,0.40778135785719033,0.40213514265061023,0.4134275730637704,25996,4829,marginal_standardization_over_observed_covariates_spline_df3
0.20606271550719418,0.4083434233346084,0.40269284262119354,0.4139940040480232,25996,4829,marginal_standardization_over_observed_covariates_spline_df3
0.2104505533129496,0.4088948873273258,0.4032370168650998,0.41455275778955186,25996,4829,marginal_standardization_over_observed_covariates_spline_df3
0.21483839111870498,0.40943552409049955,0.4037687498638746,0.4151022983171245,25996,4829,marginal_standardization_over_observed_covariates_spline_df3
0.21922622892446036,0.4099651078792867,0.40428904123021325,0.41564117452836014,25996,4829,marginal_standardization_over_observed_covariates_spline_df3
0.22361406673021578,0.41048341294884394,0.4047987963953129,0.41616802950237497,25996,4829,marginal_standardization_over_observed_covariates_spline_df3
0.22800190453597116,0.4109902135543286,0.40529881975835974,0.4166816073502974,25996,4829,marginal_standardization_over_observed_covariates_spline_df3
0.23238974234172655,0.4114852839508974,0.405789809597172,0.4171807583046228,25996,4829,marginal_standardization_over_observed_covariates_spline_df3
0.23677758014748196,0.4119683983937074,0.40627235404931816,0.41766444273809666,25996,4829,marginal_standardization_over_observed_covariates_spline_df3
0.24116541795323734,0.41243933113791553,0.4067469275118855,0.41813173476394555,25996,4829,marginal_standardization_over_observed_covariates_spline_df3
0.24555325575899273,0.4128978564386788,0.4072138868583338,0.41858182601902383,25996,4829,marginal_standardization_over_observed_covariates_spline_df3
0.24994109356474814,0.41334374855115413,0.40767346692059475,0.4190140301817135,25996,4829,marginal_standardization_over_observed_covariates_spline_df3
0.2543289313705035,0.4137767870146884,0.4081257740149004,0.4194278000144764,25996,4829,marginal_standardization_over_observed_covariates_spline_df3
0.2587167691762589,0.4141969642294799,0.408570753640626,0.41982317481833376,25996,4829,marginal_standardization_over_observed_covariates_spline_df3
0.2631046069820143,0.4146045534911261,0.4090081939936303,0.42020091298862194,25996,4829,marginal_standardization_over_observed_covariates_spline_df3
0.2674924447877697,0.41499984731526546,0.40943777958974464,0.42056191504078627,25996,4829,marginal_standardization_over_observed_covariates_spline_df3
0.2718802825935251,0.4153831382175367,0.409859107543217,0.42090716889185636,25996,4829,marginal_standardization_over_observed_covariates_spline_df3
0.2762681203992805,0.4157547187135781,0.410271700126764,0.4212377373003922,25996,4829,marginal_standardization_over_observed_covariates_spline_df3
0.28065595820503586,0.41611488131902835,0.4106750168781462,0.4215547457599105,25996,4829,marginal_standardization_over_observed_covariates_spline_df3
0.2850437960107913,0.416463918549526,0.4110684667294983,0.42185937036955373,25996,4829,marginal_standardization_over_observed_covariates_spline_df3
0.2894316338165467,0.41680212292070956,0.4114514205875651,0.422152825253854,25996,4829,marginal_standardization_over_observed_covariates_spline_df3
0.29381947162230204,0.4171297869482175,0.4118232247294348,0.42243634916700024,25996,4829,marginal_standardization_over_observed_covariates_spline_df3
0.29820730942805745,0.41744720314768835,0.4121832152923086,0.4227111910030681,25996,4829,marginal_standardization_over_observed_covariates_spline_df3
0.30259514723381287,0.4177546640347608,0.4125307340210864,0.4229785940484352,25996,4829,marginal_standardization_over_observed_covariates_spline_df3
0.3069829850395683,0.4180524621250733,0.412865145290564,0.4232397789595826,25996,4829,marginal_standardization_over_observed_covariates_spline_df3
0.31137082284532364,0.4183408899342642,0.4131858542412963,0.42349592562723215,25996,4829,marginal_standardization_over_observed_covariates_spline_df3
0.31575866065107905,0.4186202399779723,0.4134923256681945,0.42374815428775015,25996,4829,marginal_standardization_over_observed_covariates_spline_df3
0.32014649845683446,0.41889080477183605,0.41378410309562647,0.4239975064480456,25996,4829,marginal_standardization_over_observed_covariates_spline_df3
0.3245343362625898,0.419152876831494,0.4140608272871371,0.4242449263758509,25996,4829,marginal_standardization_over_observed_covariates_spline_df3
0.32892217406834523,0.4194067486725846,0.41432225330207756,0.42449124404309163,25996,4829,marginal_standardization_over_observed_covariates_spline_df3
0.33331001187410064,0.41965271281074645,0.4145682651554748,0.4247371604660181,25996,4829,marginal_standardization_over_observed_covariates_spline_df3
0.337697849679856,0.4198910617616181,0.41479888718399144,0.4249832363392448,25996,4829,marginal_standardization_over_observed_covariates_spline_df3
0.3420856874856114,0.420122088040838,0.41501429137779816,0.42522988470387785,25996,4829,marginal_standardization_over_observed_covariates_spline_df3
0.3464735252913668,0.42034608416404473,0.41521480019411966,0.4254773681339698,25996,4829,marginal_standardization_over_observed_covariates_spline_df3
0.3508613630971222,0.42056334264687695,0.41540088469205666,0.42572580060169724,25996,4829,marginal_standardization_over_observed_covariates_spline_df3
0.3552492009028776,0.42077415600497303,0.4155731581746646,0.42597515383528145,25996,4829,marginal_standardization_over_observed_covariates_spline_df3
0.359637038708633,0.4209788167539715,0.4157323658431488,0.4262252676647941,25996,4829,marginal_standardization_over_observed_covariates_spline_df3
0.36402487651438836,0.421177617409511,0.4158793712156948,0.4264758636033272,25996,4829,marginal_standardization_over_observed_covariates_spline_df3
0.3684127143201438,0.42137085048723005,0.41601514021156244,0.42672656076289767,25996,4829,marginal_standardization_over_observed_covariates_spline_df3
0.3728005521258992,0.42155880850276706,0.41614072384099815,0.42697689316453596,25996,4829,marginal_standardization_over_observed_covariates_spline_df3
0.37718838993165454,0.42174178397176076,0.41625724038338136,0.4272263275601402,25996,4829,marginal_standardization_over_observed_covariates_spline_df3
0.38157622773740996,0.42192006940984944,0.4163658578033977,0.4274742810163012,25996,4829,marginal_standardization_over_observed_covariates_spline_df3
0.38596406554316537,0.4220939573326719,0.41646777697771076,0.42772013768763306,25996,4829,marginal_standardization_over_observed_covariates_spline_df3
0.3903519033489207,0.42226374025586655,0.416564216111698,0.42796326440003507,25996,4829,marginal_standardization_over_observed_covariates_spline_df3
0.39473974115467614,0.4224297106950719,0.4166563965409188,0.428203024849225,25996,4829,marginal_standardization_over_observed_covariates_spline_df3
0.39912757896043155,0.42259216116592646,0.41674552995076103,0.4284387923810919,25996,4829,marginal_standardization_over_observed_covariates_spline_df3
0.4035154167661869,0.4227513841840689,0.41683280691792834,0.4286699614502094,25996,4829,marginal_standardization_over_observed_covariates_spline_df3
0.4079032545719423,0.4229076722651376,0.416919386580235,0.4288959579500402,25996,4829,marginal_standardization_over_observed_covariates_spline_df3
0.41229109237769773,0.42306131792477114,0.41700638717323446,0.4291162486763078,25996,4829,marginal_standardization_over_observed_covariates_spline_df3
0.4166789301834531,0.4232126130099251,0.41709487517311356,0.4293303508467366,25996,4829,marginal_standardization_over_observed_covariates_spline_df3
0.4210667679892085,0.4233617650597128,0.4171856093948122,0.4295379207246134,25996,4829,marginal_standardization_over_observed_covariates_spline_df3
0.4254546057949639,0.4235088160151291,0.41727877956431886,0.4297388524659393,25996,4829,marginal_standardization_over_observed_covariates_spline_df3
0.42984244360071927,0.42365378852885466,0.41737442619269655,0.42993315086501277,25996,4829,marginal_standardization_over_observed_covariates_spline_df3
0.4342302814064747,0.4237967052535707,0.4174725037114154,0.430120906795726,25996,4829,marginal_standardization_over_observed_covariates_spline_df3
0.4386181192122301,0.42393758884195804,0.41757288665777725,0.4303022910261388,25996,4829,marginal_standardization_over_observed_covariates_spline_df3
0.44300595701798545,0.4240764619466977,0.4176753747360106,0.4304775491573848,25996,4829,marginal_standardization_over_observed_covariates_spline_df3
0.44739379482374086,0.4242133472204707,0.41777969694277317,0.43064699749816826,25996,4829,marginal_standardization_over_observed_covariates_spline_df3
0.4517816326294963,0.4243482673159579,0.41788551494177917,0.4308110196901367,25996,4829,marginal_standardization_over_observed_covariates_spline_df3
0.45616947043525163,0.4244812448858404,0.4179924258691637,0.4309700639025171,25996,4829,marginal_standardization_over_observed_covariates_spline_df3
0.46055730824100705,0.4246123025827991,0.41809996475000544,0.43112464041559273,25996,4829,marginal_standardization_over_observed_covariates_spline_df3
0.46494514604676246,0.424741463059515,0.41820760670738644,0.43127531941164354,25996,4829,marginal_standardization_over_observed_covariates_spline_df3
0.4693329838525178,0.4248687489686691,0.4183147691480286,0.4314227287893096,25996,4829,marginal_standardization_over_observed_covariates_spline_df3
0.47372082165827323,0.42499418296294234,0.4184208141119006,0.4315675518139841,25996,4829,marginal_standardization_over_observed_covariates_spline_df3
0.47810865946402864,0.4251177876950157,0.41852505097565723,0.43171052441437413,25996,4829,marginal_standardization_over_observed_covariates_spline_df3
0.48249649726978405,0.4252395858175701,0.41862673969926384,0.43185243193587636,25996,4829,marginal_standardization_over_observed_covariates_spline_df3
0.4868843350755394,0.4253595999832867,0.41872509479911707,0.43199410516745634,25996,4829,marginal_standardization_over_observed_covariates_spline_df3
0.4912721728812948,0.42547785284484624,0.41881929021654934,0.43213641547314313,25996,4829,marginal_standardization_over_observed_covariates_spline_df3
0.49566001068705023,0.42559436705492987,0.4189084652249127,0.432280268884947,25996,4829,marginal_standardization_over_observed_covariates_spline_df3
0.5000478484928056,0.42570916526621844,0.4189917314789528,0.4324265990534841,25996,4829,marginal_standardization_over_observed_covariates_spline_df3
0.504435686298561,0.42582227013139307,0.4190681812553172,0.43257635900746894,25996,4829,marginal_standardization_over_observed_covariates_spline_df3
0.5088235241043164,0.4259337043031346,0.41913689686271627,0.4327305117435529,25996,4829,marginal_standardization_over_observed_covariates_spline_df3
0.5132113619100718,0.4260434904341241,0.41919696111659643,0.43289001975165176,25996,4829,marginal_standardization_over_observed_covariates_spline_df3
0.5175991997158271,0.42615165117704246,0.41924746868088897,0.43305583367319594,25996,4829,marginal_standardization_over_observed_covariates_spline_df3
0.5219870375215826,0.42625820918457075,0.41928753798590845,0.43322888038323304,25996,4829,marginal_standardization_over_observed_covariates_spline_df3
0.526374875327338,0.4263631871093898,0.4193163233464452,0.4334100508723344,25996,4829,marginal_standardization_over_observed_covariates_spline_df3
0.5307627131330933,0.4264666076041808,0.41933302683840873,0.4336001883699529,25996,4829,marginal_standardization_over_observed_covariates_spline_df3
0.5351505509388488,0.4265684933216245,0.41933690945641816,0.43380007718683083,25996,4829,marginal_standardization_over_observed_covariates_spline_df3
0.5395383887446041,0.42666886691440203,0.41932730107650307,0.434010432752301,25996,4829,marginal_standardization_over_observed_covariates_spline_df3
0.5439262265503595,0.4267677510351943,0.41930360879128253,0.4342318932791061,25996,4829,marginal_standardization_over_observed_covariates_spline_df3
0.5483140643561148,0.42686516833668237,0.41926532326786586,0.43446501340549887,25996,4829,marginal_standardization_over_observed_covariates_spline_df3
0.5527019021618703,0.42696114147154707,0.41921202289373216,0.434710260049362,25996,4829,marginal_standardization_over_observed_covariates_spline_df3
0.5570897399676257,0.4270556930924695,0.4191433756107408,0.4349680105741982,25996,4829,marginal_standardization_over_observed_covariates_spline_df3
0.561477577773381,0.4271488458521306,0.41905913847715354,0.43523855322710764,25996,4829,marginal_standardization_over_observed_covariates_spline_df3
0.5658654155791365,0.42724062240321126,0.41895915512691284,0.43552208967950967,25996,4829,marginal_standardization_over_observed_covariates_spline_df3
0.5702532533848919,0.4273310453983926,0.4188433514015453,0.4358187393952399,25996,4829,marginal_standardization_over_observed_covariates_spline_df3
0.5746410911906472,0.4274201374903554,0.41871172950430496,0.43612854547640584,25996,4829,marginal_standardization_over_observed_covariates_spline_df3
0.5790289289964027,0.42750792133178084,0.41856436106500655,0.4364514815985551,25996,4829,marginal_standardization_over_observed_covariates_spline_df3
0.583416766802158,0.4275944195753498,0.41840137950877576,0.4367874596419239,25996,4829,marginal_standardization_over_observed_covariates_spline_df3
0.5878046046079134,0.4276796548737434,0.41822297209789666,0.4371363376495901,25996,4829,marginal_standardization_over_observed_covariates_spline_df3
0.5921924424136689,0.42776364987964227,0.4180293719706187,0.43749792778866586,25996,4829,marginal_standardization_over_observed_covariates_spline_df3
0.5965802802194242,0.4278464272457278,0.41782085044254685,0.43787200404890875,25996,4829,marginal_standardization_over_observed_covariates_spline_df3
0.6009681180251796,0.4279280096246807,0.4175977097728748,0.4382583094764866,25996,4829,marginal_standardization_over_observed_covariates_spline_df3
0.605355955830935,0.42800841966918196,0.4173602765356501,0.4386565628027138,25996,4829,marginal_standardization_over_observed_covariates_spline_df3
0.6097437936366904,0.4280876800319126,0.4171088956800533,0.4390664643837719,25996,4829,marginal_standardization_over_observed_covariates_spline_df3
0.6141316314424458,0.42816581336555365,0.4168439253160972,0.4394877014150101,25996,4829,marginal_standardization_over_observed_covariates_spline_df3
0.6185194692482012,0.428242842322786,0.41656573222436377,0.4399199524212082,25996,4829,marginal_standardization_over_observed_covariates_spline_df3
0.6229073070539566,0.42831878955629077,0.41627468806033385,0.4403628910522477,25996,4829,marginal_standardization_over_observed_covariates_spline_df3
0.6272951448597119,0.42839367771874876,0.4159711662046561,0.44081618923284144,25996,4829,marginal_standardization_over_observed_covariates_spline_df3
0.6316829826654674,0.4284675294628409,0.4156555391990248,0.44127951972665697,25996,4829,marginal_standardization_over_observed_covariates_spline_df3
0.6360708204712228,0.4285403674412484,0.4153281767016781,0.4417525581808187,25996,4829,marginal_standardization_over_observed_covariates_spline_df3
0.6404586582769781,0.4286122143066521,0.4149894438954367,0.4422349847178675,25996,4829,marginal_standardization_over_observed_covariates_spline_df3
0.6448464960827336,0.42868309271173305,0.41463970028335234,0.44272648514011376,25996,4829,marginal_standardization_over_observed_covariates_spline_df3
0.649234333888489,0.4287530253091721,0.4142792988113122,0.44322675180703197,25996,4829,marginal_standardization_over_observed_covariates_spline_df3
0.6536221716942443,0.42882203475165026,0.413908585262482,0.44373548424081855,25996,4829,marginal_standardization_over_observed_covariates_spline_df3
0.6580100094999998,0.4288901436918485,0.41352789787459004,0.444252389509107,25996,4829,marginal_standardization_over_observed_covariates_spline_df3
