transcript_id,transcript_pos_1based,coordinate_basis,icshape_reactivity,transcript_base,gene_id,gene_name,exon_number,exon_count,case_type,hg19_chr,hg19_pos_1based,hg19_strand,liftover_mapping_count,mapping_status,hg38_chr,hg38_pos_1based,hg38_strand,chain_score,glori_match,coverage_up10,coverage_down10,coverage_flank10,coverage_flank50,check_id,hg38_reference_base,expected_genomic_base,check_transcript_base_A,check_hg38_center_base,check_liftover_roundtrip,check_pass
ENST00000000233,29,1-based_transcript_oriented,0.0,A,ENSG00000004059,ARF5,1,6,exon_internal,chr7,127228427,+,1,unique,chr7,127588373,+,14633688187,True,0.1,1.0,0.55,nan,HEK_CHECK_001,A,A,True,True,True,True
ENST00000000233,34,1-based_transcript_oriented,0.514,A,ENSG00000004059,ARF5,1,6,exon_internal,chr7,127228432,+,1,unique,chr7,127588378,+,14633688187,True,0.6,1.0,0.8,nan,HEK_CHECK_002,A,A,True,True,True,True
ENST00000000233,914,1-based_transcript_oriented,0.222,A,ENSG00000004059,ARF5,6,6,exon_internal,chr7,127231570,+,1,unique,chr7,127591516,+,14633688187,True,1.0,1.0,1.0,1.0,HEK_CHECK_003,A,A,True,True,True,True
ENST00000000233,38,1-based_transcript_oriented,0.037,A,ENSG00000004059,ARF5,1,6,exon_internal,chr7,127228436,+,1,unique,chr7,127588382,+,14633688187,False,1.0,1.0,1.0,nan,HEK_CHECK_004,A,A,True,True,True,True
ENST00000000233,46,1-based_transcript_oriented,0.021,A,ENSG00000004059,ARF5,1,6,exon_internal,chr7,127228444,+,1,unique,chr7,127588390,+,14633688187,False,1.0,1.0,1.0,nan,HEK_CHECK_005,A,A,True,True,True,True
ENST00000000233,58,1-based_transcript_oriented,0.411,A,ENSG00000004059,ARF5,1,6,exon_internal,chr7,127228456,+,1,unique,chr7,127588402,+,14633688187,False,1.0,1.0,1.0,0.8,HEK_CHECK_006,A,A,True,True,True,True
ENST00000216832,858,1-based_transcript_oriented,0.25,A,ENSG00000100941,PNN,8,9,splice_boundary,chr14,39648664,+,1,unique,chr14,39179460,+,8343022327,True,1.0,1.0,1.0,1.0,HEK_CHECK_007,A,A,True,True,True,True
ENST00000236957,453,1-based_transcript_oriented,0.665,A,ENSG00000114942,EEF1B2,5,7,splice_boundary,chr2,207026763,+,1,unique,chr2,206162039,+,22495713365,True,1.0,1.0,1.0,1.0,HEK_CHECK_008,A,A,True,True,True,True
ENST00000258091,585,1-based_transcript_oriented,0.608,A,ENSG00000135624,CCT7,5,12,splice_boundary,chr2,73471175,+,1,unique,chr2,73244047,+,22495713365,True,1.0,1.0,1.0,0.76,HEK_CHECK_009,A,A,True,True,True,True
ENST00000000233,301,1-based_transcript_oriented,0.08,A,ENSG00000004059,ARF5,2,6,splice_boundary,chr7,127229216,+,1,unique,chr7,127589162,+,14633688187,False,1.0,1.0,1.0,1.0,HEK_CHECK_010,A,A,True,True,True,True
ENST00000000233,411,1-based_transcript_oriented,0.0,A,ENSG00000004059,ARF5,3,6,splice_boundary,chr7,127229647,+,1,unique,chr7,127589593,+,14633688187,False,1.0,1.0,1.0,1.0,HEK_CHECK_011,A,A,True,True,True,True
ENST00000000233,482,1-based_transcript_oriented,0.29,A,ENSG00000004059,ARF5,4,6,splice_boundary,chr7,127230189,+,1,unique,chr7,127590135,+,14633688187,False,1.0,1.0,1.0,1.0,HEK_CHECK_012,A,A,True,True,True,True
ENST00000002165,573,1-based_transcript_oriented,0.0,A,ENSG00000001036,FUCA2,3,7,exon_internal,chr6,143825285,-,1,unique,chr6,143504148,-,15728552471,True,0.6,1.0,0.8,0.25,HEK_CHECK_013,T,T,True,True,True,True
ENST00000002165,590,1-based_transcript_oriented,0.08,A,ENSG00000001036,FUCA2,3,7,exon_internal,chr6,143825268,-,1,unique,chr6,143504131,-,15728552471,True,1.0,0.2,0.6,0.25,HEK_CHECK_014,T,T,True,True,True,True
ENST00000002165,1388,1-based_transcript_oriented,0.067,A,ENSG00000001036,FUCA2,7,7,exon_internal,chr6,143816916,-,1,unique,chr6,143495779,-,15728552471,True,1.0,1.0,1.0,1.0,HEK_CHECK_015,T,T,True,True,True,True
ENST00000002165,567,1-based_transcript_oriented,0.924,A,ENSG00000001036,FUCA2,3,7,exon_internal,chr6,143825291,-,1,unique,chr6,143504154,-,15728552471,False,0.0,1.0,0.5,0.25,HEK_CHECK_016,T,T,True,True,True,True
ENST00000002165,568,1-based_transcript_oriented,0.019,A,ENSG00000001036,FUCA2,3,7,exon_internal,chr6,143825290,-,1,unique,chr6,143504153,-,15728552471,False,0.1,1.0,0.55,0.25,HEK_CHECK_017,T,T,True,True,True,True
ENST00000002165,570,1-based_transcript_oriented,0.193,A,ENSG00000001036,FUCA2,3,7,exon_internal,chr6,143825288,-,1,unique,chr6,143504151,-,15728552471,False,0.3,1.0,0.65,0.25,HEK_CHECK_018,T,T,True,True,True,True
ENST00000216218,1278,1-based_transcript_oriented,0.094,A,ENSG00000100380,ST13,9,12,splice_boundary,chr22,41226846,-,1,unique,chr22,40830842,-,3231095979,True,1.0,0.8,0.9,0.98,HEK_CHECK_019,T,T,True,True,True,True
ENST00000228825,524,1-based_transcript_oriented,0.237,A,ENSG00000111229,ARPC3,5,7,splice_boundary,chr12,110874364,-,1,unique,chr12,110436559,-,12341034620,True,1.0,1.0,1.0,1.0,HEK_CHECK_020,T,T,True,True,True,True
ENST00000291386,534,1-based_transcript_oriented,0.055,A,ENSG00000160075,SSU72,2,5,splice_boundary,chr1,1500155,-,1,unique,chr1,1564775,-,20851231461,True,1.0,1.0,1.0,0.65,HEK_CHECK_021,T,T,True,True,True,True
ENST00000002165,1318,1-based_transcript_oriented,0.17,A,ENSG00000001036,FUCA2,6,7,splice_boundary,chr6,143818527,-,1,unique,chr6,143497390,-,15728552471,False,1.0,1.0,1.0,1.0,HEK_CHECK_022,T,T,True,True,True,True
ENST00000003607,507,1-based_transcript_oriented,0.449,A,ENSG00000004142,POLDIP2,4,11,splice_boundary,chr17,26680723,-,1,unique,chr17,28353697,-,7373267797,False,0.4,1.0,0.7,0.61,HEK_CHECK_023,T,T,True,True,True,True
ENST00000003607,509,1-based_transcript_oriented,1.0,A,ENSG00000004142,POLDIP2,4,11,splice_boundary,chr17,26680721,-,1,unique,chr17,28353695,-,7373267797,False,0.6,1.0,0.8,0.61,HEK_CHECK_024,T,T,True,True,True,True
ENST00000000233,85,1-based_transcript_oriented,0.39,A,ENSG00000004059,ARF5,1,6,exon_internal,chr7,127228483,+,1,unique,chr7,127588429,+,14633688187,False,1.0,1.0,1.0,0.84,HEK_CHECK_025,A,A,True,True,True,True
ENST00000000233,103,1-based_transcript_oriented,0.681,A,ENSG00000004059,ARF5,1,6,exon_internal,chr7,127228501,+,1,unique,chr7,127588447,+,14633688187,False,1.0,1.0,1.0,0.66,HEK_CHECK_026,A,A,True,True,True,True
ENST00000000233,109,1-based_transcript_oriented,0.203,A,ENSG00000004059,ARF5,1,6,exon_internal,chr7,127228507,+,1,unique,chr7,127588453,+,14633688187,False,1.0,1.0,1.0,0.6,HEK_CHECK_027,A,A,True,True,True,True
ENST00000000233,116,1-based_transcript_oriented,0.033,A,ENSG00000004059,ARF5,1,6,exon_internal,chr7,127228514,+,1,unique,chr7,127588460,+,14633688187,False,1.0,0.3,0.65,0.56,HEK_CHECK_028,A,A,True,True,True,True
ENST00000000233,164,1-based_transcript_oriented,0.24,A,ENSG00000004059,ARF5,1,6,exon_internal,chr7,127228562,+,1,unique,chr7,127588508,+,14633688187,False,0.0,1.0,0.5,0.56,HEK_CHECK_029,A,A,True,True,True,True
ENST00000000233,188,1-based_transcript_oriented,1.0,A,ENSG00000004059,ARF5,1,6,exon_internal,chr7,127228586,+,1,unique,chr7,127588532,+,14633688187,False,1.0,1.0,1.0,0.74,HEK_CHECK_030,A,A,True,True,True,True
