cohort,model,bin_index,development_label_quantile_low,development_label_quantile_high,bin_count,mean_prediction,mean_observed,mean_signed_error_prediction_minus_observed
HEK_reused_test,M0,1,0.10023678,0.12735849,7,0.11569383857142858,0.16631131142857145,-0.05061747285714285
HEK_reused_test,M0,2,0.12735849,0.15403423,6,0.146119995,0.22028585499999997,-0.07416585999999999
HEK_reused_test,M0,3,0.15403423,0.18875667,23,0.1766786991304348,0.28585818782608696,-0.10917948869565218
HEK_reused_test,M0,4,0.18875667,0.23241455,39,0.21133971717948713,0.2715897974358974,-0.060250080256410266
HEK_reused_test,M0,5,0.23241455,0.29487179,99,0.2636294593939394,0.2517585,0.011870959393939392
HEK_reused_test,M0,6,0.29487179,0.3816982700000002,186,0.33557893623655916,0.3563543330645162,-0.02077539682795699
HEK_reused_test,M0,7,0.3816982700000002,0.50332942,354,0.44435642104519774,0.40234185005649714,0.04201457098870056
HEK_reused_test,M0,8,0.50332942,0.67105263,110,0.5474551359090909,0.5870548944545454,-0.03959975854545455
HEK_reused_test,M0,9,0.67105263,0.84568875,1,0.6839925,0.78846154,-0.10446904000000001
HEK_reused_test,M0,10,0.84568875,1.0,0,,,
HEK_reused_test,M1,1,0.10023678,0.12735849,24,0.07735487997408642,0.31399374041666667,-0.23663886044258023
HEK_reused_test,M1,2,0.12735849,0.15403423,10,0.14122631478839792,0.25852867799999996,-0.11730236321160208
HEK_reused_test,M1,3,0.15403423,0.18875667,11,0.17697115607443667,0.23770975909090913,-0.060738603016472444
HEK_reused_test,M1,4,0.18875667,0.23241455,45,0.21335087190388438,0.21398078111111116,-0.0006299092072266538
HEK_reused_test,M1,5,0.23241455,0.29487179,102,0.27013173399858514,0.25838315186274513,0.011748582135840043
HEK_reused_test,M1,6,0.29487179,0.3816982700000002,183,0.3384239743360225,0.33499986289617484,0.0034241114398476536
HEK_reused_test,M1,7,0.3816982700000002,0.50332942,315,0.43659841813843675,0.42178597015873015,0.014812447979706595
HEK_reused_test,M1,8,0.50332942,0.67105263,126,0.5602451221699801,0.5479830853968253,0.012262036773154647
HEK_reused_test,M1,9,0.67105263,0.84568875,9,0.7037254997451284,0.7465069133333333,-0.042781413588204927
HEK_reused_test,M1,10,0.84568875,1.0,0,,,
HEK_reused_test,M2,1,0.10023678,0.12735849,27,0.0694854317778995,0.28797127,-0.21848583822210055
HEK_reused_test,M2,2,0.12735849,0.15403423,15,0.13634024956805407,0.24240115799999995,-0.1060609084319459
HEK_reused_test,M2,3,0.15403423,0.18875667,20,0.17719276598474862,0.23030977999999996,-0.05311701401525139
HEK_reused_test,M2,4,0.18875667,0.23241455,39,0.21030682877476473,0.24483980692307697,-0.03453297814831214
HEK_reused_test,M2,5,0.23241455,0.29487179,97,0.2624308480477357,0.30828948402061856,-0.04585863597288286
HEK_reused_test,M2,6,0.29487179,0.3816982700000002,204,0.3397237599375361,0.34081676352941176,-0.0010930035918755691
HEK_reused_test,M2,7,0.3816982700000002,0.50332942,273,0.44076554164202825,0.41031895926739925,0.03044658237462898
HEK_reused_test,M2,8,0.50332942,0.67105263,140,0.5614654088896668,0.5324934028571428,0.02897200603252398
HEK_reused_test,M2,9,0.67105263,0.84568875,10,0.7157234077993658,0.708910531,0.006812876799365852
HEK_reused_test,M2,10,0.84568875,1.0,0,,,
HEK_reused_test,M3,1,0.10023678,0.12735849,22,0.07265912695537118,0.2837575872727273,-0.21109846031735605
HEK_reused_test,M3,2,0.12735849,0.15403423,11,0.13951001589511786,0.3416880472727272,-0.20217803137760937
HEK_reused_test,M3,3,0.15403423,0.18875667,14,0.17538993023199612,0.2120570792857143,-0.03666714905371816
HEK_reused_test,M3,4,0.18875667,0.23241455,42,0.21450577011501243,0.22084236261904763,-0.006336592504035211
HEK_reused_test,M3,5,0.23241455,0.29487179,99,0.26867045390618544,0.26117978555555554,0.007490668350629883
HEK_reused_test,M3,6,0.29487179,0.3816982700000002,188,0.33829352559183035,0.33128255978723403,0.0070109658045963185
HEK_reused_test,M3,7,0.3816982700000002,0.50332942,312,0.4360652354677605,0.41910655115384615,0.0169586843139144
HEK_reused_test,M3,8,0.50332942,0.67105263,127,0.5590505865057386,0.5497601685826771,0.009290417923061409
HEK_reused_test,M3,9,0.67105263,0.84568875,10,0.7025315728539933,0.768802787,-0.0662712141460068
HEK_reused_test,M3,10,0.84568875,1.0,0,,,
HEK_reused_test,M4,1,0.10023678,0.12735849,27,0.06952075254713928,0.28797127,-0.21845051745286068
HEK_reused_test,M4,2,0.12735849,0.15403423,15,0.1357972125007642,0.24240115799999995,-0.10660394549923578
HEK_reused_test,M4,3,0.15403423,0.18875667,17,0.1764538978796413,0.2279428217647059,-0.05148892388506459
HEK_reused_test,M4,4,0.18875667,0.23241455,44,0.2095893761220526,0.24776672045454548,-0.0381773443324928
HEK_reused_test,M4,5,0.23241455,0.29487179,95,0.26260832615629437,0.30704373715789474,-0.044435411001600436
HEK_reused_test,M4,6,0.29487179,0.3816982700000002,204,0.34009660013686127,0.3437556360784314,-0.0036590359415700877
HEK_reused_test,M4,7,0.3816982700000002,0.50332942,273,0.44102021020152626,0.4065884791208791,0.034431731080647184
HEK_reused_test,M4,8,0.50332942,0.67105263,140,0.5613926629604078,0.5362934057142857,0.02509925724612211
HEK_reused_test,M4,9,0.67105263,0.84568875,10,0.7179636447259983,0.708910531,0.00905311372599813
HEK_reused_test,M4,10,0.84568875,1.0,0,,,
HEK_reused_test,C_dev_median,1,0.10023678,0.12735849,0,,,
HEK_reused_test,C_dev_median,2,0.12735849,0.15403423,0,,,
HEK_reused_test,C_dev_median,3,0.15403423,0.18875667,0,,,
HEK_reused_test,C_dev_median,4,0.18875667,0.23241455,0,,,
HEK_reused_test,C_dev_median,5,0.23241455,0.29487179,0,,,
HEK_reused_test,C_dev_median,6,0.29487179,0.3816982700000002,825,0.2948717900000001,0.38624502670303035,-0.09137323670303028
HEK_reused_test,C_dev_median,7,0.3816982700000002,0.50332942,0,,,
HEK_reused_test,C_dev_median,8,0.50332942,0.67105263,0,,,
HEK_reused_test,C_dev_median,9,0.67105263,0.84568875,0,,,
HEK_reused_test,C_dev_median,10,0.84568875,1.0,0,,,
HeLa_all_qualifying,M0,1,0.10023678,0.12735849,44,0.08501507559090908,0.27355042522727274,-0.18853534963636365
HeLa_all_qualifying,M0,2,0.12735849,0.15403423,28,0.14199637928571426,0.20429739142857142,-0.06230101214285714
HeLa_all_qualifying,M0,3,0.15403423,0.18875667,181,0.17511472132596687,0.29039977795580113,-0.11528505662983425
HeLa_all_qualifying,M0,4,0.18875667,0.23241455,1081,0.21595645867715077,0.2611179675763182,-0.04516150889916744
HeLa_all_qualifying,M0,5,0.23241455,0.29487179,3481,0.2637805421200804,0.29356279895432347,-0.029782256834243032
HeLa_all_qualifying,M0,6,0.29487179,0.3816982700000002,6814,0.3377354813604344,0.35910212237305544,-0.021366641012621073
HeLa_all_qualifying,M0,7,0.3816982700000002,0.50332942,10081,0.4451305942148597,0.4683104900099197,-0.023179895795060013
HeLa_all_qualifying,M0,8,0.50332942,0.67105263,3129,0.5395972149057208,0.5926564830584852,-0.05305926815276446
HeLa_all_qualifying,M0,9,0.67105263,0.84568875,116,0.7203266762931034,0.5256048545689654,0.194721821724138
HeLa_all_qualifying,M0,10,0.84568875,1.0,5,0.87310087,0.6272212859999999,0.245879584
HeLa_all_qualifying,M1,1,0.10023678,0.12735849,101,0.08745920878608077,0.27028045821782176,-0.182821249431741
HeLa_all_qualifying,M1,2,0.12735849,0.15403423,69,0.14219422832427367,0.2258277479710145,-0.08363351964674084
HeLa_all_qualifying,M1,3,0.15403423,0.18875667,195,0.1738655881824794,0.25930984169230764,-0.08544425350982826
HeLa_all_qualifying,M1,4,0.18875667,0.23241455,511,0.21380816654552234,0.2690410204109589,-0.05523285386543655
HeLa_all_qualifying,M1,5,0.23241455,0.29487179,1632,0.26743812451365034,0.28661519620710785,-0.01917707169345751
HeLa_all_qualifying,M1,6,0.29487179,0.3816982700000002,4827,0.34294792704187305,0.33136964723430706,0.011578279807566037
HeLa_all_qualifying,M1,7,0.3816982700000002,0.50332942,9839,0.44281753726025286,0.4137631543825592,0.02905438287769369
HeLa_all_qualifying,M1,8,0.50332942,0.67105263,6992,0.5670124005109469,0.5140649340532036,0.052947466457743335
HeLa_all_qualifying,M1,9,0.67105263,0.84568875,786,0.7164222336909233,0.6250378164885496,0.09138441720237378
HeLa_all_qualifying,M1,10,0.84568875,1.0,8,0.866644905079198,0.76591509875,0.10072980632919797
HeLa_all_qualifying,M2,1,0.10023678,0.12735849,172,0.07976973979303988,0.2597225472674418,-0.179952807474402
HeLa_all_qualifying,M2,2,0.12735849,0.15403423,109,0.14097505088046028,0.271009664587156,-0.1300346137066957
HeLa_all_qualifying,M2,3,0.15403423,0.18875667,251,0.17183167510657973,0.268139304501992,-0.09630762939541233
HeLa_all_qualifying,M2,4,0.18875667,0.23241455,632,0.2137741498927387,0.28940414367088607,-0.07562999377814734
HeLa_all_qualifying,M2,5,0.23241455,0.29487179,1779,0.2669711461923363,0.29653618379426644,-0.029565037601930126
HeLa_all_qualifying,M2,6,0.29487179,0.3816982700000002,4679,0.3426722716114009,0.34822644995511864,-0.005554178343717707
HeLa_all_qualifying,M2,7,0.3816982700000002,0.50332942,8785,0.4429918800757856,0.4105569709607285,0.03243490911505709
HeLa_all_qualifying,M2,8,0.50332942,0.67105263,7366,0.5692169702953327,0.4962616199429813,0.07295535035235141
HeLa_all_qualifying,M2,9,0.67105263,0.84568875,1159,0.7209349972226516,0.6054238432873166,0.11551115393533498
HeLa_all_qualifying,M2,10,0.84568875,1.0,28,0.8811756970256527,0.5631209075,0.3180547895256525
HeLa_all_qualifying,M3,1,0.10023678,0.12735849,87,0.08601026301339268,0.27278580310344835,-0.18677554009005562
HeLa_all_qualifying,M3,2,0.12735849,0.15403423,66,0.1401390453015713,0.22154860545454547,-0.08140956015297417
HeLa_all_qualifying,M3,3,0.15403423,0.18875667,191,0.17467668351976942,0.2523055760209424,-0.077628892501173
HeLa_all_qualifying,M3,4,0.18875667,0.23241455,462,0.21387999798019228,0.27238465536796536,-0.05850465738777308
HeLa_all_qualifying,M3,5,0.23241455,0.29487179,1608,0.26783275169876564,0.284888061840796,-0.017055310142030343
HeLa_all_qualifying,M3,6,0.29487179,0.3816982700000002,4670,0.34330901227812477,0.3293845463511777,0.013924465926947068
HeLa_all_qualifying,M3,7,0.3816982700000002,0.50332942,9858,0.443124322931586,0.41069053549604384,0.032433787435542115
HeLa_all_qualifying,M3,8,0.50332942,0.67105263,7162,0.5672152170301579,0.5117647276542865,0.05545048937587136
HeLa_all_qualifying,M3,9,0.67105263,0.84568875,845,0.7158048592421795,0.6281281277159763,0.08767673152620328
HeLa_all_qualifying,M3,10,0.84568875,1.0,11,0.8636195880240298,0.6946198590909091,0.1689997289331208
HeLa_all_qualifying,M4,1,0.10023678,0.12735849,163,0.08044017881786031,0.2619408582822086,-0.18150067946434828
HeLa_all_qualifying,M4,2,0.12735849,0.15403423,101,0.14171931219530715,0.26323510732673266,-0.12151579513142553
HeLa_all_qualifying,M4,3,0.15403423,0.18875667,237,0.17175636165329003,0.2630968569198312,-0.0913404952665412
HeLa_all_qualifying,M4,4,0.18875667,0.23241455,593,0.21347758236258904,0.28242070878583475,-0.0689431264232457
HeLa_all_qualifying,M4,5,0.23241455,0.29487179,1741,0.2668726296629408,0.3022588714876508,-0.03538624182470995
HeLa_all_qualifying,M4,6,0.29487179,0.3816982700000002,4611,0.3429000536886313,0.344279794209499,-0.0013797405208676836
HeLa_all_qualifying,M4,7,0.3816982700000002,0.50332942,8795,0.44340137459114226,0.4089591829982945,0.03444219159284776
HeLa_all_qualifying,M4,8,0.50332942,0.67105263,7465,0.5694981773429066,0.4945333782799732,0.07496479906293338
HeLa_all_qualifying,M4,9,0.67105263,0.84568875,1220,0.720452365165564,0.6069867422131147,0.1134656229524493
HeLa_all_qualifying,M4,10,0.84568875,1.0,34,0.8772346298781906,0.5628521161764705,0.31438251370172005
HeLa_all_qualifying,C_dev_median,1,0.10023678,0.12735849,0,,,
HeLa_all_qualifying,C_dev_median,2,0.12735849,0.15403423,0,,,
HeLa_all_qualifying,C_dev_median,3,0.15403423,0.18875667,0,,,
HeLa_all_qualifying,C_dev_median,4,0.18875667,0.23241455,0,,,
HeLa_all_qualifying,C_dev_median,5,0.23241455,0.29487179,0,,,
HeLa_all_qualifying,C_dev_median,6,0.29487179,0.3816982700000002,24960,0.2948717900000001,0.41910928879326925,-0.1242374987932692
HeLa_all_qualifying,C_dev_median,7,0.3816982700000002,0.50332942,0,,,
HeLa_all_qualifying,C_dev_median,8,0.50332942,0.67105263,0,,,
HeLa_all_qualifying,C_dev_median,9,0.67105263,0.84568875,0,,,
HeLa_all_qualifying,C_dev_median,10,0.84568875,1.0,0,,,
HeLa_development_overlap_excluded,M0,1,0.10023678,0.12735849,40,0.0860197471,0.24945859075000004,-0.16343884365
HeLa_development_overlap_excluded,M0,2,0.12735849,0.15403423,24,0.14227157083333333,0.19682445583333333,-0.054552885
HeLa_development_overlap_excluded,M0,3,0.15403423,0.18875667,154,0.17434465493506496,0.3004483684415585,-0.1261037135064935
HeLa_development_overlap_excluded,M0,4,0.18875667,0.23241455,936,0.21625124810897434,0.2677949594871795,-0.051543711378205126
HeLa_development_overlap_excluded,M0,5,0.23241455,0.29487179,3163,0.2637000780177047,0.29714928284539993,-0.03344920482769523
HeLa_development_overlap_excluded,M0,6,0.29487179,0.3816982700000002,6118,0.3376022275858123,0.36334178795848315,-0.025739560372670806
HeLa_development_overlap_excluded,M0,7,0.3816982700000002,0.50332942,8936,0.44504867248545205,0.4725198092188898,-0.02747113673343778
HeLa_development_overlap_excluded,M0,8,0.50332942,0.67105263,2770,0.5389583454620939,0.5908620575812275,-0.05190371211913357
HeLa_development_overlap_excluded,M0,9,0.67105263,0.84568875,110,0.7221007668181817,0.5256605063636364,0.19644026045454546
HeLa_development_overlap_excluded,M0,10,0.84568875,1.0,5,0.87310087,0.6272212859999999,0.245879584
HeLa_development_overlap_excluded,M1,1,0.10023678,0.12735849,82,0.08989526874766818,0.2822913957317073,-0.19239612698403916
HeLa_development_overlap_excluded,M1,2,0.12735849,0.15403423,55,0.14252894396250962,0.22395955290909092,-0.08143060894658126
HeLa_development_overlap_excluded,M1,3,0.15403423,0.18875667,160,0.17373890345475945,0.27136576300000004,-0.09762685954524056
HeLa_development_overlap_excluded,M1,4,0.18875667,0.23241455,423,0.2142735064821418,0.2797682938534279,-0.0654947873712861
HeLa_development_overlap_excluded,M1,5,0.23241455,0.29487179,1400,0.26746495730733066,0.29583034046428575,-0.02836538315695507
HeLa_development_overlap_excluded,M1,6,0.29487179,0.3816982700000002,4150,0.34289849962067764,0.3389314776361446,0.0039670219845330985
HeLa_development_overlap_excluded,M1,7,0.3816982700000002,0.50332942,8852,0.4429924449571739,0.4152774696769092,0.027714975280264724
HeLa_development_overlap_excluded,M1,8,0.50332942,0.67105263,6389,0.5669280275510865,0.5072088275489122,0.05971920000217435
HeLa_development_overlap_excluded,M1,9,0.67105263,0.84568875,737,0.7162628976958239,0.6157994679918588,0.10046342970396509
HeLa_development_overlap_excluded,M1,10,0.84568875,1.0,8,0.866644905079198,0.76591509875,0.10072980632919797
HeLa_development_overlap_excluded,M2,1,0.10023678,0.12735849,137,0.08049384787859284,0.2723316828467154,-0.19183783496812248
HeLa_development_overlap_excluded,M2,2,0.12735849,0.15403423,85,0.14084588382234764,0.28052730023529415,-0.1396814164129465
HeLa_development_overlap_excluded,M2,3,0.15403423,0.18875667,213,0.17178068373678926,0.28187248938967135,-0.11009180565288205
HeLa_development_overlap_excluded,M2,4,0.18875667,0.23241455,546,0.214283524687928,0.3009042646153846,-0.08662073992745666
HeLa_development_overlap_excluded,M2,5,0.23241455,0.29487179,1502,0.26700026668429233,0.307043324460719,-0.04004305777642674
HeLa_development_overlap_excluded,M2,6,0.29487179,0.3816982700000002,4099,0.34289560026195187,0.3579419889899976,-0.015046388728045689
HeLa_development_overlap_excluded,M2,7,0.3816982700000002,0.50332942,7845,0.44339175212847154,0.41198438104397705,0.03140737108449446
HeLa_development_overlap_excluded,M2,8,0.50332942,0.67105263,6734,0.5692538822160683,0.490381530007425,0.07887235220864325
HeLa_development_overlap_excluded,M2,9,0.67105263,0.84568875,1068,0.7213063621319443,0.5912092278932585,0.13009713423868585
HeLa_development_overlap_excluded,M2,10,0.84568875,1.0,27,0.8815678188861957,0.5552190674074073,0.3263487514787884
HeLa_development_overlap_excluded,M3,1,0.10023678,0.12735849,72,0.089072884635658,0.28114429430555554,-0.19207140966989755
HeLa_development_overlap_excluded,M3,2,0.12735849,0.15403423,50,0.14065644999896526,0.2337493656,-0.09309291560103476
HeLa_development_overlap_excluded,M3,3,0.15403423,0.18875667,157,0.17440150384009234,0.25883630337579616,-0.08443479953570385
HeLa_development_overlap_excluded,M3,4,0.18875667,0.23241455,380,0.2140451608044005,0.28577032521052637,-0.0717251644061258
HeLa_development_overlap_excluded,M3,5,0.23241455,0.29487179,1375,0.26777247582301567,0.29370639502545454,-0.025933919202438864
HeLa_development_overlap_excluded,M3,6,0.29487179,0.3816982700000002,4027,0.34324494920518145,0.33751320613111496,0.0057317430740664674
HeLa_development_overlap_excluded,M3,7,0.3816982700000002,0.50332942,8854,0.44340389975486433,0.4124124295414502,0.030991470213414158
HeLa_development_overlap_excluded,M3,8,0.50332942,0.67105263,6541,0.5672008720076734,0.505070934373949,0.06212993763372453
HeLa_development_overlap_excluded,M3,9,0.67105263,0.84568875,789,0.7157836659379109,0.6179187228010139,0.09786494313689689
HeLa_development_overlap_excluded,M3,10,0.84568875,1.0,11,0.8636195880240298,0.6946198590909091,0.1689997289331208
HeLa_development_overlap_excluded,M4,1,0.10023678,0.12735849,130,0.08126572518496131,0.27530540099999995,-0.19403967581503867
HeLa_development_overlap_excluded,M4,2,0.12735849,0.15403423,80,0.14159892406223576,0.26842766512500005,-0.12682874106276426
HeLa_development_overlap_excluded,M4,3,0.15403423,0.18875667,199,0.1719793107119528,0.27739815537688445,-0.10541884466493162
HeLa_development_overlap_excluded,M4,4,0.18875667,0.23241455,508,0.21393759446980537,0.29350497423228344,-0.0795673797624781
HeLa_development_overlap_excluded,M4,5,0.23241455,0.29487179,1479,0.266888496859385,0.3130987014334009,-0.04621020457401593
HeLa_development_overlap_excluded,M4,6,0.29487179,0.3816982700000002,4026,0.3431396768462216,0.3539960707526081,-0.010856393906386444
HeLa_development_overlap_excluded,M4,7,0.3816982700000002,0.50332942,7853,0.4437278041070774,0.4105701915853814,0.03315761252169596
HeLa_development_overlap_excluded,M4,8,0.50332942,0.67105263,6825,0.5695417437408415,0.48881581396923074,0.08072592977161075
HeLa_development_overlap_excluded,M4,9,0.67105263,0.84568875,1124,0.7209192120526825,0.5926005270818505,0.1283186849708319
HeLa_development_overlap_excluded,M4,10,0.84568875,1.0,32,0.8782786845894528,0.5697720571875,0.3085066274019528
HeLa_development_overlap_excluded,C_dev_median,1,0.10023678,0.12735849,0,,,
HeLa_development_overlap_excluded,C_dev_median,2,0.12735849,0.15403423,0,,,
HeLa_development_overlap_excluded,C_dev_median,3,0.15403423,0.18875667,0,,,
HeLa_development_overlap_excluded,C_dev_median,4,0.18875667,0.23241455,0,,,
HeLa_development_overlap_excluded,C_dev_median,5,0.23241455,0.29487179,0,,,
HeLa_development_overlap_excluded,C_dev_median,6,0.29487179,0.3816982700000002,22256,0.2948717900000001,0.4221117531708304,-0.1272399631708303
HeLa_development_overlap_excluded,C_dev_median,7,0.3816982700000002,0.50332942,0,,,
HeLa_development_overlap_excluded,C_dev_median,8,0.50332942,0.67105263,0,,,
HeLa_development_overlap_excluded,C_dev_median,9,0.67105263,0.84568875,0,,,
HeLa_development_overlap_excluded,C_dev_median,10,0.84568875,1.0,0,,,
HeLa_hek_main_4409_overlap_excluded,M0,1,0.10023678,0.12735849,40,0.0860197471,0.24945859075000004,-0.16343884365
HeLa_hek_main_4409_overlap_excluded,M0,2,0.12735849,0.15403423,24,0.14227157083333333,0.19682445583333333,-0.054552885
HeLa_hek_main_4409_overlap_excluded,M0,3,0.15403423,0.18875667,149,0.17439917100671143,0.30523439630872484,-0.13083522530201344
HeLa_hek_main_4409_overlap_excluded,M0,4,0.18875667,0.23241455,865,0.21654249542196533,0.2699326203352601,-0.05339012491329479
HeLa_hek_main_4409_overlap_excluded,M0,5,0.23241455,0.29487179,3045,0.2637024694581281,0.29918929738916256,-0.035486827931034484
HeLa_hek_main_4409_overlap_excluded,M0,6,0.29487179,0.3816982700000002,5902,0.3376308827566926,0.3643664156997628,-0.026735532943070146
HeLa_hek_main_4409_overlap_excluded,M0,7,0.3816982700000002,0.50332942,8555,0.44519239384336645,0.4753243265680889,-0.03013193272472238
HeLa_hek_main_4409_overlap_excluded,M0,8,0.50332942,0.67105263,2657,0.5390885193865261,0.5932325511968385,-0.054144031810312375
HeLa_hek_main_4409_overlap_excluded,M0,9,0.67105263,0.84568875,109,0.7225176050458715,0.5224007477064221,0.2001168573394496
HeLa_hek_main_4409_overlap_excluded,M0,10,0.84568875,1.0,5,0.87310087,0.6272212859999999,0.245879584
HeLa_hek_main_4409_overlap_excluded,M1,1,0.10023678,0.12735849,67,0.09085248050178692,0.2711411150746269,-0.18028863457283992
HeLa_hek_main_4409_overlap_excluded,M1,2,0.12735849,0.15403423,52,0.14298796826662852,0.2178399613461538,-0.07485199307952531
HeLa_hek_main_4409_overlap_excluded,M1,3,0.15403423,0.18875667,150,0.17365274727070334,0.2752267638,-0.10157401652929668
HeLa_hek_main_4409_overlap_excluded,M1,4,0.18875667,0.23241455,395,0.21432563845220784,0.2813027255443038,-0.06697708709209599
HeLa_hek_main_4409_overlap_excluded,M1,5,0.23241455,0.29487179,1301,0.26750187904741557,0.29877424738662567,-0.031272368339210134
HeLa_hek_main_4409_overlap_excluded,M1,6,0.29487179,0.3816982700000002,3949,0.3428767194284313,0.3399624328386934,0.002914286589737894
HeLa_hek_main_4409_overlap_excluded,M1,7,0.3816982700000002,0.50332942,8513,0.4430504705625504,0.4170687958357806,0.025981674726769866
HeLa_hek_main_4409_overlap_excluded,M1,8,0.50332942,0.67105263,6194,0.5668732602343323,0.5075836267452374,0.05928963348909498
HeLa_hek_main_4409_overlap_excluded,M1,9,0.67105263,0.84568875,722,0.7167090225572877,0.6152014233795013,0.1015075991777863
HeLa_hek_main_4409_overlap_excluded,M1,10,0.84568875,1.0,8,0.866644905079198,0.76591509875,0.10072980632919797
HeLa_hek_main_4409_overlap_excluded,M2,1,0.10023678,0.12735849,120,0.08023904518709819,0.27642330575,-0.19618426056290178
HeLa_hek_main_4409_overlap_excluded,M2,2,0.12735849,0.15403423,77,0.14049954146632207,0.27732605194805193,-0.13682651048172992
HeLa_hek_main_4409_overlap_excluded,M2,3,0.15403423,0.18875667,205,0.17174300223143835,0.2768139103902439,-0.10507090815880556
HeLa_hek_main_4409_overlap_excluded,M2,4,0.18875667,0.23241455,502,0.2144396279358438,0.30377299037848604,-0.08933336244264223
HeLa_hek_main_4409_overlap_excluded,M2,5,0.23241455,0.29487179,1409,0.2673133393495698,0.3078840358268275,-0.04057069647725771
HeLa_hek_main_4409_overlap_excluded,M2,6,0.29487179,0.3816982700000002,3903,0.34307279441785843,0.35933474459134,-0.016261950173481546
HeLa_hek_main_4409_overlap_excluded,M2,7,0.3816982700000002,0.50332942,7549,0.4434711404750904,0.4141650274539674,0.029306113021123046
HeLa_hek_main_4409_overlap_excluded,M2,8,0.50332942,0.67105263,6513,0.5692769543574646,0.4909066368647321,0.07837031749273257
HeLa_hek_main_4409_overlap_excluded,M2,9,0.67105263,0.84568875,1046,0.721333483001384,0.5918131122275334,0.12952037077385042
HeLa_hek_main_4409_overlap_excluded,M2,10,0.84568875,1.0,27,0.8815678188861957,0.5552190674074073,0.3263487514787884
HeLa_hek_main_4409_overlap_excluded,M3,1,0.10023678,0.12735849,61,0.09182848059224855,0.26228011114754096,-0.17045163055529242
HeLa_hek_main_4409_overlap_excluded,M3,2,0.12735849,0.15403423,43,0.14139291273640575,0.23161008209302322,-0.09021716935661751
HeLa_hek_main_4409_overlap_excluded,M3,3,0.15403423,0.18875667,148,0.17427604253332346,0.2622998097972973,-0.08802376726397383
HeLa_hek_main_4409_overlap_excluded,M3,4,0.18875667,0.23241455,355,0.21419335734830772,0.28809876385915495,-0.07390540651084719
HeLa_hek_main_4409_overlap_excluded,M3,5,0.23241455,0.29487179,1278,0.2677641505367003,0.29624699600156496,-0.0284828454648647
HeLa_hek_main_4409_overlap_excluded,M3,6,0.29487179,0.3816982700000002,3834,0.34331132040745393,0.3385885759650496,0.004722744442404331
HeLa_hek_main_4409_overlap_excluded,M3,7,0.3816982700000002,0.50332942,8507,0.44348741590427704,0.41432259591160225,0.029164819992674843
HeLa_hek_main_4409_overlap_excluded,M3,8,0.50332942,0.67105263,6340,0.5671075223709888,0.5053523359731861,0.06175518639780268
HeLa_hek_main_4409_overlap_excluded,M3,9,0.67105263,0.84568875,774,0.71609956646604,0.6174019277260983,0.09869763873994175
HeLa_hek_main_4409_overlap_excluded,M3,10,0.84568875,1.0,11,0.8636195880240298,0.6946198590909091,0.1689997289331208
HeLa_hek_main_4409_overlap_excluded,M4,1,0.10023678,0.12735849,114,0.08112078475887305,0.27921978789473684,-0.19809900313586382
HeLa_hek_main_4409_overlap_excluded,M4,2,0.12735849,0.15403423,72,0.1413414142974948,0.26403330125,-0.12269188695250523
HeLa_hek_main_4409_overlap_excluded,M4,3,0.15403423,0.18875667,190,0.17185386211759401,0.27271514199999997,-0.10086127988240594
HeLa_hek_main_4409_overlap_excluded,M4,4,0.18875667,0.23241455,473,0.21417401404560307,0.2967651343551797,-0.08259112030957665
HeLa_hek_main_4409_overlap_excluded,M4,5,0.23241455,0.29487179,1380,0.2672995692037358,0.31349841724637684,-0.04619884804264099
HeLa_hek_main_4409_overlap_excluded,M4,6,0.29487179,0.3816982700000002,3833,0.34328886351603105,0.3556719812522828,-0.012383117736251718
HeLa_hek_main_4409_overlap_excluded,M4,7,0.3816982700000002,0.50332942,7553,0.44377692729966967,0.412667484419436,0.031109442880233623
HeLa_hek_main_4409_overlap_excluded,M4,8,0.50332942,0.67105263,6605,0.5695478468209859,0.48924315308856925,0.08030469373241662
HeLa_hek_main_4409_overlap_excluded,M4,9,0.67105263,0.84568875,1100,0.7211184821219813,0.5939618661636363,0.1271566159583449
HeLa_hek_main_4409_overlap_excluded,M4,10,0.84568875,1.0,31,0.8791655508987786,0.5567648625806452,0.32240068831813345
HeLa_hek_main_4409_overlap_excluded,C_dev_median,1,0.10023678,0.12735849,0,,,
HeLa_hek_main_4409_overlap_excluded,C_dev_median,2,0.12735849,0.15403423,0,,,
HeLa_hek_main_4409_overlap_excluded,C_dev_median,3,0.15403423,0.18875667,0,,,
HeLa_hek_main_4409_overlap_excluded,C_dev_median,4,0.18875667,0.23241455,0,,,
HeLa_hek_main_4409_overlap_excluded,C_dev_median,5,0.23241455,0.29487179,0,,,
HeLa_hek_main_4409_overlap_excluded,C_dev_median,6,0.29487179,0.3816982700000002,21351,0.2948717900000001,0.42423736866985157,-0.12936557866985152
HeLa_hek_main_4409_overlap_excluded,C_dev_median,7,0.3816982700000002,0.50332942,0,,,
HeLa_hek_main_4409_overlap_excluded,C_dev_median,8,0.50332942,0.67105263,0,,,
HeLa_hek_main_4409_overlap_excluded,C_dev_median,9,0.67105263,0.84568875,0,,,
HeLa_hek_main_4409_overlap_excluded,C_dev_median,10,0.84568875,1.0,0,,,
