cohort,model,sites,genes,joint_groups,mae,rmse,spearman,r2,mean_signed_error_prediction_minus_observed,median_absolute_error,p90_absolute_error,observed_mean,observed_sd,prediction_mean,prediction_sd,prediction_min,prediction_q05,prediction_median,prediction_q95,prediction_max,at_clip_0_count,at_clip_1_count,at_either_clip_fraction
HEK_reused_test,M0,825,286,286,0.20820325243636364,0.2505334631741873,0.32835186151915524,0.12470022985519513,0.0025012339151515156,0.18915902,0.40686812800000005,0.38624502670303035,0.26778567101982365,0.38874626061818185,0.10941587853300963,0.10137451,0.199108682,0.40428656,0.553727452,0.6839925,0,0,0.0
HEK_reused_test,M1,825,286,286,0.2054643483852712,0.24889934826185017,0.3718583879026933,0.13608134966058083,0.0001236920797996145,0.1818890171532206,0.4136091365348243,0.38624502670303035,0.26778567101982365,0.38636871878282997,0.12449595335369608,0.0,0.177663875887408,0.3934874662601113,0.5873170042030491,0.7908158694887903,4,0,0.0048484848484848485
HEK_reused_test,M2,825,286,286,0.21193003686730974,0.2569690155647142,0.321787474729204,0.07915432560770064,-0.002587020009523193,0.1852641617924322,0.41892829807802456,0.38624502670303035,0.26778567101982365,0.3836580066935071,0.13300704444915545,0.0,0.15069027222103668,0.38482072823664,0.5942866693538544,0.7797815758166047,3,0,0.0036363636363636364
HEK_reused_test,M3,825,286,286,0.20549032853617766,0.24875004276629992,0.3709545006779342,0.13711750436008652,0.00026705058742960096,0.1822884155279262,0.41176333095515305,0.38624502670303035,0.26778567101982365,0.3865120772904599,0.12452857650027782,0.0,0.17725879038121048,0.3949086779353041,0.5853420629524707,0.7915985997944087,4,0,0.0048484848484848485
HEK_reused_test,M4,825,286,286,0.21187756321414009,0.2567962420800081,0.32197894609922273,0.08039217314276936,-0.0024434613950183497,0.18585059576054863,0.419975029918814,0.38624502670303035,0.26778567101982365,0.3838015653080119,0.13306473669346497,0.0,0.15173646123971887,0.3854347642761894,0.594586852617533,0.7864470443138933,3,0,0.0036363636363636364
HEK_reused_test,C_dev_median,825,286,286,0.21130429784242424,0.2829456378690529,,-0.11642958491175315,-0.09137323670303028,0.14686420000000003,0.5491429240000001,0.38624502670303035,0.26778567101982365,0.2948717900000001,5.551115123125783e-17,0.29487179,0.29487179,0.29487179,0.29487179,0.29487179,0,0,0.0
HeLa_all_qualifying,M0,24960,4687,4685,0.20515499067524037,0.2509535375734504,0.36221694920802683,0.12265333140713686,-0.02824007805745192,0.17641473,0.4213412340000001,0.41910928879326925,0.267921586632351,0.39086921073581726,0.1012156296215116,0.004419744,0.2302669855,0.39746055,0.5363066569999999,0.90732145,0,0,0.0
HeLa_all_qualifying,M1,24960,4687,4685,0.2160840439654926,0.25590414914903975,0.3230888260437672,0.08769670788559658,0.027411011530343834,0.2031270210043072,0.406074240611023,0.41910928879326925,0.267921586632351,0.4465203003236131,0.11949704431310523,0.0,0.2512639135514384,0.4459000964945038,0.6463593134354442,0.9131360788429664,4,0,0.00016025641025641026
HeLa_all_qualifying,M2,24960,4687,4685,0.21891418367654317,0.2609588298499447,0.300873473960927,0.051300700847314196,0.03082658331727624,0.20353082433812753,0.4167517293225553,0.41910928879326925,0.267921586632351,0.4499358721105454,0.13110589281468896,0.0,0.2370521681606397,0.44939004605373783,0.6686461221632138,0.9451416426457346,12,0,0.0004807692307692308
HeLa_all_qualifying,M3,24960,4687,4685,0.21672530484412988,0.2562225131060061,0.3230569576528143,0.08542534843823424,0.030726685121759717,0.20468660336901323,0.4056989233465145,0.41910928879326925,0.267921586632351,0.4498359739150289,0.11938159879594996,0.0,0.2547020415512209,0.44923768793988716,0.6496963799210197,0.9144282915212968,4,0,0.00016025641025641026
HeLa_all_qualifying,M4,24960,4687,4685,0.21946978119512797,0.26125209174964353,0.3009037010276877,0.04916723261196343,0.0336254109601395,0.2044717569574471,0.41663392905727265,0.41910928879326925,0.267921586632351,0.4527346997534087,0.13101794765668004,0.0,0.24055952029201158,0.4521762018028387,0.6714310563048326,0.9461158545128132,11,0,0.0004407051282051282
HeLa_all_qualifying,C_dev_median,24960,4687,4685,0.22318464848878206,0.29532513047487835,,-0.21502550975915558,-0.1242374987932692,0.153664075,0.5702407319999999,0.41910928879326925,0.267921586632351,0.2948717900000001,5.551115123125783e-17,0.29487179,0.29487179,0.29487179,0.29487179,0.29487179,0,0,0.0
HeLa_development_overlap_excluded,M0,22256,4048,4046,0.2055573062974479,0.2516824694062011,0.35752556669583685,0.11522452819265294,-0.031686004124550686,0.17597971000000004,0.42373101,0.4221117531708304,0.2675693904155966,0.39042574904627964,0.10110224770905589,0.004419744,0.2315481375,0.39635866,0.53604209,0.90732145,0,0,0.0
HeLa_development_overlap_excluded,M1,22256,4048,4046,0.2185885795193953,0.25839455850305604,0.2985430799820496,0.06740331175675773,0.027628422109241588,0.2063409444349275,0.40880763420111593,0.4221117531708304,0.2675693904155966,0.44974017528007193,0.11890118449305338,0.0,0.25551598656850183,0.44904255260941717,0.6482363275368894,0.9131360788429664,4,0,0.00017972681524083394
HeLa_development_overlap_excluded,M2,22256,4048,4046,0.22209506303256446,0.2642024648148961,0.27229819687679524,0.025008405888005014,0.031207467605188076,0.2078026286665855,0.4205221383704967,0.4221117531708304,0.2675693904155966,0.4533192207760184,0.13045244963832472,0.0,0.24113663103788927,0.4531148820171182,0.6702295563858561,0.9451416426457346,8,0,0.0003594536304816679
HeLa_development_overlap_excluded,M3,22256,4048,4046,0.21921524291391387,0.25870929192124964,0.2985417606922407,0.06513005876340805,0.03092612390650753,0.20759495513142648,0.40867309258209544,0.4221117531708304,0.2675693904155966,0.45303787707733784,0.11879650553172351,0.0,0.2583566994426292,0.4522187845805193,0.6510740057386145,0.9144282915212968,4,0,0.00017972681524083394
HeLa_development_overlap_excluded,M4,22256,4048,4046,0.2226447170356173,0.26449369855892263,0.2723719958583104,0.022857729862724274,0.033996263714390795,0.2087066161182913,0.4201240015801856,0.4221117531708304,0.2675693904155966,0.4561080168852211,0.1303745766142941,0.0,0.24383359245000508,0.45571520740785065,0.6732830393567306,0.9461158545128132,8,0,0.0003594536304816679
HeLa_development_overlap_excluded,C_dev_median,22256,4048,4046,0.22385999997349026,0.296282613251416,,-0.22613834581562342,-0.1272399631708303,0.15345765000000003,0.570477995,0.4221117531708304,0.2675693904155966,0.2948717900000001,5.551115123125783e-17,0.29487179,0.29487179,0.29487179,0.29487179,0.29487179,0,0,0.0
HeLa_hek_main_4409_overlap_excluded,M0,21351,3818,3816,0.20569700933520677,0.2521157887173435,0.35781340474233975,0.11326786921034981,-0.03362706560329727,0.17559160999999995,0.42466221,0.42423736866985157,0.2677341818330472,0.39061030306655425,0.10112472900551175,0.004419744,0.23222043,0.39597255,0.53628257,0.90732145,0,0,0.0
HeLa_hek_main_4409_overlap_excluded,M1,21351,3818,3816,0.21872528248042575,0.2585861287801092,0.29604132770886504,0.06716935243494515,0.026962474091785683,0.2065143305628361,0.4092444614928493,0.42423736866985157,0.2677341818330472,0.45119984276163727,0.11848820912593411,0.0,0.25747031814002164,0.450174846906146,0.6490887097430617,0.9131360788429664,2,0,9.36724275209592e-05
HeLa_hek_main_4409_overlap_excluded,M2,21351,3818,3816,0.2221530161546215,0.2642819098293577,0.270803335964747,0.02562253717296492,0.030670709081028633,0.20784595071964418,0.4207968526447647,0.42423736866985157,0.2677341818330472,0.45490807775088016,0.13001299372419714,0.0,0.24357398761212995,0.4545627699914812,0.6716295927917455,0.9451416426457346,6,0,0.0002810172825628776
HeLa_hek_main_4409_overlap_excluded,M3,21351,3818,3816,0.21935383741037576,0.2589039271995113,0.2959374056934458,0.06487507412752236,0.030258492619464568,0.20772486150044261,0.40888660121573794,0.42423736866985157,0.2677341818330472,0.45449586128931607,0.11837492696835976,0.0,0.2606093279759115,0.4533807076568138,0.6521301949177725,0.9144282915212968,2,0,9.36724275209592e-05
HeLa_hek_main_4409_overlap_excluded,M4,21351,3818,3816,0.2227064128601483,0.26457915805982746,0.27077954305174634,0.023429463443139453,0.033459021928012964,0.2087301521171912,0.4208589780463038,0.42423736866985157,0.2677341818330472,0.45769639059786454,0.12992951102539005,0.0,0.24687292580282733,0.4569954129555033,0.6744253035556254,0.9461158545128132,6,0,0.0002810172825628776
HeLa_hek_main_4409_overlap_excluded,C_dev_median,21351,3818,3816,0.22464832345651256,0.2973500379458471,,-0.23346932523689445,-0.12936557866985152,0.15361575000000002,0.5725980900000001,0.42423736866985157,0.2677341818330472,0.2948717900000001,5.551115123125783e-17,0.29487179,0.29487179,0.29487179,0.29487179,0.29487179,0,0,0.0
