cohort,model,metric,recomputed,published,absolute_difference,pass_at_1e_minus_8
HEK_reused_test,M0,mae,0.20820325243636364,0.2082032525730476,1.366839419425503e-10,True
HEK_reused_test,M0,rmse,0.2505334631741873,0.2505334632019559,2.776862073616826e-11,True
HEK_reused_test,M0,spearman,0.32835186151915524,0.3283518615191552,5.551115123125783e-17,True
HEK_reused_test,M0,r2,0.12470022985519513,0.124700229661162,1.940331367800141e-10,True
HEK_reused_test,M1,mae,0.2054643483852712,0.2054643483852712,0.0,True
HEK_reused_test,M1,rmse,0.24889934826185017,0.2488993482618501,8.326672684688674e-17,True
HEK_reused_test,M1,spearman,0.3718583879026933,0.3718583879026933,0.0,True
HEK_reused_test,M1,r2,0.13608134966058083,0.1360813496605808,2.7755575615628914e-17,True
HEK_reused_test,M2,mae,0.21193003686730974,0.2119300368673097,2.7755575615628914e-17,True
HEK_reused_test,M2,rmse,0.2569690155647142,0.2569690155647142,0.0,True
HEK_reused_test,M2,spearman,0.321787474729204,0.321787474729204,0.0,True
HEK_reused_test,M2,r2,0.07915432560770064,0.0791543256077006,4.163336342344337e-17,True
HEK_reused_test,M3,mae,0.20549032853617766,0.2054903285361776,5.551115123125783e-17,True
HEK_reused_test,M3,rmse,0.24875004276629992,0.2487500427662999,2.7755575615628914e-17,True
HEK_reused_test,M3,spearman,0.3709545006779342,0.3709545006779342,0.0,True
HEK_reused_test,M3,r2,0.13711750436008652,0.1371175043600865,2.7755575615628914e-17,True
HEK_reused_test,M4,mae,0.21187756321414009,0.21187756321414,8.326672684688674e-17,True
HEK_reused_test,M4,rmse,0.2567962420800081,0.2567962420800081,0.0,True
HEK_reused_test,M4,spearman,0.32197894609922273,0.3219789460992227,5.551115123125783e-17,True
HEK_reused_test,M4,r2,0.08039217314276936,0.0803921731427694,4.163336342344337e-17,True
HeLa_all_qualifying,M0,mae,0.20515499067524037,0.2051549906177592,5.7481186477303936e-11,True
HeLa_all_qualifying,M0,rmse,0.2509535375734504,0.2509535374629004,1.1055001358784011e-10,True
HeLa_all_qualifying,M0,spearman,0.36221694920802683,0.3622169492080268,5.551115123125783e-17,True
HeLa_all_qualifying,M0,r2,0.12265333140713686,0.1226533321801136,7.729767381725594e-10,True
HeLa_all_qualifying,M1,mae,0.2160840439654926,0.2160840439654926,0.0,True
HeLa_all_qualifying,M1,rmse,0.25590414914903975,0.2559041491490397,5.551115123125783e-17,True
HeLa_all_qualifying,M1,spearman,0.3230888260437672,0.3230888260437672,0.0,True
HeLa_all_qualifying,M1,r2,0.08769670788559658,0.0876967078855965,8.326672684688674e-17,True
HeLa_all_qualifying,M2,mae,0.21891418367654317,0.2189141836765431,5.551115123125783e-17,True
HeLa_all_qualifying,M2,rmse,0.2609588298499447,0.2609588298499447,0.0,True
HeLa_all_qualifying,M2,spearman,0.300873473960927,0.300873473960927,0.0,True
HeLa_all_qualifying,M2,r2,0.051300700847314196,0.051300700847314,1.942890293094024e-16,True
HeLa_all_qualifying,M3,mae,0.21672530484412988,0.2167253048441298,8.326672684688674e-17,True
HeLa_all_qualifying,M3,rmse,0.2562225131060061,0.2562225131060061,0.0,True
HeLa_all_qualifying,M3,spearman,0.3230569576528143,0.3230569576528143,0.0,True
HeLa_all_qualifying,M3,r2,0.08542534843823424,0.0854253484382342,4.163336342344337e-17,True
HeLa_all_qualifying,M4,mae,0.21946978119512797,0.2194697811951279,8.326672684688674e-17,True
HeLa_all_qualifying,M4,rmse,0.26125209174964353,0.2612520917496435,5.551115123125783e-17,True
HeLa_all_qualifying,M4,spearman,0.3009037010276877,0.3009037010276877,0.0,True
HeLa_all_qualifying,M4,r2,0.04916723261196343,0.0491672326119634,2.7755575615628914e-17,True
HeLa_development_overlap_excluded,M0,mae,0.2055573062974479,0.205557306249266,4.8181902911892394e-11,True
HeLa_development_overlap_excluded,M0,rmse,0.2516824694062011,0.2516824693151221,9.107897769311535e-11,True
HeLa_development_overlap_excluded,M0,spearman,0.35752556669583685,0.3575255666958368,5.551115123125783e-17,True
HeLa_development_overlap_excluded,M0,r2,0.11522452819265294,0.1152245288330184,6.403654551068172e-10,True
HeLa_development_overlap_excluded,M1,mae,0.2185885795193953,0.2185885795193953,0.0,True
HeLa_development_overlap_excluded,M1,rmse,0.25839455850305604,0.258394558503056,5.551115123125783e-17,True
HeLa_development_overlap_excluded,M1,spearman,0.2985430799820496,0.2985430799820496,0.0,True
HeLa_development_overlap_excluded,M1,r2,0.06740331175675773,0.0674033117567577,2.7755575615628914e-17,True
HeLa_development_overlap_excluded,M2,mae,0.22209506303256446,0.2220950630325644,5.551115123125783e-17,True
HeLa_development_overlap_excluded,M2,rmse,0.2642024648148961,0.2642024648148961,0.0,True
HeLa_development_overlap_excluded,M2,spearman,0.27229819687679524,0.2722981968767952,5.551115123125783e-17,True
HeLa_development_overlap_excluded,M2,r2,0.025008405888005014,0.025008405888005,1.3877787807814457e-17,True
HeLa_development_overlap_excluded,M3,mae,0.21921524291391387,0.2192152429139138,5.551115123125783e-17,True
HeLa_development_overlap_excluded,M3,rmse,0.25870929192124964,0.2587092919212496,5.551115123125783e-17,True
HeLa_development_overlap_excluded,M3,spearman,0.2985417606922407,0.2985417606922407,0.0,True
HeLa_development_overlap_excluded,M3,r2,0.06513005876340805,0.0651300587634078,2.498001805406602e-16,True
HeLa_development_overlap_excluded,M4,mae,0.2226447170356173,0.2226447170356173,0.0,True
HeLa_development_overlap_excluded,M4,rmse,0.26449369855892263,0.2644936985589226,5.551115123125783e-17,True
HeLa_development_overlap_excluded,M4,spearman,0.2723719958583104,0.2723719958583104,0.0,True
HeLa_development_overlap_excluded,M4,r2,0.022857729862724274,0.0228577298627241,1.734723475976807e-16,True
