scenario,learner,model,candidate_id,parameters,fold,validation_sites,mae
C1_M0_plus_R,Ridge,M0,0,"{""alpha"": 0.01}",1,655.0,0.2081147135080905
C1_M0_plus_R,Ridge,M0,1,"{""alpha"": 0.1}",1,655.0,0.20810218822898713
C1_M0_plus_R,Ridge,M0,2,"{""alpha"": 1.0}",1,655.0,0.20799795268960275
C1_M0_plus_R,Ridge,M0,3,"{""alpha"": 10.0}",1,655.0,0.20824978248274323
C1_M0_plus_R,Ridge,M0,4,"{""alpha"": 30.0}",1,655.0,0.20865620552063585
C1_M0_plus_R,Ridge,M0,5,"{""alpha"": 100.0}",1,655.0,0.20956940877496708
C1_M0_plus_R,Ridge,M0,6,"{""alpha"": 300.0}",1,655.0,0.2119036284409616
C1_M0_plus_R,Ridge,M0,7,"{""alpha"": 1000.0}",1,655.0,0.21617689141025576
C1_M0_plus_R,Ridge,M0,8,"{""alpha"": 3000.0}",1,655.0,0.2199394700935536
C1_M0_plus_R,Ridge,M0R,0,"{""alpha"": 0.01}",1,655.0,0.20758893903542355
C1_M0_plus_R,Ridge,M0R,1,"{""alpha"": 0.1}",1,655.0,0.2075790478948716
C1_M0_plus_R,Ridge,M0R,2,"{""alpha"": 1.0}",1,655.0,0.20750771502433363
C1_M0_plus_R,Ridge,M0R,3,"{""alpha"": 10.0}",1,655.0,0.2077791897343711
C1_M0_plus_R,Ridge,M0R,4,"{""alpha"": 30.0}",1,655.0,0.20820989542584833
C1_M0_plus_R,Ridge,M0R,5,"{""alpha"": 100.0}",1,655.0,0.2093423360506913
C1_M0_plus_R,Ridge,M0R,6,"{""alpha"": 300.0}",1,655.0,0.21172543293374962
C1_M0_plus_R,Ridge,M0R,7,"{""alpha"": 1000.0}",1,655.0,0.21614544695990656
C1_M0_plus_R,Ridge,M0R,8,"{""alpha"": 3000.0}",1,655.0,0.21987857805480748
C1_M0_plus_R,Ridge,M0,0,"{""alpha"": 0.01}",2,654.0,0.20150687910186865
C1_M0_plus_R,Ridge,M0,1,"{""alpha"": 0.1}",2,654.0,0.20150221143844024
C1_M0_plus_R,Ridge,M0,2,"{""alpha"": 1.0}",2,654.0,0.20147633736303053
C1_M0_plus_R,Ridge,M0,3,"{""alpha"": 10.0}",2,654.0,0.201654312846777
C1_M0_plus_R,Ridge,M0,4,"{""alpha"": 30.0}",2,654.0,0.20244126340233592
C1_M0_plus_R,Ridge,M0,5,"{""alpha"": 100.0}",2,654.0,0.20504251296409223
C1_M0_plus_R,Ridge,M0,6,"{""alpha"": 300.0}",2,654.0,0.21028359086482537
C1_M0_plus_R,Ridge,M0,7,"{""alpha"": 1000.0}",2,654.0,0.21686112326124735
C1_M0_plus_R,Ridge,M0,8,"{""alpha"": 3000.0}",2,654.0,0.22081990188278247
C1_M0_plus_R,Ridge,M0R,0,"{""alpha"": 0.01}",2,654.0,0.20069917228095588
C1_M0_plus_R,Ridge,M0R,1,"{""alpha"": 0.1}",2,654.0,0.2006996543585836
C1_M0_plus_R,Ridge,M0R,2,"{""alpha"": 1.0}",2,654.0,0.2007070103600978
C1_M0_plus_R,Ridge,M0R,3,"{""alpha"": 10.0}",2,654.0,0.20088887377265446
C1_M0_plus_R,Ridge,M0R,4,"{""alpha"": 30.0}",2,654.0,0.20171193789350947
C1_M0_plus_R,Ridge,M0R,5,"{""alpha"": 100.0}",2,654.0,0.20446174070470757
C1_M0_plus_R,Ridge,M0R,6,"{""alpha"": 300.0}",2,654.0,0.209914634157363
C1_M0_plus_R,Ridge,M0R,7,"{""alpha"": 1000.0}",2,654.0,0.21676431257625767
C1_M0_plus_R,Ridge,M0R,8,"{""alpha"": 3000.0}",2,654.0,0.22078858449270927
C1_M0_plus_R,Ridge,M0,0,"{""alpha"": 0.01}",3,654.0,0.19311990509015867
C1_M0_plus_R,Ridge,M0,1,"{""alpha"": 0.1}",3,654.0,0.19310931492147987
C1_M0_plus_R,Ridge,M0,2,"{""alpha"": 1.0}",3,654.0,0.19310572941711462
C1_M0_plus_R,Ridge,M0,3,"{""alpha"": 10.0}",3,654.0,0.19443928340017913
C1_M0_plus_R,Ridge,M0,4,"{""alpha"": 30.0}",3,654.0,0.1957390074250619
C1_M0_plus_R,Ridge,M0,5,"{""alpha"": 100.0}",3,654.0,0.19865139206181032
C1_M0_plus_R,Ridge,M0,6,"{""alpha"": 300.0}",3,654.0,0.20391275999813305
C1_M0_plus_R,Ridge,M0,7,"{""alpha"": 1000.0}",3,654.0,0.21048740687082493
C1_M0_plus_R,Ridge,M0,8,"{""alpha"": 3000.0}",3,654.0,0.21441567271358264
C1_M0_plus_R,Ridge,M0R,0,"{""alpha"": 0.01}",3,654.0,0.1919171311386237
C1_M0_plus_R,Ridge,M0R,1,"{""alpha"": 0.1}",3,654.0,0.1918945742427091
C1_M0_plus_R,Ridge,M0R,2,"{""alpha"": 1.0}",3,654.0,0.19184101656491492
C1_M0_plus_R,Ridge,M0R,3,"{""alpha"": 10.0}",3,654.0,0.1931124975909198
C1_M0_plus_R,Ridge,M0R,4,"{""alpha"": 30.0}",3,654.0,0.19453524714523754
C1_M0_plus_R,Ridge,M0R,5,"{""alpha"": 100.0}",3,654.0,0.19767530268434788
C1_M0_plus_R,Ridge,M0R,6,"{""alpha"": 300.0}",3,654.0,0.20335638643719087
C1_M0_plus_R,Ridge,M0R,7,"{""alpha"": 1000.0}",3,654.0,0.2102485182578547
C1_M0_plus_R,Ridge,M0R,8,"{""alpha"": 3000.0}",3,654.0,0.2142476223070019
C1_M0_plus_R,Ridge,M0,0,"{""alpha"": 0.01}",4,654.0,0.20418919729128368
C1_M0_plus_R,Ridge,M0,1,"{""alpha"": 0.1}",4,654.0,0.20418653558845393
C1_M0_plus_R,Ridge,M0,2,"{""alpha"": 1.0}",4,654.0,0.20419206817229957
C1_M0_plus_R,Ridge,M0,3,"{""alpha"": 10.0}",4,654.0,0.20508516017454956
C1_M0_plus_R,Ridge,M0,4,"{""alpha"": 30.0}",4,654.0,0.20664517364919124
C1_M0_plus_R,Ridge,M0,5,"{""alpha"": 100.0}",4,654.0,0.2100511252258142
C1_M0_plus_R,Ridge,M0,6,"{""alpha"": 300.0}",4,654.0,0.21549349625995862
C1_M0_plus_R,Ridge,M0,7,"{""alpha"": 1000.0}",4,654.0,0.22233818040206196
C1_M0_plus_R,Ridge,M0,8,"{""alpha"": 3000.0}",4,654.0,0.22657905229536493
C1_M0_plus_R,Ridge,M0R,0,"{""alpha"": 0.01}",4,654.0,0.20310697967438285
C1_M0_plus_R,Ridge,M0R,1,"{""alpha"": 0.1}",4,654.0,0.20310552350739217
C1_M0_plus_R,Ridge,M0R,2,"{""alpha"": 1.0}",4,654.0,0.20311963703660152
C1_M0_plus_R,Ridge,M0R,3,"{""alpha"": 10.0}",4,654.0,0.2039814046479859
C1_M0_plus_R,Ridge,M0R,4,"{""alpha"": 30.0}",4,654.0,0.2056316372688033
C1_M0_plus_R,Ridge,M0R,5,"{""alpha"": 100.0}",4,654.0,0.20925962027488224
C1_M0_plus_R,Ridge,M0R,6,"{""alpha"": 300.0}",4,654.0,0.21494895838226807
C1_M0_plus_R,Ridge,M0R,7,"{""alpha"": 1000.0}",4,654.0,0.22202780823844767
C1_M0_plus_R,Ridge,M0R,8,"{""alpha"": 3000.0}",4,654.0,0.22641857399628876
C1_M0_plus_R,Ridge,M0,0,"{""alpha"": 0.01}",5,654.0,0.20968692599740701
C1_M0_plus_R,Ridge,M0,1,"{""alpha"": 0.1}",5,654.0,0.20970100319350762
C1_M0_plus_R,Ridge,M0,2,"{""alpha"": 1.0}",5,654.0,0.20984014294564773
C1_M0_plus_R,Ridge,M0,3,"{""alpha"": 10.0}",5,654.0,0.2105713658065659
C1_M0_plus_R,Ridge,M0,4,"{""alpha"": 30.0}",5,654.0,0.2115914743377424
C1_M0_plus_R,Ridge,M0,5,"{""alpha"": 100.0}",5,654.0,0.21426540406883282
C1_M0_plus_R,Ridge,M0,6,"{""alpha"": 300.0}",5,654.0,0.21902307500443513
C1_M0_plus_R,Ridge,M0,7,"{""alpha"": 1000.0}",5,654.0,0.22569095492734773
C1_M0_plus_R,Ridge,M0,8,"{""alpha"": 3000.0}",5,654.0,0.23033960669732262
C1_M0_plus_R,Ridge,M0R,0,"{""alpha"": 0.01}",5,654.0,0.21092003819567007
C1_M0_plus_R,Ridge,M0R,1,"{""alpha"": 0.1}",5,654.0,0.21092330009175392
C1_M0_plus_R,Ridge,M0R,2,"{""alpha"": 1.0}",5,654.0,0.2110244830479289
C1_M0_plus_R,Ridge,M0R,3,"{""alpha"": 10.0}",5,654.0,0.21169600606947664
C1_M0_plus_R,Ridge,M0R,4,"{""alpha"": 30.0}",5,654.0,0.21253170568169813
C1_M0_plus_R,Ridge,M0R,5,"{""alpha"": 100.0}",5,654.0,0.21495686737799577
C1_M0_plus_R,Ridge,M0R,6,"{""alpha"": 300.0}",5,654.0,0.21966726263944952
C1_M0_plus_R,Ridge,M0R,7,"{""alpha"": 1000.0}",5,654.0,0.2262088839232577
C1_M0_plus_R,Ridge,M0R,8,"{""alpha"": 3000.0}",5,654.0,0.23061130988225953
C2_no_abundance,Ridge,M0,0,"{""alpha"": 0.01}",1,655.0,0.21004301177849433
C2_no_abundance,Ridge,M0,1,"{""alpha"": 0.1}",1,655.0,0.21003155073804847
C2_no_abundance,Ridge,M0,2,"{""alpha"": 1.0}",1,655.0,0.20994731915525153
C2_no_abundance,Ridge,M0,3,"{""alpha"": 10.0}",1,655.0,0.21033213107679735
C2_no_abundance,Ridge,M0,4,"{""alpha"": 30.0}",1,655.0,0.2107937324958783
C2_no_abundance,Ridge,M0,5,"{""alpha"": 100.0}",1,655.0,0.21165408759440785
C2_no_abundance,Ridge,M0,6,"{""alpha"": 300.0}",1,655.0,0.21368850721747526
C2_no_abundance,Ridge,M0,7,"{""alpha"": 1000.0}",1,655.0,0.2176862722647011
C2_no_abundance,Ridge,M0,8,"{""alpha"": 3000.0}",1,655.0,0.22088818237164495
C2_no_abundance,Ridge,M0R,0,"{""alpha"": 0.01}",1,655.0,0.20971186757777927
C2_no_abundance,Ridge,M0R,1,"{""alpha"": 0.1}",1,655.0,0.20970102092017187
C2_no_abundance,Ridge,M0R,2,"{""alpha"": 1.0}",1,655.0,0.20960726842301755
C2_no_abundance,Ridge,M0R,3,"{""alpha"": 10.0}",1,655.0,0.20991722321999504
C2_no_abundance,Ridge,M0R,4,"{""alpha"": 30.0}",1,655.0,0.21039944404170882
C2_no_abundance,Ridge,M0R,5,"{""alpha"": 100.0}",1,655.0,0.21149772457010133
C2_no_abundance,Ridge,M0R,6,"{""alpha"": 300.0}",1,655.0,0.2136044954912539
C2_no_abundance,Ridge,M0R,7,"{""alpha"": 1000.0}",1,655.0,0.21768265850579158
C2_no_abundance,Ridge,M0R,8,"{""alpha"": 3000.0}",1,655.0,0.22086616770736425
C2_no_abundance,Ridge,M1,0,"{""alpha"": 0.01}",1,655.0,0.22034823970437326
C2_no_abundance,Ridge,M1,1,"{""alpha"": 0.1}",1,655.0,0.22027580395933755
C2_no_abundance,Ridge,M1,2,"{""alpha"": 1.0}",1,655.0,0.2198006359010222
C2_no_abundance,Ridge,M1,3,"{""alpha"": 10.0}",1,655.0,0.21818777822358093
C2_no_abundance,Ridge,M1,4,"{""alpha"": 30.0}",1,655.0,0.21600213680352462
C2_no_abundance,Ridge,M1,5,"{""alpha"": 100.0}",1,655.0,0.21161634400241355
C2_no_abundance,Ridge,M1,6,"{""alpha"": 300.0}",1,655.0,0.2077648436069055
C2_no_abundance,Ridge,M1,7,"{""alpha"": 1000.0}",1,655.0,0.20996646665235283
C2_no_abundance,Ridge,M1,8,"{""alpha"": 3000.0}",1,655.0,0.2160213561600856
C2_no_abundance,Ridge,M3,0,"{""alpha"": 0.01}",1,655.0,0.22033569853261617
C2_no_abundance,Ridge,M3,1,"{""alpha"": 0.1}",1,655.0,0.22026295039951385
C2_no_abundance,Ridge,M3,2,"{""alpha"": 1.0}",1,655.0,0.21977053667289462
C2_no_abundance,Ridge,M3,3,"{""alpha"": 10.0}",1,655.0,0.21822178336994932
C2_no_abundance,Ridge,M3,4,"{""alpha"": 30.0}",1,655.0,0.21600193749327568
C2_no_abundance,Ridge,M3,5,"{""alpha"": 100.0}",1,655.0,0.21159979420292938
C2_no_abundance,Ridge,M3,6,"{""alpha"": 300.0}",1,655.0,0.2077683389996024
C2_no_abundance,Ridge,M3,7,"{""alpha"": 1000.0}",1,655.0,0.20997654909505203
C2_no_abundance,Ridge,M3,8,"{""alpha"": 3000.0}",1,655.0,0.21600455770076346
C2_no_abundance,Ridge,M0,0,"{""alpha"": 0.01}",2,654.0,0.2002063106474608
C2_no_abundance,Ridge,M0,1,"{""alpha"": 0.1}",2,654.0,0.2002041910598119
C2_no_abundance,Ridge,M0,2,"{""alpha"": 1.0}",2,654.0,0.20018757163979678
C2_no_abundance,Ridge,M0,3,"{""alpha"": 10.0}",2,654.0,0.2004035207511077
C2_no_abundance,Ridge,M0,4,"{""alpha"": 30.0}",2,654.0,0.20134030369391245
C2_no_abundance,Ridge,M0,5,"{""alpha"": 100.0}",2,654.0,0.2045381179517527
C2_no_abundance,Ridge,M0,6,"{""alpha"": 300.0}",2,654.0,0.20987960936616204
C2_no_abundance,Ridge,M0,7,"{""alpha"": 1000.0}",2,654.0,0.2168729876196748
C2_no_abundance,Ridge,M0,8,"{""alpha"": 3000.0}",2,654.0,0.2211316313839415
C2_no_abundance,Ridge,M0R,0,"{""alpha"": 0.01}",2,654.0,0.19947645561436994
C2_no_abundance,Ridge,M0R,1,"{""alpha"": 0.1}",2,654.0,0.1994748510965222
C2_no_abundance,Ridge,M0R,2,"{""alpha"": 1.0}",2,654.0,0.1994821955653615
C2_no_abundance,Ridge,M0R,3,"{""alpha"": 10.0}",2,654.0,0.1997611803826224
C2_no_abundance,Ridge,M0R,4,"{""alpha"": 30.0}",2,654.0,0.2008267517919028
C2_no_abundance,Ridge,M0R,5,"{""alpha"": 100.0}",2,654.0,0.20414936879044698
C2_no_abundance,Ridge,M0R,6,"{""alpha"": 300.0}",2,654.0,0.2097050868751211
C2_no_abundance,Ridge,M0R,7,"{""alpha"": 1000.0}",2,654.0,0.2168230189224302
C2_no_abundance,Ridge,M0R,8,"{""alpha"": 3000.0}",2,654.0,0.2210922212302813
C2_no_abundance,Ridge,M1,0,"{""alpha"": 0.01}",2,654.0,0.21048119541703733
C2_no_abundance,Ridge,M1,1,"{""alpha"": 0.1}",2,654.0,0.21035204127327864
C2_no_abundance,Ridge,M1,2,"{""alpha"": 1.0}",2,654.0,0.2093595848673459
C2_no_abundance,Ridge,M1,3,"{""alpha"": 10.0}",2,654.0,0.2059824698672596
C2_no_abundance,Ridge,M1,4,"{""alpha"": 30.0}",2,654.0,0.20310506656320743
C2_no_abundance,Ridge,M1,5,"{""alpha"": 100.0}",2,654.0,0.19970845857094122
C2_no_abundance,Ridge,M1,6,"{""alpha"": 300.0}",2,654.0,0.19948222663424095
C2_no_abundance,Ridge,M1,7,"{""alpha"": 1000.0}",2,654.0,0.20600730902611325
C2_no_abundance,Ridge,M1,8,"{""alpha"": 3000.0}",2,654.0,0.21412275761096974
C2_no_abundance,Ridge,M3,0,"{""alpha"": 0.01}",2,654.0,0.21092691097062363
C2_no_abundance,Ridge,M3,1,"{""alpha"": 0.1}",2,654.0,0.21080136152253123
C2_no_abundance,Ridge,M3,2,"{""alpha"": 1.0}",2,654.0,0.20986220326423502
C2_no_abundance,Ridge,M3,3,"{""alpha"": 10.0}",2,654.0,0.2064792294337348
C2_no_abundance,Ridge,M3,4,"{""alpha"": 30.0}",2,654.0,0.2034253257565994
C2_no_abundance,Ridge,M3,5,"{""alpha"": 100.0}",2,654.0,0.19976220122211885
C2_no_abundance,Ridge,M3,6,"{""alpha"": 300.0}",2,654.0,0.19958103259444585
C2_no_abundance,Ridge,M3,7,"{""alpha"": 1000.0}",2,654.0,0.2060232460453422
C2_no_abundance,Ridge,M3,8,"{""alpha"": 3000.0}",2,654.0,0.21412214993630385
C2_no_abundance,Ridge,M0,0,"{""alpha"": 0.01}",3,654.0,0.19378682485798443
C2_no_abundance,Ridge,M0,1,"{""alpha"": 0.1}",3,654.0,0.1937598324070064
C2_no_abundance,Ridge,M0,2,"{""alpha"": 1.0}",3,654.0,0.19372059072463363
C2_no_abundance,Ridge,M0,3,"{""alpha"": 10.0}",3,654.0,0.19493610655217442
C2_no_abundance,Ridge,M0,4,"{""alpha"": 30.0}",3,654.0,0.19622154648988538
C2_no_abundance,Ridge,M0,5,"{""alpha"": 100.0}",3,654.0,0.19894619513648215
C2_no_abundance,Ridge,M0,6,"{""alpha"": 300.0}",3,654.0,0.20402758474844832
C2_no_abundance,Ridge,M0,7,"{""alpha"": 1000.0}",3,654.0,0.2107005939313337
C2_no_abundance,Ridge,M0,8,"{""alpha"": 3000.0}",3,654.0,0.21461634484193431
C2_no_abundance,Ridge,M0R,0,"{""alpha"": 0.01}",3,654.0,0.1928451335634038
C2_no_abundance,Ridge,M0R,1,"{""alpha"": 0.1}",3,654.0,0.19281794400241736
C2_no_abundance,Ridge,M0R,2,"{""alpha"": 1.0}",3,654.0,0.19274447553348337
C2_no_abundance,Ridge,M0R,3,"{""alpha"": 10.0}",3,654.0,0.19401265872807855
C2_no_abundance,Ridge,M0R,4,"{""alpha"": 30.0}",3,654.0,0.19541509563999815
C2_no_abundance,Ridge,M0R,5,"{""alpha"": 100.0}",3,654.0,0.19824667418946432
C2_no_abundance,Ridge,M0R,6,"{""alpha"": 300.0}",3,654.0,0.20363930716969608
C2_no_abundance,Ridge,M0R,7,"{""alpha"": 1000.0}",3,654.0,0.2105666535225073
C2_no_abundance,Ridge,M0R,8,"{""alpha"": 3000.0}",3,654.0,0.2145042665199423
C2_no_abundance,Ridge,M1,0,"{""alpha"": 0.01}",3,654.0,0.1947307374529818
C2_no_abundance,Ridge,M1,1,"{""alpha"": 0.1}",3,654.0,0.19474592025956128
C2_no_abundance,Ridge,M1,2,"{""alpha"": 1.0}",3,654.0,0.19487105304564684
C2_no_abundance,Ridge,M1,3,"{""alpha"": 10.0}",3,654.0,0.19568215163178307
C2_no_abundance,Ridge,M1,4,"{""alpha"": 30.0}",3,654.0,0.19552454577044318
C2_no_abundance,Ridge,M1,5,"{""alpha"": 100.0}",3,654.0,0.19434149687190777
C2_no_abundance,Ridge,M1,6,"{""alpha"": 300.0}",3,654.0,0.194314312349878
C2_no_abundance,Ridge,M1,7,"{""alpha"": 1000.0}",3,654.0,0.20031760305912347
C2_no_abundance,Ridge,M1,8,"{""alpha"": 3000.0}",3,654.0,0.2073382612733004
C2_no_abundance,Ridge,M3,0,"{""alpha"": 0.01}",3,654.0,0.19486345454110274
C2_no_abundance,Ridge,M3,1,"{""alpha"": 0.1}",3,654.0,0.1948792934218584
C2_no_abundance,Ridge,M3,2,"{""alpha"": 1.0}",3,654.0,0.1950148229118114
C2_no_abundance,Ridge,M3,3,"{""alpha"": 10.0}",3,654.0,0.1959030650512143
C2_no_abundance,Ridge,M3,4,"{""alpha"": 30.0}",3,654.0,0.1957619485067862
C2_no_abundance,Ridge,M3,5,"{""alpha"": 100.0}",3,654.0,0.1945103185211395
C2_no_abundance,Ridge,M3,6,"{""alpha"": 300.0}",3,654.0,0.19435674898239055
C2_no_abundance,Ridge,M3,7,"{""alpha"": 1000.0}",3,654.0,0.20029118565202159
C2_no_abundance,Ridge,M3,8,"{""alpha"": 3000.0}",3,654.0,0.20729578485107736
C2_no_abundance,Ridge,M0,0,"{""alpha"": 0.01}",4,654.0,0.20522022713252308
C2_no_abundance,Ridge,M0,1,"{""alpha"": 0.1}",4,654.0,0.20519739887255922
C2_no_abundance,Ridge,M0,2,"{""alpha"": 1.0}",4,654.0,0.20519263546066
C2_no_abundance,Ridge,M0,3,"{""alpha"": 10.0}",4,654.0,0.2062156182904994
C2_no_abundance,Ridge,M0,4,"{""alpha"": 30.0}",4,654.0,0.20794554543855462
C2_no_abundance,Ridge,M0,5,"{""alpha"": 100.0}",4,654.0,0.2115531478530783
C2_no_abundance,Ridge,M0,6,"{""alpha"": 300.0}",4,654.0,0.2169239915035981
C2_no_abundance,Ridge,M0,7,"{""alpha"": 1000.0}",4,654.0,0.22331916767350865
C2_no_abundance,Ridge,M0,8,"{""alpha"": 3000.0}",4,654.0,0.22713788385623943
C2_no_abundance,Ridge,M0R,0,"{""alpha"": 0.01}",4,654.0,0.20429707475408201
C2_no_abundance,Ridge,M0R,1,"{""alpha"": 0.1}",4,654.0,0.20429582816030334
C2_no_abundance,Ridge,M0R,2,"{""alpha"": 1.0}",4,654.0,0.20433636018868429
C2_no_abundance,Ridge,M0R,3,"{""alpha"": 10.0}",4,654.0,0.20535111655853075
C2_no_abundance,Ridge,M0R,4,"{""alpha"": 30.0}",4,654.0,0.20710578654762174
C2_no_abundance,Ridge,M0R,5,"{""alpha"": 100.0}",4,654.0,0.21087958586563005
C2_no_abundance,Ridge,M0R,6,"{""alpha"": 300.0}",4,654.0,0.21656449028840624
C2_no_abundance,Ridge,M0R,7,"{""alpha"": 1000.0}",4,654.0,0.22313801114222248
C2_no_abundance,Ridge,M0R,8,"{""alpha"": 3000.0}",4,654.0,0.22704688066376816
C2_no_abundance,Ridge,M1,0,"{""alpha"": 0.01}",4,654.0,0.20857353521720323
C2_no_abundance,Ridge,M1,1,"{""alpha"": 0.1}",4,654.0,0.20855339680081736
C2_no_abundance,Ridge,M1,2,"{""alpha"": 1.0}",4,654.0,0.20838468825459217
C2_no_abundance,Ridge,M1,3,"{""alpha"": 10.0}",4,654.0,0.2075928516646796
C2_no_abundance,Ridge,M1,4,"{""alpha"": 30.0}",4,654.0,0.20674924632169037
C2_no_abundance,Ridge,M1,5,"{""alpha"": 100.0}",4,654.0,0.20523864325518304
C2_no_abundance,Ridge,M1,6,"{""alpha"": 300.0}",4,654.0,0.20514302889333547
C2_no_abundance,Ridge,M1,7,"{""alpha"": 1000.0}",4,654.0,0.21081613178592695
C2_no_abundance,Ridge,M1,8,"{""alpha"": 3000.0}",4,654.0,0.2192960866622067
C2_no_abundance,Ridge,M3,0,"{""alpha"": 0.01}",4,654.0,0.2081460189556396
C2_no_abundance,Ridge,M3,1,"{""alpha"": 0.1}",4,654.0,0.20812758870883438
C2_no_abundance,Ridge,M3,2,"{""alpha"": 1.0}",4,654.0,0.20798276199610968
C2_no_abundance,Ridge,M3,3,"{""alpha"": 10.0}",4,654.0,0.20731864042050022
C2_no_abundance,Ridge,M3,4,"{""alpha"": 30.0}",4,654.0,0.206451816506948
C2_no_abundance,Ridge,M3,5,"{""alpha"": 100.0}",4,654.0,0.20510430574533253
C2_no_abundance,Ridge,M3,6,"{""alpha"": 300.0}",4,654.0,0.20492248906276575
C2_no_abundance,Ridge,M3,7,"{""alpha"": 1000.0}",4,654.0,0.21061348099344473
C2_no_abundance,Ridge,M3,8,"{""alpha"": 3000.0}",4,654.0,0.21920803795552363
C2_no_abundance,Ridge,M0,0,"{""alpha"": 0.01}",5,654.0,0.2114929835309244
C2_no_abundance,Ridge,M0,1,"{""alpha"": 0.1}",5,654.0,0.21149788824585292
C2_no_abundance,Ridge,M0,2,"{""alpha"": 1.0}",5,654.0,0.21159508530389462
C2_no_abundance,Ridge,M0,3,"{""alpha"": 10.0}",5,654.0,0.2123502453360438
C2_no_abundance,Ridge,M0,4,"{""alpha"": 30.0}",5,654.0,0.2134194015262067
C2_no_abundance,Ridge,M0,5,"{""alpha"": 100.0}",5,654.0,0.21615703821583482
C2_no_abundance,Ridge,M0,6,"{""alpha"": 300.0}",5,654.0,0.22088589087291666
C2_no_abundance,Ridge,M0,7,"{""alpha"": 1000.0}",5,654.0,0.22720689216363527
C2_no_abundance,Ridge,M0,8,"{""alpha"": 3000.0}",5,654.0,0.23140548446983641
C2_no_abundance,Ridge,M0R,0,"{""alpha"": 0.01}",5,654.0,0.21267383833897535
C2_no_abundance,Ridge,M0R,1,"{""alpha"": 0.1}",5,654.0,0.21266566161157835
C2_no_abundance,Ridge,M0R,2,"{""alpha"": 1.0}",5,654.0,0.21269724014636357
C2_no_abundance,Ridge,M0R,3,"{""alpha"": 10.0}",5,654.0,0.21333860068190671
C2_no_abundance,Ridge,M0R,4,"{""alpha"": 30.0}",5,654.0,0.21423554549656135
C2_no_abundance,Ridge,M0R,5,"{""alpha"": 100.0}",5,654.0,0.21675838612795356
C2_no_abundance,Ridge,M0R,6,"{""alpha"": 300.0}",5,654.0,0.22155438501295727
C2_no_abundance,Ridge,M0R,7,"{""alpha"": 1000.0}",5,654.0,0.22773043874861085
C2_no_abundance,Ridge,M0R,8,"{""alpha"": 3000.0}",5,654.0,0.23171037538271563
C2_no_abundance,Ridge,M1,0,"{""alpha"": 0.01}",5,654.0,0.21777698438424262
C2_no_abundance,Ridge,M1,1,"{""alpha"": 0.1}",5,654.0,0.21777192401855208
C2_no_abundance,Ridge,M1,2,"{""alpha"": 1.0}",5,654.0,0.21771203159330735
C2_no_abundance,Ridge,M1,3,"{""alpha"": 10.0}",5,654.0,0.21720232653207275
C2_no_abundance,Ridge,M1,4,"{""alpha"": 30.0}",5,654.0,0.2168659496266776
C2_no_abundance,Ridge,M1,5,"{""alpha"": 100.0}",5,654.0,0.21686912991563284
C2_no_abundance,Ridge,M1,6,"{""alpha"": 300.0}",5,654.0,0.21838158568222416
C2_no_abundance,Ridge,M1,7,"{""alpha"": 1000.0}",5,654.0,0.2231524749733949
C2_no_abundance,Ridge,M1,8,"{""alpha"": 3000.0}",5,654.0,0.22853151394682672
C2_no_abundance,Ridge,M3,0,"{""alpha"": 0.01}",5,654.0,0.21913413400587237
C2_no_abundance,Ridge,M3,1,"{""alpha"": 0.1}",5,654.0,0.21911419490265205
C2_no_abundance,Ridge,M3,2,"{""alpha"": 1.0}",5,654.0,0.21896654486338743
C2_no_abundance,Ridge,M3,3,"{""alpha"": 10.0}",5,654.0,0.21821000852969194
C2_no_abundance,Ridge,M3,4,"{""alpha"": 30.0}",5,654.0,0.2176923659333905
C2_no_abundance,Ridge,M3,5,"{""alpha"": 100.0}",5,654.0,0.21748708166644887
C2_no_abundance,Ridge,M3,6,"{""alpha"": 300.0}",5,654.0,0.21878343424298868
C2_no_abundance,Ridge,M3,7,"{""alpha"": 1000.0}",5,654.0,0.2234892481182752
C2_no_abundance,Ridge,M3,8,"{""alpha"": 3000.0}",5,654.0,0.2287522594576325
C3_matched_3mer,Ridge,M0,0,"{""alpha"": 0.01}",1,655.0,0.20810782392099197
C3_matched_3mer,Ridge,M0,1,"{""alpha"": 0.1}",1,655.0,0.2080965250870794
C3_matched_3mer,Ridge,M0,2,"{""alpha"": 1.0}",1,655.0,0.20796550032650846
C3_matched_3mer,Ridge,M0,3,"{""alpha"": 10.0}",1,655.0,0.2082625698857844
C3_matched_3mer,Ridge,M0,4,"{""alpha"": 30.0}",1,655.0,0.20867902456739162
C3_matched_3mer,Ridge,M0,5,"{""alpha"": 100.0}",1,655.0,0.2095701636609682
C3_matched_3mer,Ridge,M0,6,"{""alpha"": 300.0}",1,655.0,0.21190569876962312
C3_matched_3mer,Ridge,M0,7,"{""alpha"": 1000.0}",1,655.0,0.21617790032124296
C3_matched_3mer,Ridge,M0,8,"{""alpha"": 3000.0}",1,655.0,0.2199393812325832
C3_matched_3mer,HGB,M0,0,"{""l2_regularization"": 1.0, ""learning_rate"": 0.05, ""max_iter"": 150, ""max_leaf_nodes"": 15}",1,655.0,0.18994289857744204
C3_matched_3mer,HGB,M0,1,"{""l2_regularization"": 10.0, ""learning_rate"": 0.05, ""max_iter"": 200, ""max_leaf_nodes"": 31}",1,655.0,0.18846420574848086
C3_matched_3mer,Ridge,M1,0,"{""alpha"": 0.01}",1,655.0,0.20063470504330677
C3_matched_3mer,Ridge,M1,1,"{""alpha"": 0.1}",1,655.0,0.2006448398917813
C3_matched_3mer,Ridge,M1,2,"{""alpha"": 1.0}",1,655.0,0.20074085013105986
C3_matched_3mer,Ridge,M1,3,"{""alpha"": 10.0}",1,655.0,0.20140047582146364
C3_matched_3mer,Ridge,M1,4,"{""alpha"": 30.0}",1,655.0,0.20202120425027661
C3_matched_3mer,Ridge,M1,5,"{""alpha"": 100.0}",1,655.0,0.20391632536724508
C3_matched_3mer,Ridge,M1,6,"{""alpha"": 300.0}",1,655.0,0.20750547583965556
C3_matched_3mer,Ridge,M1,7,"{""alpha"": 1000.0}",1,655.0,0.21322549645224292
C3_matched_3mer,Ridge,M1,8,"{""alpha"": 3000.0}",1,655.0,0.21787951265513913
C3_matched_3mer,HGB,M1,0,"{""l2_regularization"": 1.0, ""learning_rate"": 0.05, ""max_iter"": 150, ""max_leaf_nodes"": 15}",1,655.0,0.18960449749108974
C3_matched_3mer,HGB,M1,1,"{""l2_regularization"": 10.0, ""learning_rate"": 0.05, ""max_iter"": 200, ""max_leaf_nodes"": 31}",1,655.0,0.18722708182259568
C3_matched_3mer,Ridge,M2,0,"{""alpha"": 0.01}",1,655.0,0.2017425083828695
C3_matched_3mer,Ridge,M2,1,"{""alpha"": 0.1}",1,655.0,0.2017444467395675
C3_matched_3mer,Ridge,M2,2,"{""alpha"": 1.0}",1,655.0,0.20166571852484325
C3_matched_3mer,Ridge,M2,3,"{""alpha"": 10.0}",1,655.0,0.20228006452645825
C3_matched_3mer,Ridge,M2,4,"{""alpha"": 30.0}",1,655.0,0.20293212602559207
C3_matched_3mer,Ridge,M2,5,"{""alpha"": 100.0}",1,655.0,0.2047466882311007
C3_matched_3mer,Ridge,M2,6,"{""alpha"": 300.0}",1,655.0,0.20819795832844049
C3_matched_3mer,Ridge,M2,7,"{""alpha"": 1000.0}",1,655.0,0.21367486241621006
C3_matched_3mer,Ridge,M2,8,"{""alpha"": 3000.0}",1,655.0,0.21820823353872695
C3_matched_3mer,HGB,M2,0,"{""l2_regularization"": 1.0, ""learning_rate"": 0.05, ""max_iter"": 150, ""max_leaf_nodes"": 15}",1,655.0,0.19174650148287256
C3_matched_3mer,HGB,M2,1,"{""l2_regularization"": 10.0, ""learning_rate"": 0.05, ""max_iter"": 200, ""max_leaf_nodes"": 31}",1,655.0,0.18946932813279824
C3_matched_3mer,Ridge,M3,0,"{""alpha"": 0.01}",1,655.0,0.20078842535420088
C3_matched_3mer,Ridge,M3,1,"{""alpha"": 0.1}",1,655.0,0.20079575342507858
C3_matched_3mer,Ridge,M3,2,"{""alpha"": 1.0}",1,655.0,0.20086194901109444
C3_matched_3mer,Ridge,M3,3,"{""alpha"": 10.0}",1,655.0,0.20144682870764416
C3_matched_3mer,Ridge,M3,4,"{""alpha"": 30.0}",1,655.0,0.20200571381529
C3_matched_3mer,Ridge,M3,5,"{""alpha"": 100.0}",1,655.0,0.20394474603683918
C3_matched_3mer,Ridge,M3,6,"{""alpha"": 300.0}",1,655.0,0.20751352476443655
C3_matched_3mer,Ridge,M3,7,"{""alpha"": 1000.0}",1,655.0,0.2132153039014892
C3_matched_3mer,Ridge,M3,8,"{""alpha"": 3000.0}",1,655.0,0.2178646326308355
C3_matched_3mer,HGB,M3,0,"{""l2_regularization"": 1.0, ""learning_rate"": 0.05, ""max_iter"": 150, ""max_leaf_nodes"": 15}",1,655.0,0.1896568367739507
C3_matched_3mer,HGB,M3,1,"{""l2_regularization"": 10.0, ""learning_rate"": 0.05, ""max_iter"": 200, ""max_leaf_nodes"": 31}",1,655.0,0.18652484525606997
C3_matched_3mer,Ridge,M4,0,"{""alpha"": 0.01}",1,655.0,0.20177709146290237
C3_matched_3mer,Ridge,M4,1,"{""alpha"": 0.1}",1,655.0,0.20177548731522987
C3_matched_3mer,Ridge,M4,2,"{""alpha"": 1.0}",1,655.0,0.20176594273011697
C3_matched_3mer,Ridge,M4,3,"{""alpha"": 10.0}",1,655.0,0.20230944263458375
C3_matched_3mer,Ridge,M4,4,"{""alpha"": 30.0}",1,655.0,0.20293662466295503
C3_matched_3mer,Ridge,M4,5,"{""alpha"": 100.0}",1,655.0,0.20478127412197986
C3_matched_3mer,Ridge,M4,6,"{""alpha"": 300.0}",1,655.0,0.20819296197072104
C3_matched_3mer,Ridge,M4,7,"{""alpha"": 1000.0}",1,655.0,0.2136445590858614
C3_matched_3mer,Ridge,M4,8,"{""alpha"": 3000.0}",1,655.0,0.21819152295650363
C3_matched_3mer,HGB,M4,0,"{""l2_regularization"": 1.0, ""learning_rate"": 0.05, ""max_iter"": 150, ""max_leaf_nodes"": 15}",1,655.0,0.19216183182833316
C3_matched_3mer,HGB,M4,1,"{""l2_regularization"": 10.0, ""learning_rate"": 0.05, ""max_iter"": 200, ""max_leaf_nodes"": 31}",1,655.0,0.18969669116214913
C3_matched_3mer,Ridge,M0,0,"{""alpha"": 0.01}",2,654.0,0.20145224722659588
C3_matched_3mer,Ridge,M0,1,"{""alpha"": 0.1}",2,654.0,0.20144884912387348
C3_matched_3mer,Ridge,M0,2,"{""alpha"": 1.0}",2,654.0,0.2014222156463381
C3_matched_3mer,Ridge,M0,3,"{""alpha"": 10.0}",2,654.0,0.20162755808526925
C3_matched_3mer,Ridge,M0,4,"{""alpha"": 30.0}",2,654.0,0.2024234508413314
C3_matched_3mer,Ridge,M0,5,"{""alpha"": 100.0}",2,654.0,0.2050430849955187
C3_matched_3mer,Ridge,M0,6,"{""alpha"": 300.0}",2,654.0,0.21028014418522886
C3_matched_3mer,Ridge,M0,7,"{""alpha"": 1000.0}",2,654.0,0.2168597184052888
C3_matched_3mer,Ridge,M0,8,"{""alpha"": 3000.0}",2,654.0,0.22082009855988252
C3_matched_3mer,HGB,M0,0,"{""l2_regularization"": 1.0, ""learning_rate"": 0.05, ""max_iter"": 150, ""max_leaf_nodes"": 15}",2,654.0,0.18582816991794499
C3_matched_3mer,HGB,M0,1,"{""l2_regularization"": 10.0, ""learning_rate"": 0.05, ""max_iter"": 200, ""max_leaf_nodes"": 31}",2,654.0,0.18697642629523906
C3_matched_3mer,Ridge,M1,0,"{""alpha"": 0.01}",2,654.0,0.19984593233279369
C3_matched_3mer,Ridge,M1,1,"{""alpha"": 0.1}",2,654.0,0.1998395637815529
C3_matched_3mer,Ridge,M1,2,"{""alpha"": 1.0}",2,654.0,0.1997808152807456
C3_matched_3mer,Ridge,M1,3,"{""alpha"": 10.0}",2,654.0,0.19963081085637574
C3_matched_3mer,Ridge,M1,4,"{""alpha"": 30.0}",2,654.0,0.20002390837572512
C3_matched_3mer,Ridge,M1,5,"{""alpha"": 100.0}",2,654.0,0.2021559544366693
C3_matched_3mer,Ridge,M1,6,"{""alpha"": 300.0}",2,654.0,0.20716732054624704
C3_matched_3mer,Ridge,M1,7,"{""alpha"": 1000.0}",2,654.0,0.2140070542090415
C3_matched_3mer,Ridge,M1,8,"{""alpha"": 3000.0}",2,654.0,0.21868691330420165
C3_matched_3mer,HGB,M1,0,"{""l2_regularization"": 1.0, ""learning_rate"": 0.05, ""max_iter"": 150, ""max_leaf_nodes"": 15}",2,654.0,0.18193261600037727
C3_matched_3mer,HGB,M1,1,"{""l2_regularization"": 10.0, ""learning_rate"": 0.05, ""max_iter"": 200, ""max_leaf_nodes"": 31}",2,654.0,0.18406264105879347
C3_matched_3mer,Ridge,M2,0,"{""alpha"": 0.01}",2,654.0,0.20007490012707096
C3_matched_3mer,Ridge,M2,1,"{""alpha"": 0.1}",2,654.0,0.20012574004767272
C3_matched_3mer,Ridge,M2,2,"{""alpha"": 1.0}",2,654.0,0.19973951775517879
C3_matched_3mer,Ridge,M2,3,"{""alpha"": 10.0}",2,654.0,0.19957661567826115
C3_matched_3mer,Ridge,M2,4,"{""alpha"": 30.0}",2,654.0,0.19999787979033376
C3_matched_3mer,Ridge,M2,5,"{""alpha"": 100.0}",2,654.0,0.202002494741055
C3_matched_3mer,Ridge,M2,6,"{""alpha"": 300.0}",2,654.0,0.20699844935965583
C3_matched_3mer,Ridge,M2,7,"{""alpha"": 1000.0}",2,654.0,0.21390356441626068
C3_matched_3mer,Ridge,M2,8,"{""alpha"": 3000.0}",2,654.0,0.2185962158113755
C3_matched_3mer,HGB,M2,0,"{""l2_regularization"": 1.0, ""learning_rate"": 0.05, ""max_iter"": 150, ""max_leaf_nodes"": 15}",2,654.0,0.18415756037693873
C3_matched_3mer,HGB,M2,1,"{""l2_regularization"": 10.0, ""learning_rate"": 0.05, ""max_iter"": 200, ""max_leaf_nodes"": 31}",2,654.0,0.18506999761981227
C3_matched_3mer,Ridge,M3,0,"{""alpha"": 0.01}",2,654.0,0.19974133488102735
C3_matched_3mer,Ridge,M3,1,"{""alpha"": 0.1}",2,654.0,0.19973491031927948
C3_matched_3mer,Ridge,M3,2,"{""alpha"": 1.0}",2,654.0,0.19979511278541853
C3_matched_3mer,Ridge,M3,3,"{""alpha"": 10.0}",2,654.0,0.1995889667558293
C3_matched_3mer,Ridge,M3,4,"{""alpha"": 30.0}",2,654.0,0.19998648914743208
C3_matched_3mer,Ridge,M3,5,"{""alpha"": 100.0}",2,654.0,0.2021638045762993
C3_matched_3mer,Ridge,M3,6,"{""alpha"": 300.0}",2,654.0,0.2071269731696826
C3_matched_3mer,Ridge,M3,7,"{""alpha"": 1000.0}",2,654.0,0.21396396590040684
C3_matched_3mer,Ridge,M3,8,"{""alpha"": 3000.0}",2,654.0,0.2186679346175117
C3_matched_3mer,HGB,M3,0,"{""l2_regularization"": 1.0, ""learning_rate"": 0.05, ""max_iter"": 150, ""max_leaf_nodes"": 15}",2,654.0,0.1807353789228978
C3_matched_3mer,HGB,M3,1,"{""l2_regularization"": 10.0, ""learning_rate"": 0.05, ""max_iter"": 200, ""max_leaf_nodes"": 31}",2,654.0,0.18233695217633009
C3_matched_3mer,Ridge,M4,0,"{""alpha"": 0.01}",2,654.0,0.2000770153225994
C3_matched_3mer,Ridge,M4,1,"{""alpha"": 0.1}",2,654.0,0.20005430558838555
C3_matched_3mer,Ridge,M4,2,"{""alpha"": 1.0}",2,654.0,0.19968206269896568
C3_matched_3mer,Ridge,M4,3,"{""alpha"": 10.0}",2,654.0,0.1995614181371172
C3_matched_3mer,Ridge,M4,4,"{""alpha"": 30.0}",2,654.0,0.20000626280056286
C3_matched_3mer,Ridge,M4,5,"{""alpha"": 100.0}",2,654.0,0.20202616431791953
C3_matched_3mer,Ridge,M4,6,"{""alpha"": 300.0}",2,654.0,0.2069635742171909
C3_matched_3mer,Ridge,M4,7,"{""alpha"": 1000.0}",2,654.0,0.2138276026754961
C3_matched_3mer,Ridge,M4,8,"{""alpha"": 3000.0}",2,654.0,0.2185536621506736
C3_matched_3mer,HGB,M4,0,"{""l2_regularization"": 1.0, ""learning_rate"": 0.05, ""max_iter"": 150, ""max_leaf_nodes"": 15}",2,654.0,0.18397427953795345
C3_matched_3mer,HGB,M4,1,"{""l2_regularization"": 10.0, ""learning_rate"": 0.05, ""max_iter"": 200, ""max_leaf_nodes"": 31}",2,654.0,0.18336524394895462
C3_matched_3mer,Ridge,M0,0,"{""alpha"": 0.01}",3,654.0,0.1930954143709817
C3_matched_3mer,Ridge,M0,1,"{""alpha"": 0.1}",3,654.0,0.19308584073946908
C3_matched_3mer,Ridge,M0,2,"{""alpha"": 1.0}",3,654.0,0.19309062909529387
C3_matched_3mer,Ridge,M0,3,"{""alpha"": 10.0}",3,654.0,0.19445560595898753
C3_matched_3mer,Ridge,M0,4,"{""alpha"": 30.0}",3,654.0,0.19573766485095348
C3_matched_3mer,Ridge,M0,5,"{""alpha"": 100.0}",3,654.0,0.19865795463345257
C3_matched_3mer,Ridge,M0,6,"{""alpha"": 300.0}",3,654.0,0.20391396931622408
C3_matched_3mer,Ridge,M0,7,"{""alpha"": 1000.0}",3,654.0,0.21048856597154703
C3_matched_3mer,Ridge,M0,8,"{""alpha"": 3000.0}",3,654.0,0.21441528049861508
C3_matched_3mer,HGB,M0,0,"{""l2_regularization"": 1.0, ""learning_rate"": 0.05, ""max_iter"": 150, ""max_leaf_nodes"": 15}",3,654.0,0.17651623157458735
C3_matched_3mer,HGB,M0,1,"{""l2_regularization"": 10.0, ""learning_rate"": 0.05, ""max_iter"": 200, ""max_leaf_nodes"": 31}",3,654.0,0.17759962529165818
C3_matched_3mer,Ridge,M1,0,"{""alpha"": 0.01}",3,654.0,0.18629295330986156
C3_matched_3mer,Ridge,M1,1,"{""alpha"": 0.1}",3,654.0,0.18625881641284592
C3_matched_3mer,Ridge,M1,2,"{""alpha"": 1.0}",3,654.0,0.18603249966053662
C3_matched_3mer,Ridge,M1,3,"{""alpha"": 10.0}",3,654.0,0.18647935199212956
C3_matched_3mer,Ridge,M1,4,"{""alpha"": 30.0}",3,654.0,0.18779499228213326
C3_matched_3mer,Ridge,M1,5,"{""alpha"": 100.0}",3,654.0,0.19117548746282687
C3_matched_3mer,Ridge,M1,6,"{""alpha"": 300.0}",3,654.0,0.19785479557631494
C3_matched_3mer,Ridge,M1,7,"{""alpha"": 1000.0}",3,654.0,0.20581852640795484
C3_matched_3mer,Ridge,M1,8,"{""alpha"": 3000.0}",3,654.0,0.211149757199543
C3_matched_3mer,HGB,M1,0,"{""l2_regularization"": 1.0, ""learning_rate"": 0.05, ""max_iter"": 150, ""max_leaf_nodes"": 15}",3,654.0,0.17602989736227775
C3_matched_3mer,HGB,M1,1,"{""l2_regularization"": 10.0, ""learning_rate"": 0.05, ""max_iter"": 200, ""max_leaf_nodes"": 31}",3,654.0,0.1738102974088792
C3_matched_3mer,Ridge,M2,0,"{""alpha"": 0.01}",3,654.0,0.18672618416114392
C3_matched_3mer,Ridge,M2,1,"{""alpha"": 0.1}",3,654.0,0.18669245906250265
C3_matched_3mer,Ridge,M2,2,"{""alpha"": 1.0}",3,654.0,0.186413406866797
C3_matched_3mer,Ridge,M2,3,"{""alpha"": 10.0}",3,654.0,0.18720992968347006
C3_matched_3mer,Ridge,M2,4,"{""alpha"": 30.0}",3,654.0,0.1883176373205717
C3_matched_3mer,Ridge,M2,5,"{""alpha"": 100.0}",3,654.0,0.19132827766566524
C3_matched_3mer,Ridge,M2,6,"{""alpha"": 300.0}",3,654.0,0.19757978856015693
C3_matched_3mer,Ridge,M2,7,"{""alpha"": 1000.0}",3,654.0,0.20564417787234204
C3_matched_3mer,Ridge,M2,8,"{""alpha"": 3000.0}",3,654.0,0.21111460643789354
C3_matched_3mer,HGB,M2,0,"{""l2_regularization"": 1.0, ""learning_rate"": 0.05, ""max_iter"": 150, ""max_leaf_nodes"": 15}",3,654.0,0.17671544026264308
C3_matched_3mer,HGB,M2,1,"{""l2_regularization"": 10.0, ""learning_rate"": 0.05, ""max_iter"": 200, ""max_leaf_nodes"": 31}",3,654.0,0.17361332946185767
C3_matched_3mer,Ridge,M3,0,"{""alpha"": 0.01}",3,654.0,0.18619336734993283
C3_matched_3mer,Ridge,M3,1,"{""alpha"": 0.1}",3,654.0,0.18611497983779993
C3_matched_3mer,Ridge,M3,2,"{""alpha"": 1.0}",3,654.0,0.1858839467491421
C3_matched_3mer,Ridge,M3,3,"{""alpha"": 10.0}",3,654.0,0.1863690007881008
C3_matched_3mer,Ridge,M3,4,"{""alpha"": 30.0}",3,654.0,0.18769466144274138
C3_matched_3mer,Ridge,M3,5,"{""alpha"": 100.0}",3,654.0,0.19110799559069322
C3_matched_3mer,Ridge,M3,6,"{""alpha"": 300.0}",3,654.0,0.1977886169580387
C3_matched_3mer,Ridge,M3,7,"{""alpha"": 1000.0}",3,654.0,0.20575563312253517
C3_matched_3mer,Ridge,M3,8,"{""alpha"": 3000.0}",3,654.0,0.21106182918402072
C3_matched_3mer,HGB,M3,0,"{""l2_regularization"": 1.0, ""learning_rate"": 0.05, ""max_iter"": 150, ""max_leaf_nodes"": 15}",3,654.0,0.17712885063092212
C3_matched_3mer,HGB,M3,1,"{""l2_regularization"": 10.0, ""learning_rate"": 0.05, ""max_iter"": 200, ""max_leaf_nodes"": 31}",3,654.0,0.1706383563190286
C3_matched_3mer,Ridge,M4,0,"{""alpha"": 0.01}",3,654.0,0.18656765174786236
C3_matched_3mer,Ridge,M4,1,"{""alpha"": 0.1}",3,654.0,0.18652952106623097
C3_matched_3mer,Ridge,M4,2,"{""alpha"": 1.0}",3,654.0,0.18627473549965864
C3_matched_3mer,Ridge,M4,3,"{""alpha"": 10.0}",3,654.0,0.18705225224077954
C3_matched_3mer,Ridge,M4,4,"{""alpha"": 30.0}",3,654.0,0.1881885679136621
C3_matched_3mer,Ridge,M4,5,"{""alpha"": 100.0}",3,654.0,0.19123512309215812
C3_matched_3mer,Ridge,M4,6,"{""alpha"": 300.0}",3,654.0,0.19748976024852824
C3_matched_3mer,Ridge,M4,7,"{""alpha"": 1000.0}",3,654.0,0.2055372033959907
C3_matched_3mer,Ridge,M4,8,"{""alpha"": 3000.0}",3,654.0,0.21102172412804407
C3_matched_3mer,HGB,M4,0,"{""l2_regularization"": 1.0, ""learning_rate"": 0.05, ""max_iter"": 150, ""max_leaf_nodes"": 15}",3,654.0,0.1769036084985749
C3_matched_3mer,HGB,M4,1,"{""l2_regularization"": 10.0, ""learning_rate"": 0.05, ""max_iter"": 200, ""max_leaf_nodes"": 31}",3,654.0,0.17392658698297592
C3_matched_3mer,Ridge,M0,0,"{""alpha"": 0.01}",4,654.0,0.20415536331176984
C3_matched_3mer,Ridge,M0,1,"{""alpha"": 0.1}",4,654.0,0.20413339679859788
C3_matched_3mer,Ridge,M0,2,"{""alpha"": 1.0}",4,654.0,0.20420529838339951
C3_matched_3mer,Ridge,M0,3,"{""alpha"": 10.0}",4,654.0,0.20508297738228115
C3_matched_3mer,Ridge,M0,4,"{""alpha"": 30.0}",4,654.0,0.2066380433524214
C3_matched_3mer,Ridge,M0,5,"{""alpha"": 100.0}",4,654.0,0.21004815563400706
C3_matched_3mer,Ridge,M0,6,"{""alpha"": 300.0}",4,654.0,0.21549275897146464
C3_matched_3mer,Ridge,M0,7,"{""alpha"": 1000.0}",4,654.0,0.22233744381989212
C3_matched_3mer,Ridge,M0,8,"{""alpha"": 3000.0}",4,654.0,0.2265797771662246
C3_matched_3mer,HGB,M0,0,"{""l2_regularization"": 1.0, ""learning_rate"": 0.05, ""max_iter"": 150, ""max_leaf_nodes"": 15}",4,654.0,0.18229258049864916
C3_matched_3mer,HGB,M0,1,"{""l2_regularization"": 10.0, ""learning_rate"": 0.05, ""max_iter"": 200, ""max_leaf_nodes"": 31}",4,654.0,0.18230868198838623
C3_matched_3mer,Ridge,M1,0,"{""alpha"": 0.01}",4,654.0,0.19882058301482927
C3_matched_3mer,Ridge,M1,1,"{""alpha"": 0.1}",4,654.0,0.19881463872745334
C3_matched_3mer,Ridge,M1,2,"{""alpha"": 1.0}",4,654.0,0.19882362939807158
C3_matched_3mer,Ridge,M1,3,"{""alpha"": 10.0}",4,654.0,0.19909094731036295
C3_matched_3mer,Ridge,M1,4,"{""alpha"": 30.0}",4,654.0,0.20054462411826182
C3_matched_3mer,Ridge,M1,5,"{""alpha"": 100.0}",4,654.0,0.20438078409284147
C3_matched_3mer,Ridge,M1,6,"{""alpha"": 300.0}",4,654.0,0.20998469339380724
C3_matched_3mer,Ridge,M1,7,"{""alpha"": 1000.0}",4,654.0,0.21750014043446414
C3_matched_3mer,Ridge,M1,8,"{""alpha"": 3000.0}",4,654.0,0.2233623386792087
C3_matched_3mer,HGB,M1,0,"{""l2_regularization"": 1.0, ""learning_rate"": 0.05, ""max_iter"": 150, ""max_leaf_nodes"": 15}",4,654.0,0.18291155378265603
C3_matched_3mer,HGB,M1,1,"{""l2_regularization"": 10.0, ""learning_rate"": 0.05, ""max_iter"": 200, ""max_leaf_nodes"": 31}",4,654.0,0.1815557948054128
C3_matched_3mer,Ridge,M2,0,"{""alpha"": 0.01}",4,654.0,0.1996605774766606
C3_matched_3mer,Ridge,M2,1,"{""alpha"": 0.1}",4,654.0,0.19966081142944828
C3_matched_3mer,Ridge,M2,2,"{""alpha"": 1.0}",4,654.0,0.199728002750611
C3_matched_3mer,Ridge,M2,3,"{""alpha"": 10.0}",4,654.0,0.20011756725941024
C3_matched_3mer,Ridge,M2,4,"{""alpha"": 30.0}",4,654.0,0.20165446193866132
C3_matched_3mer,Ridge,M2,5,"{""alpha"": 100.0}",4,654.0,0.20539867630847453
C3_matched_3mer,Ridge,M2,6,"{""alpha"": 300.0}",4,654.0,0.21071289769357032
C3_matched_3mer,Ridge,M2,7,"{""alpha"": 1000.0}",4,654.0,0.2180650519049957
C3_matched_3mer,Ridge,M2,8,"{""alpha"": 3000.0}",4,654.0,0.22362784231907123
C3_matched_3mer,HGB,M2,0,"{""l2_regularization"": 1.0, ""learning_rate"": 0.05, ""max_iter"": 150, ""max_leaf_nodes"": 15}",4,654.0,0.18366691775528352
C3_matched_3mer,HGB,M2,1,"{""l2_regularization"": 10.0, ""learning_rate"": 0.05, ""max_iter"": 200, ""max_leaf_nodes"": 31}",4,654.0,0.184224453532023
C3_matched_3mer,Ridge,M3,0,"{""alpha"": 0.01}",4,654.0,0.19853831205873912
C3_matched_3mer,Ridge,M3,1,"{""alpha"": 0.1}",4,654.0,0.1985331675476881
C3_matched_3mer,Ridge,M3,2,"{""alpha"": 1.0}",4,654.0,0.19840417389763176
C3_matched_3mer,Ridge,M3,3,"{""alpha"": 10.0}",4,654.0,0.19888224555424525
C3_matched_3mer,Ridge,M3,4,"{""alpha"": 30.0}",4,654.0,0.2003241002666093
C3_matched_3mer,Ridge,M3,5,"{""alpha"": 100.0}",4,654.0,0.20416761584880036
C3_matched_3mer,Ridge,M3,6,"{""alpha"": 300.0}",4,654.0,0.20975785956317328
C3_matched_3mer,Ridge,M3,7,"{""alpha"": 1000.0}",4,654.0,0.21735811122556817
C3_matched_3mer,Ridge,M3,8,"{""alpha"": 3000.0}",4,654.0,0.22326881276266783
C3_matched_3mer,HGB,M3,0,"{""l2_regularization"": 1.0, ""learning_rate"": 0.05, ""max_iter"": 150, ""max_leaf_nodes"": 15}",4,654.0,0.1827230297749727
C3_matched_3mer,HGB,M3,1,"{""l2_regularization"": 10.0, ""learning_rate"": 0.05, ""max_iter"": 200, ""max_leaf_nodes"": 31}",4,654.0,0.1793942024997843
C3_matched_3mer,Ridge,M4,0,"{""alpha"": 0.01}",4,654.0,0.19949676872167382
C3_matched_3mer,Ridge,M4,1,"{""alpha"": 0.1}",4,654.0,0.1994931444585141
C3_matched_3mer,Ridge,M4,2,"{""alpha"": 1.0}",4,654.0,0.19952362284933545
C3_matched_3mer,Ridge,M4,3,"{""alpha"": 10.0}",4,654.0,0.1998919700564567
C3_matched_3mer,Ridge,M4,4,"{""alpha"": 30.0}",4,654.0,0.2014570273419189
C3_matched_3mer,Ridge,M4,5,"{""alpha"": 100.0}",4,654.0,0.20516730360397775
C3_matched_3mer,Ridge,M4,6,"{""alpha"": 300.0}",4,654.0,0.21046429432409858
C3_matched_3mer,Ridge,M4,7,"{""alpha"": 1000.0}",4,654.0,0.21784598673706487
C3_matched_3mer,Ridge,M4,8,"{""alpha"": 3000.0}",4,654.0,0.22350698552247333
C3_matched_3mer,HGB,M4,0,"{""l2_regularization"": 1.0, ""learning_rate"": 0.05, ""max_iter"": 150, ""max_leaf_nodes"": 15}",4,654.0,0.18441598936073683
C3_matched_3mer,HGB,M4,1,"{""l2_regularization"": 10.0, ""learning_rate"": 0.05, ""max_iter"": 200, ""max_leaf_nodes"": 31}",4,654.0,0.1831758856128665
C3_matched_3mer,Ridge,M0,0,"{""alpha"": 0.01}",5,654.0,0.20973188760449996
C3_matched_3mer,Ridge,M0,1,"{""alpha"": 0.1}",5,654.0,0.2097453999729136
C3_matched_3mer,Ridge,M0,2,"{""alpha"": 1.0}",5,654.0,0.20986822056115817
C3_matched_3mer,Ridge,M0,3,"{""alpha"": 10.0}",5,654.0,0.21057897550930174
C3_matched_3mer,Ridge,M0,4,"{""alpha"": 30.0}",5,654.0,0.2115949616879394
C3_matched_3mer,Ridge,M0,5,"{""alpha"": 100.0}",5,654.0,0.21426123183483714
C3_matched_3mer,Ridge,M0,6,"{""alpha"": 300.0}",5,654.0,0.21902214632487993
C3_matched_3mer,Ridge,M0,7,"{""alpha"": 1000.0}",5,654.0,0.22568946731753986
C3_matched_3mer,Ridge,M0,8,"{""alpha"": 3000.0}",5,654.0,0.2303396224643005
C3_matched_3mer,HGB,M0,0,"{""l2_regularization"": 1.0, ""learning_rate"": 0.05, ""max_iter"": 150, ""max_leaf_nodes"": 15}",5,654.0,0.19629743742925712
C3_matched_3mer,HGB,M0,1,"{""l2_regularization"": 10.0, ""learning_rate"": 0.05, ""max_iter"": 200, ""max_leaf_nodes"": 31}",5,654.0,0.19557043369947333
C3_matched_3mer,Ridge,M1,0,"{""alpha"": 0.01}",5,654.0,0.20913407503615822
C3_matched_3mer,Ridge,M1,1,"{""alpha"": 0.1}",5,654.0,0.20914242427753377
C3_matched_3mer,Ridge,M1,2,"{""alpha"": 1.0}",5,654.0,0.20917364014443401
C3_matched_3mer,Ridge,M1,3,"{""alpha"": 10.0}",5,654.0,0.21019250300915665
C3_matched_3mer,Ridge,M1,4,"{""alpha"": 30.0}",5,654.0,0.211698423289501
C3_matched_3mer,Ridge,M1,5,"{""alpha"": 100.0}",5,654.0,0.2151223971643994
C3_matched_3mer,Ridge,M1,6,"{""alpha"": 300.0}",5,654.0,0.2207424457839746
C3_matched_3mer,Ridge,M1,7,"{""alpha"": 1000.0}",5,654.0,0.22752297380509884
C3_matched_3mer,Ridge,M1,8,"{""alpha"": 3000.0}",5,654.0,0.2314304879334195
C3_matched_3mer,HGB,M1,0,"{""l2_regularization"": 1.0, ""learning_rate"": 0.05, ""max_iter"": 150, ""max_leaf_nodes"": 15}",5,654.0,0.1972933290307359
C3_matched_3mer,HGB,M1,1,"{""l2_regularization"": 10.0, ""learning_rate"": 0.05, ""max_iter"": 200, ""max_leaf_nodes"": 31}",5,654.0,0.19830038191953217
C3_matched_3mer,Ridge,M2,0,"{""alpha"": 0.01}",5,654.0,0.20811084875683403
C3_matched_3mer,Ridge,M2,1,"{""alpha"": 0.1}",5,654.0,0.20812049593719734
C3_matched_3mer,Ridge,M2,2,"{""alpha"": 1.0}",5,654.0,0.20824389703576027
C3_matched_3mer,Ridge,M2,3,"{""alpha"": 10.0}",5,654.0,0.20929129254396536
C3_matched_3mer,Ridge,M2,4,"{""alpha"": 30.0}",5,654.0,0.21084639209833417
C3_matched_3mer,Ridge,M2,5,"{""alpha"": 100.0}",5,654.0,0.2143418101000344
C3_matched_3mer,Ridge,M2,6,"{""alpha"": 300.0}",5,654.0,0.22004658981707337
C3_matched_3mer,Ridge,M2,7,"{""alpha"": 1000.0}",5,654.0,0.22696918998672985
C3_matched_3mer,Ridge,M2,8,"{""alpha"": 3000.0}",5,654.0,0.231125588239315
C3_matched_3mer,HGB,M2,0,"{""l2_regularization"": 1.0, ""learning_rate"": 0.05, ""max_iter"": 150, ""max_leaf_nodes"": 15}",5,654.0,0.19861754809866483
C3_matched_3mer,HGB,M2,1,"{""l2_regularization"": 10.0, ""learning_rate"": 0.05, ""max_iter"": 200, ""max_leaf_nodes"": 31}",5,654.0,0.1968856527558493
C3_matched_3mer,Ridge,M3,0,"{""alpha"": 0.01}",5,654.0,0.2096743707958032
C3_matched_3mer,Ridge,M3,1,"{""alpha"": 0.1}",5,654.0,0.20967894978137322
C3_matched_3mer,Ridge,M3,2,"{""alpha"": 1.0}",5,654.0,0.20969738364693702
C3_matched_3mer,Ridge,M3,3,"{""alpha"": 10.0}",5,654.0,0.2106787579182116
C3_matched_3mer,Ridge,M3,4,"{""alpha"": 30.0}",5,654.0,0.2121410273248544
C3_matched_3mer,Ridge,M3,5,"{""alpha"": 100.0}",5,654.0,0.2155357647233759
C3_matched_3mer,Ridge,M3,6,"{""alpha"": 300.0}",5,654.0,0.22112161365872732
C3_matched_3mer,Ridge,M3,7,"{""alpha"": 1000.0}",5,654.0,0.22785417353764578
C3_matched_3mer,Ridge,M3,8,"{""alpha"": 3000.0}",5,654.0,0.2316742502182605
C3_matched_3mer,HGB,M3,0,"{""l2_regularization"": 1.0, ""learning_rate"": 0.05, ""max_iter"": 150, ""max_leaf_nodes"": 15}",5,654.0,0.19826562718353077
C3_matched_3mer,HGB,M3,1,"{""l2_regularization"": 10.0, ""learning_rate"": 0.05, ""max_iter"": 200, ""max_leaf_nodes"": 31}",5,654.0,0.1968013083291187
C3_matched_3mer,Ridge,M4,0,"{""alpha"": 0.01}",5,654.0,0.20842646582690896
C3_matched_3mer,Ridge,M4,1,"{""alpha"": 0.1}",5,654.0,0.20843478975453822
C3_matched_3mer,Ridge,M4,2,"{""alpha"": 1.0}",5,654.0,0.2086716322623822
C3_matched_3mer,Ridge,M4,3,"{""alpha"": 10.0}",5,654.0,0.2096494034993498
C3_matched_3mer,Ridge,M4,4,"{""alpha"": 30.0}",5,654.0,0.21122018158427916
C3_matched_3mer,Ridge,M4,5,"{""alpha"": 100.0}",5,654.0,0.21469581503514665
C3_matched_3mer,Ridge,M4,6,"{""alpha"": 300.0}",5,654.0,0.22040121028387172
C3_matched_3mer,Ridge,M4,7,"{""alpha"": 1000.0}",5,654.0,0.22728884667615692
C3_matched_3mer,Ridge,M4,8,"{""alpha"": 3000.0}",5,654.0,0.23133015857459388
C3_matched_3mer,HGB,M4,0,"{""l2_regularization"": 1.0, ""learning_rate"": 0.05, ""max_iter"": 150, ""max_leaf_nodes"": 15}",5,654.0,0.19975186032916362
C3_matched_3mer,HGB,M4,1,"{""l2_regularization"": 10.0, ""learning_rate"": 0.05, ""max_iter"": 200, ""max_leaf_nodes"": 31}",5,654.0,0.19744939843721485
C1_M0_plus_R,Ridge,M0,0,"{""alpha"": 0.01}",mean,,0.2033235241977617
C1_M0_plus_R,Ridge,M0,1,"{""alpha"": 0.1}",mean,,0.20332025067417375
C1_M0_plus_R,Ridge,M0,2,"{""alpha"": 1.0}",mean,,0.20332244611753905
C1_M0_plus_R,Ridge,M0,3,"{""alpha"": 10.0}",mean,,0.20399998094216296
C1_M0_plus_R,Ridge,M0,4,"{""alpha"": 30.0}",mean,,0.20501462486699343
C1_M0_plus_R,Ridge,M0,5,"{""alpha"": 100.0}",mean,,0.20751596861910332
C1_M0_plus_R,Ridge,M0,6,"{""alpha"": 300.0}",mean,,0.21212331011366276
C1_M0_plus_R,Ridge,M0,7,"{""alpha"": 1000.0}",mean,,0.21831091137434755
C1_M0_plus_R,Ridge,M0,8,"{""alpha"": 3000.0}",mean,,0.22241874073652124
C1_M0_plus_R,Ridge,M0R,0,"{""alpha"": 0.01}",mean,,0.2028464520650112
C1_M0_plus_R,Ridge,M0R,1,"{""alpha"": 0.1}",mean,,0.20284042001906205
C1_M0_plus_R,Ridge,M0R,2,"{""alpha"": 1.0}",mean,,0.20283997240677537
C1_M0_plus_R,Ridge,M0R,3,"{""alpha"": 10.0}",mean,,0.2034915943630816
C1_M0_plus_R,Ridge,M0R,4,"{""alpha"": 30.0}",mean,,0.20452408468301936
C1_M0_plus_R,Ridge,M0R,5,"{""alpha"": 100.0}",mean,,0.20713917341852492
C1_M0_plus_R,Ridge,M0R,6,"{""alpha"": 300.0}",mean,,0.21192253491000423
C1_M0_plus_R,Ridge,M0R,7,"{""alpha"": 1000.0}",mean,,0.21827899399114487
C1_M0_plus_R,Ridge,M0R,8,"{""alpha"": 3000.0}",mean,,0.2223889337466134
C2_no_abundance,Ridge,M0,0,"{""alpha"": 0.01}",mean,,0.2041498715894774
C2_no_abundance,Ridge,M0,1,"{""alpha"": 0.1}",mean,,0.2041381722646558
C2_no_abundance,Ridge,M0,2,"{""alpha"": 1.0}",mean,,0.20412864045684734
C2_no_abundance,Ridge,M0,3,"{""alpha"": 10.0}",mean,,0.20484752440132453
C2_no_abundance,Ridge,M0,4,"{""alpha"": 30.0}",mean,,0.20594410592888748
C2_no_abundance,Ridge,M0,5,"{""alpha"": 100.0}",mean,,0.20856971735031116
C2_no_abundance,Ridge,M0,6,"{""alpha"": 300.0}",mean,,0.21308111674172006
C2_no_abundance,Ridge,M0,7,"{""alpha"": 1000.0}",mean,,0.21915718273057072
C2_no_abundance,Ridge,M0,8,"{""alpha"": 3000.0}",mean,,0.22303590538471935
C2_no_abundance,Ridge,M0R,0,"{""alpha"": 0.01}",mean,,0.20380087396972205
C2_no_abundance,Ridge,M0R,1,"{""alpha"": 0.1}",mean,,0.20379106115819862
C2_no_abundance,Ridge,M0R,2,"{""alpha"": 1.0}",mean,,0.20377350797138205
C2_no_abundance,Ridge,M0R,3,"{""alpha"": 10.0}",mean,,0.2044761559142267
C2_no_abundance,Ridge,M0R,4,"{""alpha"": 30.0}",mean,,0.20559652470355858
C2_no_abundance,Ridge,M0R,5,"{""alpha"": 100.0}",mean,,0.2083063479087192
C2_no_abundance,Ridge,M0R,6,"{""alpha"": 300.0}",mean,,0.21301355296748695
C2_no_abundance,Ridge,M0R,7,"{""alpha"": 1000.0}",mean,,0.2191881561683125
C2_no_abundance,Ridge,M0R,8,"{""alpha"": 3000.0}",mean,,0.22304398230081435
C2_no_abundance,Ridge,M1,0,"{""alpha"": 0.01}",mean,,0.21038213843516768
C2_no_abundance,Ridge,M1,1,"{""alpha"": 0.1}",mean,,0.21033981726230938
C2_no_abundance,Ridge,M1,2,"{""alpha"": 1.0}",mean,,0.2100255987323829
C2_no_abundance,Ridge,M1,3,"{""alpha"": 10.0}",mean,,0.2089295155838752
C2_no_abundance,Ridge,M1,4,"{""alpha"": 30.0}",mean,,0.20764938901710864
C2_no_abundance,Ridge,M1,5,"{""alpha"": 100.0}",mean,,0.2055548145232157
C2_no_abundance,Ridge,M1,6,"{""alpha"": 300.0}",mean,,0.2050171994333168
C2_no_abundance,Ridge,M1,7,"{""alpha"": 1000.0}",mean,,0.2100519970993823
C2_no_abundance,Ridge,M1,8,"{""alpha"": 3000.0}",mean,,0.2170619951306778
C2_no_abundance,Ridge,M3,0,"{""alpha"": 0.01}",mean,,0.2106812434011709
C2_no_abundance,Ridge,M3,1,"{""alpha"": 0.1}",mean,,0.210637077791078
C2_no_abundance,Ridge,M3,2,"{""alpha"": 1.0}",mean,,0.21031937394168762
C2_no_abundance,Ridge,M3,3,"{""alpha"": 10.0}",mean,,0.20922654536101812
C2_no_abundance,Ridge,M3,4,"{""alpha"": 30.0}",mean,,0.20786667883939997
C2_no_abundance,Ridge,M3,5,"{""alpha"": 100.0}",mean,,0.20569274027159384
C2_no_abundance,Ridge,M3,6,"{""alpha"": 300.0}",mean,,0.20508240877643863
C2_no_abundance,Ridge,M3,7,"{""alpha"": 1000.0}",mean,,0.21007874198082713
C2_no_abundance,Ridge,M3,8,"{""alpha"": 3000.0}",mean,,0.21707655798026018
C3_matched_3mer,Ridge,M0,0,"{""alpha"": 0.01}",mean,,0.20330854728696787
C3_matched_3mer,Ridge,M0,1,"{""alpha"": 0.1}",mean,,0.2033020023443867
C3_matched_3mer,Ridge,M0,2,"{""alpha"": 1.0}",mean,,0.2033103728025396
C3_matched_3mer,Ridge,M0,3,"{""alpha"": 10.0}",mean,,0.20400153736432478
C3_matched_3mer,Ridge,M0,4,"{""alpha"": 30.0}",mean,,0.20501462906000745
C3_matched_3mer,Ridge,M0,5,"{""alpha"": 100.0}",mean,,0.20751611815175672
C3_matched_3mer,Ridge,M0,6,"{""alpha"": 300.0}",mean,,0.21212294351348415
C3_matched_3mer,Ridge,M0,7,"{""alpha"": 1000.0}",mean,,0.21831061916710218
C3_matched_3mer,Ridge,M0,8,"{""alpha"": 3000.0}",mean,,0.22241883198432116
C3_matched_3mer,Ridge,M1,0,"{""alpha"": 0.01}",mean,,0.1989456497473899
C3_matched_3mer,Ridge,M1,1,"{""alpha"": 0.1}",mean,,0.19894005661823347
C3_matched_3mer,Ridge,M1,2,"{""alpha"": 1.0}",mean,,0.19891028692296953
C3_matched_3mer,Ridge,M1,3,"{""alpha"": 10.0}",mean,,0.19935881779789769
C3_matched_3mer,Ridge,M1,4,"{""alpha"": 30.0}",mean,,0.20041663046317953
C3_matched_3mer,Ridge,M1,5,"{""alpha"": 100.0}",mean,,0.2033501897047964
C3_matched_3mer,Ridge,M1,6,"{""alpha"": 300.0}",mean,,0.20865094622799987
C3_matched_3mer,Ridge,M1,7,"{""alpha"": 1000.0}",mean,,0.21561483826176042
C3_matched_3mer,Ridge,M1,8,"{""alpha"": 3000.0}",mean,,0.2205018019543024
C3_matched_3mer,Ridge,M2,0,"{""alpha"": 0.01}",mean,,0.1992630037809158
C3_matched_3mer,Ridge,M2,1,"{""alpha"": 0.1}",mean,,0.19926879064327768
C3_matched_3mer,Ridge,M2,2,"{""alpha"": 1.0}",mean,,0.19915810858663804
C3_matched_3mer,Ridge,M2,3,"{""alpha"": 10.0}",mean,,0.19969509393831303
C3_matched_3mer,Ridge,M2,4,"{""alpha"": 30.0}",mean,,0.20074969943469861
C3_matched_3mer,Ridge,M2,5,"{""alpha"": 100.0}",mean,,0.20356358940926594
C3_matched_3mer,Ridge,M2,6,"{""alpha"": 300.0}",mean,,0.20870713675177938
C3_matched_3mer,Ridge,M2,7,"{""alpha"": 1000.0}",mean,,0.21565136931930767
C3_matched_3mer,Ridge,M2,8,"{""alpha"": 3000.0}",mean,,0.22053449726927643
C3_matched_3mer,Ridge,M3,0,"{""alpha"": 0.01}",mean,,0.19898716208794068
C3_matched_3mer,Ridge,M3,1,"{""alpha"": 0.1}",mean,,0.19897155218224388
C3_matched_3mer,Ridge,M3,2,"{""alpha"": 1.0}",mean,,0.19892851321804478
C3_matched_3mer,Ridge,M3,3,"{""alpha"": 10.0}",mean,,0.19939315994480622
C3_matched_3mer,Ridge,M3,4,"{""alpha"": 30.0}",mean,,0.20043039839938545
C3_matched_3mer,Ridge,M3,5,"{""alpha"": 100.0}",mean,,0.2033839853552016
C3_matched_3mer,Ridge,M3,6,"{""alpha"": 300.0}",mean,,0.2086617176228117
C3_matched_3mer,Ridge,M3,7,"{""alpha"": 1000.0}",mean,,0.21562943753752903
C3_matched_3mer,Ridge,M3,8,"{""alpha"": 3000.0}",mean,,0.22050749188265922
C3_matched_3mer,Ridge,M4,0,"{""alpha"": 0.01}",mean,,0.1992689986163894
C3_matched_3mer,Ridge,M4,1,"{""alpha"": 0.1}",mean,,0.19925744963657974
C3_matched_3mer,Ridge,M4,2,"{""alpha"": 1.0}",mean,,0.19918359920809178
C3_matched_3mer,Ridge,M4,3,"{""alpha"": 10.0}",mean,,0.1996928973136574
C3_matched_3mer,Ridge,M4,4,"{""alpha"": 30.0}",mean,,0.2007617328606756
C3_matched_3mer,Ridge,M4,5,"{""alpha"": 100.0}",mean,,0.2035811360342364
C3_matched_3mer,Ridge,M4,6,"{""alpha"": 300.0}",mean,,0.20870236020888208
C3_matched_3mer,Ridge,M4,7,"{""alpha"": 1000.0}",mean,,0.215628839714114
C3_matched_3mer,Ridge,M4,8,"{""alpha"": 3000.0}",mean,,0.2205208106664577
C3_matched_3mer,HGB,M0,0,"{""l2_regularization"": 1.0, ""learning_rate"": 0.05, ""max_iter"": 150, ""max_leaf_nodes"": 15}",mean,,0.18617546359957612
C3_matched_3mer,HGB,M0,1,"{""l2_regularization"": 10.0, ""learning_rate"": 0.05, ""max_iter"": 200, ""max_leaf_nodes"": 31}",mean,,0.18618387460464753
C3_matched_3mer,HGB,M1,0,"{""l2_regularization"": 1.0, ""learning_rate"": 0.05, ""max_iter"": 150, ""max_leaf_nodes"": 15}",mean,,0.18555437873342734
C3_matched_3mer,HGB,M1,1,"{""l2_regularization"": 10.0, ""learning_rate"": 0.05, ""max_iter"": 200, ""max_leaf_nodes"": 31}",mean,,0.18499123940304268
C3_matched_3mer,HGB,M2,0,"{""l2_regularization"": 1.0, ""learning_rate"": 0.05, ""max_iter"": 150, ""max_leaf_nodes"": 15}",mean,,0.18698079359528055
C3_matched_3mer,HGB,M2,1,"{""l2_regularization"": 10.0, ""learning_rate"": 0.05, ""max_iter"": 200, ""max_leaf_nodes"": 31}",mean,,0.1858525523004681
C3_matched_3mer,HGB,M3,0,"{""l2_regularization"": 1.0, ""learning_rate"": 0.05, ""max_iter"": 150, ""max_leaf_nodes"": 15}",mean,,0.1857019446572548
C3_matched_3mer,HGB,M3,1,"{""l2_regularization"": 10.0, ""learning_rate"": 0.05, ""max_iter"": 200, ""max_leaf_nodes"": 31}",mean,,0.18313913291606634
C3_matched_3mer,HGB,M4,0,"{""l2_regularization"": 1.0, ""learning_rate"": 0.05, ""max_iter"": 150, ""max_leaf_nodes"": 15}",mean,,0.1874415139109524
C3_matched_3mer,HGB,M4,1,"{""l2_regularization"": 10.0, ""learning_rate"": 0.05, ""max_iter"": 200, ""max_leaf_nodes"": 31}",mean,,0.1855227612288322
