cohort,comparison_kind,scenario,baseline_key,augmented_key,delta_mae_baseline_minus_augmented,delta_mae_percentage_points,ci95_low,ci95_high,ci95_low_percentage_points,ci95_high_percentage_points,bootstrap_groups,bootstrap_replicates,CI_scope,role
HeLa_all_qualifying,feature_increment,C1_M0_plus_R,C1_M0_plus_R__Ridge__M0,C1_M0_plus_R__Ridge__M0R,-0.0015560754626118278,-0.15560754626118278,-0.0018838136762521344,-0.0012312261605645625,-0.18838136762521343,-0.12312261605645625,4685.0,2000,fixed_fitted_models,post_hoc_HeLa_sensitivity
HeLa_all_qualifying,feature_increment,C2_no_abundance,C2_no_abundance__Ridge__M0,C2_no_abundance__Ridge__M0R,-0.001448299935436853,-0.1448299935436853,-0.0017383880647535161,-0.001160429932317893,-0.1738388064753516,-0.1160429932317893,4685.0,2000,fixed_fitted_models,post_hoc_HeLa_sensitivity
HeLa_all_qualifying,feature_increment,C2_no_abundance,C2_no_abundance__Ridge__M1,C2_no_abundance__Ridge__M3,-0.00042129113927022455,-0.042129113927022455,-0.00047003975741580076,-0.00037390978500678046,-0.04700397574158008,-0.037390978500678046,4685.0,2000,fixed_fitted_models,post_hoc_HeLa_sensitivity
HeLa_all_qualifying,feature_increment,C3_matched_3mer,C3_matched_3mer__Ridge__M0,C3_matched_3mer__Ridge__M1,-0.0065835294771662,-0.65835294771662,-0.007849439200012132,-0.005222537436941382,-0.7849439200012132,-0.5222537436941381,4685.0,2000,fixed_fitted_models,post_hoc_HeLa_sensitivity
HeLa_all_qualifying,feature_increment,C3_matched_3mer,C3_matched_3mer__Ridge__M1,C3_matched_3mer__Ridge__M2,0.00021081576062081941,0.02108157606208194,2.804706408404273e-05,0.00041068623601904356,0.002804706408404273,0.04106862360190436,4685.0,2000,fixed_fitted_models,post_hoc_HeLa_sensitivity
HeLa_all_qualifying,feature_increment,C3_matched_3mer,C3_matched_3mer__Ridge__M1,C3_matched_3mer__Ridge__M3,-0.0008962269087256225,-0.08962269087256225,-0.000993840416313061,-0.0007944226449819313,-0.0993840416313061,-0.07944226449819312,4685.0,2000,fixed_fitted_models,post_hoc_HeLa_sensitivity
HeLa_all_qualifying,feature_increment,C3_matched_3mer,C3_matched_3mer__Ridge__M2,C3_matched_3mer__Ridge__M4,-0.0009223840619611567,-0.09223840619611567,-0.0010232592711471394,-0.0008202431304074117,-0.10232592711471393,-0.08202431304074116,4685.0,2000,fixed_fitted_models,post_hoc_HeLa_sensitivity
HeLa_all_qualifying,feature_increment,C3_matched_3mer,C3_matched_3mer__HGB__M0,C3_matched_3mer__HGB__M1,0.0024336270302780516,0.24336270302780516,0.0013460494504548177,0.0034562391335785925,0.13460494504548176,0.34562391335785925,4685.0,2000,fixed_fitted_models,post_hoc_HeLa_sensitivity
HeLa_all_qualifying,feature_increment,C3_matched_3mer,C3_matched_3mer__HGB__M1,C3_matched_3mer__HGB__M2,-0.0007383304351964992,-0.07383304351964992,-0.0012026378092389414,-0.0002761045592322993,-0.12026378092389414,-0.02761045592322993,4685.0,2000,fixed_fitted_models,post_hoc_HeLa_sensitivity
HeLa_all_qualifying,feature_increment,C3_matched_3mer,C3_matched_3mer__HGB__M1,C3_matched_3mer__HGB__M3,-0.002047861465076156,-0.20478614650761562,-0.002516770693253223,-0.0015558674377883735,-0.2516770693253223,-0.15558674377883736,4685.0,2000,fixed_fitted_models,post_hoc_HeLa_sensitivity
HeLa_all_qualifying,feature_increment,C3_matched_3mer,C3_matched_3mer__HGB__M2,C3_matched_3mer__HGB__M4,-0.0019141712202886407,-0.19141712202886407,-0.002386447030354196,-0.0014397796144029764,-0.2386447030354196,-0.14397796144029765,4685.0,2000,fixed_fitted_models,post_hoc_HeLa_sensitivity
HeLa_all_qualifying,matched_learner,C3_matched_3mer,C3_matched_3mer__Ridge__M0,C3_matched_3mer__HGB__M0,0.014304730327904691,1.4304730327904691,0.012940028677921853,0.01573543645893375,1.2940028677921853,1.5735436458933751,4685.0,2000,fixed_fitted_models,post_hoc_HeLa_sensitivity
HeLa_all_qualifying,matched_learner,C3_matched_3mer,C3_matched_3mer__Ridge__M1,C3_matched_3mer__HGB__M1,0.023321886835348943,2.3321886835348944,0.02150855276523381,0.025162357571409624,2.150855276523381,2.5162357571409624,4685.0,2000,fixed_fitted_models,post_hoc_HeLa_sensitivity
HeLa_all_qualifying,matched_learner,C3_matched_3mer,C3_matched_3mer__Ridge__M2,C3_matched_3mer__HGB__M2,0.022372740639531624,2.2372740639531625,0.02056760459145961,0.024180969979105977,2.056760459145961,2.4180969979105975,4685.0,2000,fixed_fitted_models,post_hoc_HeLa_sensitivity
HeLa_all_qualifying,matched_learner,C3_matched_3mer,C3_matched_3mer__Ridge__M3,C3_matched_3mer__HGB__M3,0.02217025227899841,2.217025227899841,0.02034936385386365,0.024090701086015902,2.0349363853863647,2.40907010860159,4685.0,2000,fixed_fitted_models,post_hoc_HeLa_sensitivity
HeLa_all_qualifying,matched_learner,C3_matched_3mer,C3_matched_3mer__Ridge__M4,C3_matched_3mer__HGB__M4,0.02138095348120414,2.138095348120414,0.019526529427604026,0.02320714467220673,1.9526529427604027,2.320714467220673,4685.0,2000,fixed_fitted_models,post_hoc_HeLa_sensitivity
HeLa_development_overlap_excluded,feature_increment,C1_M0_plus_R,C1_M0_plus_R__Ridge__M0,C1_M0_plus_R__Ridge__M0R,-0.0014330004309331956,-0.14330004309331956,-0.0017778412681112251,-0.0010867826268148404,-0.17778412681112252,-0.10867826268148403,4046.0,2000,fixed_fitted_models,post_hoc_HeLa_sensitivity
HeLa_development_overlap_excluded,feature_increment,C2_no_abundance,C2_no_abundance__Ridge__M0,C2_no_abundance__Ridge__M0R,-0.0013776673960957664,-0.13776673960957664,-0.001674380354704439,-0.0010688925859488206,-0.1674380354704439,-0.10688925859488206,4046.0,2000,fixed_fitted_models,post_hoc_HeLa_sensitivity
HeLa_development_overlap_excluded,feature_increment,C2_no_abundance,C2_no_abundance__Ridge__M1,C2_no_abundance__Ridge__M3,-0.0004179107296705953,-0.04179107296705953,-0.00046820454465724417,-0.0003664995077032052,-0.046820454465724415,-0.03664995077032052,4046.0,2000,fixed_fitted_models,post_hoc_HeLa_sensitivity
HeLa_development_overlap_excluded,feature_increment,C3_matched_3mer,C3_matched_3mer__Ridge__M0,C3_matched_3mer__Ridge__M1,-0.007579192439755744,-0.7579192439755744,-0.008967691684952086,-0.006146603454307034,-0.8967691684952086,-0.6146603454307035,4046.0,2000,fixed_fitted_models,post_hoc_HeLa_sensitivity
HeLa_development_overlap_excluded,feature_increment,C3_matched_3mer,C3_matched_3mer__Ridge__M1,C3_matched_3mer__Ridge__M2,0.00016470764697745777,0.016470764697745777,-4.326791787079356e-05,0.0003863233798586515,-0.0043267917870793565,0.038632337985865156,4046.0,2000,fixed_fitted_models,post_hoc_HeLa_sensitivity
HeLa_development_overlap_excluded,feature_increment,C3_matched_3mer,C3_matched_3mer__Ridge__M1,C3_matched_3mer__Ridge__M3,-0.0008847060900230574,-0.08847060900230574,-0.000992328603849528,-0.0007807093085103364,-0.09923286038495278,-0.07807093085103364,4046.0,2000,fixed_fitted_models,post_hoc_HeLa_sensitivity
HeLa_development_overlap_excluded,feature_increment,C3_matched_3mer,C3_matched_3mer__Ridge__M2,C3_matched_3mer__Ridge__M4,-0.0009020070118304635,-0.09020070118304635,-0.0010080908751625415,-0.0007927072860345351,-0.10080908751625416,-0.07927072860345351,4046.0,2000,fixed_fitted_models,post_hoc_HeLa_sensitivity
HeLa_development_overlap_excluded,feature_increment,C3_matched_3mer,C3_matched_3mer__HGB__M0,C3_matched_3mer__HGB__M1,-0.0005394564675446634,-0.053945646754466337,-0.0016045100038159135,0.0005072511505742384,-0.16045100038159135,0.050725115057423845,4046.0,2000,fixed_fitted_models,post_hoc_HeLa_sensitivity
HeLa_development_overlap_excluded,feature_increment,C3_matched_3mer,C3_matched_3mer__HGB__M1,C3_matched_3mer__HGB__M2,-0.001048094784569381,-0.10480947845693811,-0.0015540549308327995,-0.0005430146502423947,-0.15540549308327994,-0.05430146502423947,4046.0,2000,fixed_fitted_models,post_hoc_HeLa_sensitivity
HeLa_development_overlap_excluded,feature_increment,C3_matched_3mer,C3_matched_3mer__HGB__M1,C3_matched_3mer__HGB__M3,-0.0017486385999808396,-0.17486385999808396,-0.0022502572619328707,-0.0012465451991965223,-0.22502572619328706,-0.12465451991965223,4046.0,2000,fixed_fitted_models,post_hoc_HeLa_sensitivity
HeLa_development_overlap_excluded,feature_increment,C3_matched_3mer,C3_matched_3mer__HGB__M2,C3_matched_3mer__HGB__M4,-0.0017612330625752515,-0.17612330625752515,-0.0022586160578507613,-0.0012756784787313468,-0.22586160578507614,-0.1275678478731347,4046.0,2000,fixed_fitted_models,post_hoc_HeLa_sensitivity
HeLa_development_overlap_excluded,matched_learner,C3_matched_3mer,C3_matched_3mer__Ridge__M0,C3_matched_3mer__HGB__M0,0.013440872998642106,1.3440872998642106,0.01201459540752858,0.014936130548701222,1.2014595407528579,1.4936130548701223,4046.0,2000,fixed_fitted_models,post_hoc_HeLa_sensitivity
HeLa_development_overlap_excluded,matched_learner,C3_matched_3mer,C3_matched_3mer__Ridge__M1,C3_matched_3mer__HGB__M1,0.020480608970853187,2.0480608970853185,0.018624101239853474,0.022379541581300514,1.8624101239853474,2.2379541581300515,4046.0,2000,fixed_fitted_models,post_hoc_HeLa_sensitivity
HeLa_development_overlap_excluded,matched_learner,C3_matched_3mer,C3_matched_3mer__Ridge__M2,C3_matched_3mer__HGB__M2,0.019267806539306348,1.926780653930635,0.0174322173417538,0.021175916531722655,1.74322173417538,2.1175916531722656,4046.0,2000,fixed_fitted_models,post_hoc_HeLa_sensitivity
HeLa_development_overlap_excluded,matched_learner,C3_matched_3mer,C3_matched_3mer__Ridge__M3,C3_matched_3mer__HGB__M3,0.019616676460895405,1.9616676460895404,0.017777526832941943,0.02154664400735451,1.7777526832941943,2.154664400735451,4046.0,2000,fixed_fitted_models,post_hoc_HeLa_sensitivity
HeLa_development_overlap_excluded,matched_learner,C3_matched_3mer,C3_matched_3mer__Ridge__M4,C3_matched_3mer__HGB__M4,0.01840858048856156,1.840858048856156,0.016491968987135504,0.020313719073263695,1.6491968987135504,2.0313719073263696,4046.0,2000,fixed_fitted_models,post_hoc_HeLa_sensitivity
HeLa_hek_main_4409_overlap_excluded,feature_increment,C1_M0_plus_R,C1_M0_plus_R__Ridge__M0,C1_M0_plus_R__Ridge__M0R,-0.001367583462505123,-0.1367583462505123,-0.0017328579633836688,-0.0010232647046304105,-0.17328579633836688,-0.10232647046304105,3816.0,2000,fixed_fitted_models,post_hoc_HeLa_sensitivity
HeLa_hek_main_4409_overlap_excluded,feature_increment,C2_no_abundance,C2_no_abundance__Ridge__M0,C2_no_abundance__Ridge__M0R,-0.0013403987810277074,-0.13403987810277074,-0.0016530913761696208,-0.001037562072134021,-0.1653091376169621,-0.1037562072134021,3816.0,2000,fixed_fitted_models,post_hoc_HeLa_sensitivity
HeLa_hek_main_4409_overlap_excluded,feature_increment,C2_no_abundance,C2_no_abundance__Ridge__M1,C2_no_abundance__Ridge__M3,-0.0004220630994080099,-0.04220630994080099,-0.00047284829617121814,-0.0003718570459312156,-0.04728482961712181,-0.03718570459312156,3816.0,2000,fixed_fitted_models,post_hoc_HeLa_sensitivity
HeLa_hek_main_4409_overlap_excluded,feature_increment,C3_matched_3mer,C3_matched_3mer__Ridge__M0,C3_matched_3mer__Ridge__M1,-0.0076564929061820886,-0.7656492906182089,-0.009123785472599821,-0.006215781926844488,-0.9123785472599821,-0.6215781926844488,3816.0,2000,fixed_fitted_models,post_hoc_HeLa_sensitivity
HeLa_hek_main_4409_overlap_excluded,feature_increment,C3_matched_3mer,C3_matched_3mer__Ridge__M1,C3_matched_3mer__Ridge__M2,0.0001684365524783349,0.01684365524783349,-5.1992736810081704e-05,0.000380983676832741,-0.005199273681008171,0.0380983676832741,3816.0,2000,fixed_fitted_models,post_hoc_HeLa_sensitivity
HeLa_hek_main_4409_overlap_excluded,feature_increment,C3_matched_3mer,C3_matched_3mer__Ridge__M1,C3_matched_3mer__Ridge__M3,-0.0008886418492366488,-0.08886418492366488,-0.0009880052265361546,-0.000787393337241161,-0.09880052265361546,-0.07873933372411611,3816.0,2000,fixed_fitted_models,post_hoc_HeLa_sensitivity
HeLa_hek_main_4409_overlap_excluded,feature_increment,C3_matched_3mer,C3_matched_3mer__Ridge__M2,C3_matched_3mer__Ridge__M4,-0.0009023376894772006,-0.09023376894772006,-0.0010060501094472352,-0.0007998386390081054,-0.10060501094472352,-0.07998386390081054,3816.0,2000,fixed_fitted_models,post_hoc_HeLa_sensitivity
HeLa_hek_main_4409_overlap_excluded,feature_increment,C3_matched_3mer,C3_matched_3mer__HGB__M0,C3_matched_3mer__HGB__M1,-0.00046306848370500364,-0.046306848370500364,-0.0014907753852676335,0.0007138359971914462,-0.14907753852676336,0.07138359971914462,3816.0,2000,fixed_fitted_models,post_hoc_HeLa_sensitivity
HeLa_hek_main_4409_overlap_excluded,feature_increment,C3_matched_3mer,C3_matched_3mer__HGB__M1,C3_matched_3mer__HGB__M2,-0.0010802596141158693,-0.10802596141158693,-0.0015925908125849937,-0.0005770898531211236,-0.15925908125849936,-0.05770898531211236,3816.0,2000,fixed_fitted_models,post_hoc_HeLa_sensitivity
HeLa_hek_main_4409_overlap_excluded,feature_increment,C3_matched_3mer,C3_matched_3mer__HGB__M1,C3_matched_3mer__HGB__M3,-0.0017541315645861477,-0.17541315645861477,-0.0022862049333717297,-0.0012313967918993114,-0.22862049333717296,-0.12313967918993114,3816.0,2000,fixed_fitted_models,post_hoc_HeLa_sensitivity
HeLa_hek_main_4409_overlap_excluded,feature_increment,C3_matched_3mer,C3_matched_3mer__HGB__M2,C3_matched_3mer__HGB__M4,-0.001798638565566002,-0.1798638565566002,-0.0023213928746935904,-0.0012740123532589546,-0.23213928746935902,-0.12740123532589545,3816.0,2000,fixed_fitted_models,post_hoc_HeLa_sensitivity
HeLa_hek_main_4409_overlap_excluded,matched_learner,C3_matched_3mer,C3_matched_3mer__Ridge__M0,C3_matched_3mer__HGB__M0,0.013455430681851593,1.3455430681851595,0.012047747947117165,0.01500433529232786,1.2047747947117164,1.500433529232786,3816.0,2000,fixed_fitted_models,post_hoc_HeLa_sensitivity
HeLa_hek_main_4409_overlap_excluded,matched_learner,C3_matched_3mer,C3_matched_3mer__Ridge__M1,C3_matched_3mer__HGB__M1,0.02064885510432868,2.064885510432868,0.018763002541819656,0.022752075080725746,1.8763002541819656,2.2752075080725747,3816.0,2000,fixed_fitted_models,post_hoc_HeLa_sensitivity
HeLa_hek_main_4409_overlap_excluded,matched_learner,C3_matched_3mer,C3_matched_3mer__Ridge__M2,C3_matched_3mer__HGB__M2,0.019400158937734474,1.9400158937734475,0.017584131084675346,0.02144612262141184,1.7584131084675345,2.144612262141184,3816.0,2000,fixed_fitted_models,post_hoc_HeLa_sensitivity
HeLa_hek_main_4409_overlap_excluded,matched_learner,C3_matched_3mer,C3_matched_3mer__Ridge__M3,C3_matched_3mer__HGB__M3,0.01978336538897918,1.978336538897918,0.017868083825703526,0.021902343669778137,1.7868083825703527,2.1902343669778137,3816.0,2000,fixed_fitted_models,post_hoc_HeLa_sensitivity
HeLa_hek_main_4409_overlap_excluded,matched_learner,C3_matched_3mer,C3_matched_3mer__Ridge__M4,C3_matched_3mer__HGB__M4,0.018503858061645673,1.8503858061645673,0.016610875667676862,0.02061286513477485,1.6610875667676863,2.061286513477485,3816.0,2000,fixed_fitted_models,post_hoc_HeLa_sensitivity
HEK_reused_test,feature_increment,C1_M0_plus_R,C1_M0_plus_R__Ridge__M0,C1_M0_plus_R__Ridge__M0R,0.0007548830469253087,0.07548830469253087,,,,,,0,not_reported_reused_test,reused_descriptive
HEK_reused_test,feature_increment,C2_no_abundance,C2_no_abundance__Ridge__M0,C2_no_abundance__Ridge__M0R,0.0006851081572031292,0.06851081572031292,,,,,,0,not_reported_reused_test,reused_descriptive
HEK_reused_test,feature_increment,C2_no_abundance,C2_no_abundance__Ridge__M1,C2_no_abundance__Ridge__M3,5.901587326995195e-06,0.0005901587326995195,,,,,,0,not_reported_reused_test,reused_descriptive
HEK_reused_test,feature_increment,C3_matched_3mer,C3_matched_3mer__Ridge__M0,C3_matched_3mer__Ridge__M1,0.004372649047788141,0.4372649047788141,,,,,,0,not_reported_reused_test,reused_descriptive
HEK_reused_test,feature_increment,C3_matched_3mer,C3_matched_3mer__Ridge__M1,C3_matched_3mer__Ridge__M2,-0.0002795427791753846,-0.02795427791753846,,,,,,0,not_reported_reused_test,reused_descriptive
HEK_reused_test,feature_increment,C3_matched_3mer,C3_matched_3mer__Ridge__M1,C3_matched_3mer__Ridge__M3,9.023087599924207e-05,0.009023087599924207,,,,,,0,not_reported_reused_test,reused_descriptive
HEK_reused_test,feature_increment,C3_matched_3mer,C3_matched_3mer__Ridge__M2,C3_matched_3mer__Ridge__M4,0.00025244604931559667,0.025244604931559667,,,,,,0,not_reported_reused_test,reused_descriptive
HEK_reused_test,feature_increment,C3_matched_3mer,C3_matched_3mer__HGB__M0,C3_matched_3mer__HGB__M1,0.0037850791094606873,0.3785079109460687,,,,,,0,not_reported_reused_test,reused_descriptive
HEK_reused_test,feature_increment,C3_matched_3mer,C3_matched_3mer__HGB__M1,C3_matched_3mer__HGB__M2,-0.0004087138745490493,-0.04087138745490493,,,,,,0,not_reported_reused_test,reused_descriptive
HEK_reused_test,feature_increment,C3_matched_3mer,C3_matched_3mer__HGB__M1,C3_matched_3mer__HGB__M3,-0.0009259294961495024,-0.09259294961495024,,,,,,0,not_reported_reused_test,reused_descriptive
HEK_reused_test,feature_increment,C3_matched_3mer,C3_matched_3mer__HGB__M2,C3_matched_3mer__HGB__M4,-0.00048624861415277887,-0.04862486141527789,,,,,,0,not_reported_reused_test,reused_descriptive
HEK_reused_test,matched_learner,C3_matched_3mer,C3_matched_3mer__Ridge__M0,C3_matched_3mer__HGB__M0,0.017880051172281503,1.7880051172281504,,,,,,0,not_reported_reused_test,reused_descriptive
HEK_reused_test,matched_learner,C3_matched_3mer,C3_matched_3mer__Ridge__M1,C3_matched_3mer__HGB__M1,0.01729248123395405,1.729248123395405,,,,,,0,not_reported_reused_test,reused_descriptive
HEK_reused_test,matched_learner,C3_matched_3mer,C3_matched_3mer__Ridge__M2,C3_matched_3mer__HGB__M2,0.017163310138580384,1.7163310138580385,,,,,,0,not_reported_reused_test,reused_descriptive
HEK_reused_test,matched_learner,C3_matched_3mer,C3_matched_3mer__Ridge__M3,C3_matched_3mer__HGB__M3,0.016276320861805305,1.6276320861805305,,,,,,0,not_reported_reused_test,reused_descriptive
HEK_reused_test,matched_learner,C3_matched_3mer,C3_matched_3mer__Ridge__M4,C3_matched_3mer__HGB__M4,0.01642461547511201,1.6424615475112008,,,,,,0,not_reported_reused_test,reused_descriptive
