dataset,column,rows,missing,missing_fraction,numeric,minimum,maximum,value_counts_if_low_cardinality
hek293t_icshape,transcript_id,10164,0,0.0,0,,,{}
hek293t_icshape,length,10164,0,0.0,10164,59.0,19275.0,{}
hek293t_icshape,abundance,10164,0,0.0,10164,6.01828154902308,8020.71304242041,{}
hek293t_icshape,reactivity,13671469,8570305,0.62687521,5101164,0.0,1.0,{}
hek293t_glori_rep1,Chr,214715,0,0.0,0,,,"{""chr1"": 20912, ""chr10"": 8597, ""chr11"": 10851, ""chr12"": 9517, ""chr13"": 3933, ""chr14"": 6969, ""chr15"": 7420, ""chr16"": 11627, ""chr17"": 13274, ""chr18"": 3192, ""chr19"": 12730, ""chr2"": 13899, ""chr20"": 6141, ""chr21"": 3314, ""chr22"": 6810, ""chr3"": 12095, ""chr4"": 8113, ""chr5"": 9213, ""chr6"": 11044, ""chr7"": 10762, ""chr8"": 7477, ""chr9"": 9640, ""chrM"": 12, ""chrX"": 7004, ""chrY"": 169}"
hek293t_glori_rep1,Sites,214715,0,0.0,214715,1583.0,248918373.0,{}
hek293t_glori_rep1,Strand,214715,0,0.0,0,,,"{""+"": 124695, ""-"": 90020}"
hek293t_glori_rep1,Gene,214715,0,0.0,0,,,{}
hek293t_glori_rep1,Transcript,214715,0,0.0,0,,,{}
hek293t_glori_rep1,NonCR,214715,0,0.0,214715,0.0048200000000000005,0.19874,{}
hek293t_glori_rep1,AGcov,214715,0,0.0,214715,15.0,85928.0,{}
hek293t_glori_rep1,Acov,214715,0,0.0,214715,5.0,53806.0,{}
hek293t_glori_rep1,Genecov,214715,0,0.0,214715,15.0,34868.15444015444,{}
hek293t_glori_rep1,Ratio,214715,0,0.0,214715,0.1,1.0,{}
hek293t_glori_rep1,NormeRatio,214715,0,0.0,214715,0.09397542349999999,0.98652,{}
hek293t_glori_rep1,Pvalue,214715,0,0.0,214715,0.0,0.004,{}
hek293t_glori_rep1,P_adjust,214715,0,0.0,214715,0.0,0.004008644016486971,{}
hek293t_glori_rep1,Sample,214715,0,0.0,0,,,"{""m6A.sites"": 214715}"
hek293t_glori_rep2,Chr,215021,0,0.0,0,,,"{""chr1"": 21039, ""chr10"": 8603, ""chr11"": 10724, ""chr12"": 9465, ""chr13"": 3974, ""chr14"": 7018, ""chr15"": 7526, ""chr16"": 11614, ""chr17"": 13324, ""chr18"": 3211, ""chr19"": 12720, ""chr2"": 13803, ""chr20"": 6139, ""chr21"": 3360, ""chr22"": 6785, ""chr3"": 12115, ""chr4"": 8174, ""chr5"": 9431, ""chr6"": 11052, ""chr7"": 10720, ""chr8"": 7431, ""chr9"": 9581, ""chrM"": 9, ""chrX"": 7037, ""chrY"": 166}"
hek293t_glori_rep2,Sites,215021,0,0.0,215021,1583.0,248918373.0,{}
hek293t_glori_rep2,Strand,215021,0,0.0,0,,,"{""+"": 124784, ""-"": 90237}"
hek293t_glori_rep2,Gene,215021,0,0.0,0,,,{}
hek293t_glori_rep2,Transcript,215021,0,0.0,0,,,{}
hek293t_glori_rep2,NonCR,215021,0,0.0,215021,0.005220000000000001,0.19817,{}
hek293t_glori_rep2,AGcov,215021,0,0.0,215021,15.0,86636.0,{}
hek293t_glori_rep2,Acov,215021,0,0.0,215021,5.0,54324.0,{}
hek293t_glori_rep2,Genecov,215021,0,0.0,215021,15.0,34851.718146718136,{}
hek293t_glori_rep2,Ratio,215021,0,0.0,215021,0.1,1.0,{}
hek293t_glori_rep2,NormeRatio,215021,0,0.0,215021,0.0938689504,0.98621,{}
hek293t_glori_rep2,Pvalue,215021,0,0.0,215021,0.0,0.004,{}
hek293t_glori_rep2,P_adjust,215021,0,0.0,215021,0.0,0.0040067156231251835,{}
hek293t_glori_rep2,Sample,215021,0,0.0,0,,,"{""m6A.sites"": 215021}"
hela_glori_rep1,Chr,137662,0,0.0,0,,,"{""chr1"": 13735, ""chr10"": 5577, ""chr11"": 7118, ""chr12"": 6916, ""chr13"": 2342, ""chr14"": 4034, ""chr15"": 4623, ""chr16"": 8519, ""chr17"": 9361, ""chr18"": 2087, ""chr19"": 8281, ""chr2"": 8024, ""chr20"": 4095, ""chr21"": 2280, ""chr22"": 4020, ""chr3"": 7048, ""chr4"": 4274, ""chr5"": 6573, ""chr6"": 6453, ""chr7"": 6781, ""chr8"": 4949, ""chr9"": 6554, ""chrM"": 10, ""chrX"": 3873, ""chrY"": 135}"
hela_glori_rep1,Sites,137662,0,0.0,137662,1583.0,248918373.0,{}
hela_glori_rep1,Strand,137662,0,0.0,0,,,"{""+"": 79685, ""-"": 57977}"
hela_glori_rep1,Gene,137662,0,0.0,0,,,{}
hela_glori_rep1,Transcript,137662,0,0.0,0,,,{}
hela_glori_rep1,NonCR,137662,0,0.0,137662,0.00902,0.19047999999999998,{}
hela_glori_rep1,AGcov,137662,0,0.0,137662,15.0,47875.0,{}
hela_glori_rep1,Acov,137662,0,0.0,137662,5.0,47358.0,{}
hela_glori_rep1,Genecov,137662,0,0.0,137662,15.0,46653.85740402193,{}
hela_glori_rep1,Ratio,137662,0,0.0,137662,0.1,1.0,{}
hela_glori_rep1,NormeRatio,137662,0,0.0,137662,0.093907,0.98727,{}
hela_glori_rep1,Pvalue,137662,0,0.0,137662,0.0,0.004,{}
hela_glori_rep1,P_adjust,137662,0,0.0,137662,0.0,0.004010925309816798,{}
hela_glori_rep1,Sample,137662,0,0.0,0,,,"{""m6A.sites"": 137662}"
hela_glori_rep2,Chr,140705,0,0.0,0,,,"{""chr1"": 13928, ""chr10"": 6311, ""chr11"": 7233, ""chr12"": 7587, ""chr13"": 2416, ""chr14"": 4039, ""chr15"": 4620, ""chr16"": 8617, ""chr17"": 9456, ""chr18"": 2173, ""chr19"": 8453, ""chr2"": 8172, ""chr20"": 4118, ""chr21"": 2289, ""chr22"": 4100, ""chr3"": 7079, ""chr4"": 4320, ""chr5"": 6660, ""chr6"": 6549, ""chr7"": 6831, ""chr8"": 4939, ""chr9"": 6663, ""chrM"": 15, ""chrX"": 3995, ""chrY"": 142}"
hela_glori_rep2,Sites,140705,0,0.0,140705,1583.0,248918373.0,{}
hela_glori_rep2,Strand,140705,0,0.0,0,,,"{""+"": 81516, ""-"": 59189}"
hela_glori_rep2,Gene,140705,0,0.0,0,,,{}
hela_glori_rep2,Transcript,140705,0,0.0,0,,,{}
hela_glori_rep2,NonCR,140705,0,0.0,140705,0.0071,0.19697,{}
hela_glori_rep2,AGcov,140705,0,0.0,140705,15.0,50567.0,{}
hela_glori_rep2,Acov,140705,0,0.0,140705,5.0,46897.0,{}
hela_glori_rep2,Genecov,140705,0,0.0,140705,15.0,47255.669104204746,{}
hela_glori_rep2,Ratio,140705,0,0.0,140705,0.1,1.0,{}
hela_glori_rep2,NormeRatio,140705,0,0.0,140705,0.09397734660000001,0.98372,{}
hela_glori_rep2,Pvalue,140705,0,0.0,140705,0.0,0.004,{}
hela_glori_rep2,P_adjust,140705,0,0.0,140705,0.0,0.0040120535872925625,{}
hela_glori_rep2,Sample,140705,0,0.0,0,,,"{""m6A.sites"": 140705}"
hela_icshape,transcript_id,64616,0,0.0,0,,,{}
hela_icshape,length,64616,0,0.0,64616,49.0,54538.0,{}
hela_icshape,abundance,64616,0,0.0,0,,,"{""*"": 64616}"
hela_icshape,reactivity,111656194,68657427,0.6149003,42998767,0.0,1.0,{}
