asset_id,kind,path,exists,expected_bytes,actual_bytes,size_ok,expected_sha256,actual_sha256,sha256_ok,container_integrity,error
hek293t_icshape_invivo,source,data/raw_processed/GSE74353_HS_293T_icSHAPE_InVivo_BaseReactivities.txt.gz,True,,9268167,,4fd439daad58556b5cc5668fedea8d8c0f18e15722927eb2724400c0dfbc47c9,4fd439daad58556b5cc5668fedea8d8c0f18e15722927eb2724400c0dfbc47c9,True,GZIP_FULL_STREAM_OK,
hek293t_glori_rep1,source,data/raw_processed/GSM6432590_293T-mRNA-1_35bp_m2.totalm6A.FDR.csv.gz,True,,8031589,,1fae5354e18b660046ab5c1841fdfaf059e213e1cf2542f597b60d994da85911,1fae5354e18b660046ab5c1841fdfaf059e213e1cf2542f597b60d994da85911,True,GZIP_FULL_STREAM_OK,
hek293t_glori_rep2,source,data/raw_processed/GSM6432591_293T-mRNA-2_35bp_m2.totalm6A.FDR.csv.gz,True,,8062076,,7a9b0dd69d9d6e2db737387f87d18ef3fc8050a7ec575e8c0c566024f4dba638,7a9b0dd69d9d6e2db737387f87d18ef3fc8050a7ec575e8c0c566024f4dba638,True,GZIP_FULL_STREAM_OK,
hela_icshape_bundle,source,data/raw_processed/GSE145805_RAW.tar,True,,445030400,,9ac29c12c9c6828d88ca0d461a8f7a465231a6f60d830da81c6cd0ff60342f75,9ac29c12c9c6828d88ca0d461a8f7a465231a6f60d830da81c6cd0ff60342f75,True,TAR_FULL_STREAM_OK,
hela_glori_rep1,source,data/raw_processed/GSM6432595_Hela-1_35bp_m2.totalm6A.FDR.csv.gz,True,,5235020,,9a07223b9afc411483059824444d07cfd0fa9de0b4d63cada3d9f121a55f675c,9a07223b9afc411483059824444d07cfd0fa9de0b4d63cada3d9f121a55f675c,True,GZIP_FULL_STREAM_OK,
hela_glori_rep2,source,data/raw_processed/GSM6432596_Hela-2_35bp_m2.totalm6A.FDR.csv.gz,True,,5344140,,f477219ea8d09a36718ecda9fc53a68e6831eb94a5fff6effabd8d73cf7e58bc,f477219ea8d09a36718ecda9fc53a68e6831eb94a5fff6effabd8d73cf7e58bc,True,GZIP_FULL_STREAM_OK,
ensembl_grch37_74_cdna,reference,data/reference/ensembl/release-74_GRCh37/Homo_sapiens.GRCh37.74.cdna.all.fa.gz,True,60646085,60646085,True,1246bffe8fe2cd0a690c8c2229807868f182d0285801f5f5789dfd137884c2d4,1246bffe8fe2cd0a690c8c2229807868f182d0285801f5f5789dfd137884c2d4,True,GZIP_FULL_STREAM_OK,
ensembl_grch37_74_gtf,reference,data/reference/ensembl/release-74_GRCh37/Homo_sapiens.GRCh37.74.gtf.gz,True,29763348,29763348,True,5bceffccddc80ba489b76d15bbbb845d169a045a7c62d99294831e2a74aaf916,5bceffccddc80ba489b76d15bbbb845d169a045a7c62d99294831e2a74aaf916,True,GZIP_FULL_STREAM_OK,
ensembl_grch38_88_genome,reference,data/reference/ensembl/release-88_GRCh38/Homo_sapiens.GRCh38.dna.primary_assembly.fa.gz,True,881214344,881214344,True,db2451123c1ad6db4439ca3f45ccec842d7f6658d3efd47405b882d41a5dbd56,db2451123c1ad6db4439ca3f45ccec842d7f6658d3efd47405b882d41a5dbd56,True,GZIP_FULL_STREAM_OK,
ensembl_grch38_88_cdna,reference,data/reference/ensembl/release-88_GRCh38/Homo_sapiens.GRCh38.cdna.all.fa.gz,True,64661761,64661761,True,462823cdad614a2a77763004735fb9d4fabf3bb691b57737697208679c26cb86,462823cdad614a2a77763004735fb9d4fabf3bb691b57737697208679c26cb86,True,GZIP_FULL_STREAM_OK,
ensembl_grch38_88_gtf,reference,data/reference/ensembl/release-88_GRCh38/Homo_sapiens.GRCh38.88.gtf.gz,True,46157774,46157774,True,ba9cb13686c3a4429724dfd6f6e52df92d1cc59675a4590d4a854f64ce633f46,ba9cb13686c3a4429724dfd6f6e52df92d1cc59675a4590d4a854f64ce633f46,True,GZIP_FULL_STREAM_OK,
refseq_109_grch38_gtf,reference,data/reference/ncbi/refseq-109.20190905_GRCh38.p13/GCF_000001405.39_GRCh38.p13_genomic.gtf.gz,True,40352437,40352437,True,c892f613233c3d12fe0db9e8e79706bd1be359aa8446ea846eda1c4c4906bf53,c892f613233c3d12fe0db9e8e79706bd1be359aa8446ea846eda1c4c4906bf53,True,GZIP_FULL_STREAM_OK,
refseq_109_grch38_rna,reference,data/reference/ncbi/refseq-109.20190905_GRCh38.p13/GCF_000001405.39_GRCh38.p13_rna.fna.gz,True,116332721,116332721,True,f99ae467c5190316d7fa1dc3f9de58f638efc919b85b488a6bca4dd2a015af86,f99ae467c5190316d7fa1dc3f9de58f638efc919b85b488a6bca4dd2a015af86,True,GZIP_FULL_STREAM_OK,
refseq_109_grch38_assembly_report,reference,data/reference/ncbi/refseq-109.20190905_GRCh38.p13/GCF_000001405.39_GRCh38.p13_assembly_report.txt,True,70144,70144,True,14b8bf741c712c0c38cb5b5171f79c10b46ef7160872c966990924775e5ba9cf,14b8bf741c712c0c38cb5b5171f79c10b46ef7160872c966990924775e5ba9cf,True,FULL_STREAM_OK,
ucsc_hg19_to_hg38_chain,reference,data/reference/ucsc/hg19ToHg38.over.chain.gz,True,227698,227698,True,5c0598e500ceb5a78c73086929e8ef993aec309bcafb595139b53d440b125a1d,5c0598e500ceb5a78c73086929e8ef993aec309bcafb595139b53d440b125a1d,True,GZIP_FULL_STREAM_OK,
