path,bytes,sha256
config/12_meta_analysis.yaml,470,4bd54bb80af446ccbc804385160376b7eac8a49bcc0592d3daf3d49a5699d375
config/13_conditional_dependence.yaml,748,99375fc3dfb837b30f527373eb1a0723f4475b6e9dfd79c8db2fb17710266294
config/14_structure_entropy.yaml,965,03b04269ff65c7c9dc210300e9b8fa1a6630f3b725b84cf3057744a299c58c4a
config/15_isoform_sensitivity.yaml,658,6e416e60b485d9897e1a791efd084a6c51c3692724fe0743d98cd46ef3f41c17
config/16_window_401_sensitivity.yaml,1239,c5cfe1f661e323064f9dbd321f59e06911f5166c8352b535cd985c76cf764971
config/17_nonlinear_models.yaml,1223,2471c6626f3a082e475c7ec4e8a88653fa6cb856f1dbf1e89e2525a83997f535
data/final/16_hek293t_401nt_dataset.csv.gz,1025009,e100a3565efbf62ee6fa28c38c2ff409b03c95f65cc8019532bcc04a948b62cc
data/final/16_hela_401nt_dataset.csv.gz,7651843,88b45f6c32f7d163c18b19c4aca47c37dc27d739fecd45ea8c2e289c57f1328d
data/interim/16_401nt_vienna_cache.csv,2985685,7be58b8f89d34357adb8136178f68ae07c2373e99028bd7584b22b23c2613406
docs/research_notes/ModStruct_第一期运行说明.md,2279,38bbdda42453bc5a4a7e52f0109a78fbcc65094afcba341927d9d325718ae96f
results/reports/12_meta_analysis_report.md,749,7cafbc52a3c5e56f1b62fb2f1ac3fa8782f9fd6b5b3f4327c0e83fe31dedd074
results/reports/13_conditional_dependence_report.md,479,ebc7c9426ceb463610f398a4e15fa4cffc26d435996da1880e52f552bfe4162f
results/reports/14_structure_entropy_report.md,933,83fcba35b2d46ae83504ce60532cc6fca79de9d7a11b6beb0b5b32b1146fba0e
results/reports/15_isoform_sensitivity_report.md,1132,d704eb1d2221c13287cccb01491d31744206a56814068c98d7a086ade382b070
results/reports/16_window_401_sensitivity_report.md,683,bf73421087b6253f08e4e6d9e6fb2f91270cb37d641963b209022c9cb21aa006
results/reports/17_nonlinear_models_report.md,795,64198ebbcc02e920b453e5bdc5f14911b6238cde08b9601fade4c91044cd22ba
results/reports/phase1_summary_report.md,3067,bd8719a69201c58d6485ed8d65230e4daa46f4a8bafc8ee3015d3c9dd7de5dff
results/status/12_meta_analysis_run_status.csv,283,6dc6e55f6cf61d51420fc3dfb11c73521e8baba16b4dd5de902a6b0ba97e04eb
results/status/13_conditional_dependence_run_status.csv,364,f4305a351e8a3abc0c6f6808256ceeaf5dc7bdd5b172f4c06e05c678513e9c88
results/status/14_structure_entropy_run_status.csv,281,89a4fdcaefd3897015a38f68d0f0e26462a909a424de10b8250380a3b735b929
results/status/15_isoform_sensitivity_run_status.csv,369,35926ede526ab5ca56e7f1697a421cb14c34f6dfa472c0ead7d3b2e36f496613
results/status/16_window_401_sensitivity_run_status.csv,418,45860f8c50b6f756e4c355b4affc80b70c75aadc5a2f722735a2249e46bc253a
results/status/17_nonlinear_models_run_status.csv,402,a503d386b66f1447832dcab8561503b68cfc8f97c1f7ea2a2a2e23e8d3828328
results/status/phase1_reproducibility_status.csv,466,cbb015d835415f56f041db1b9c13a7c3e44b5228b8bd34390ea54936126ddb73
results/tables/12_meta_analysis.csv,914,91334174b75a461e0e797b1f156b0a470c49a016999a101abe33b3c5cded472a
results/tables/13_conditional_dependence.csv,655,59fd2a074ab8d0fc581fa9caf34393cd904d7923d1e6ac9360199214cb084e38
results/tables/13_cross_fitted_residuals.csv.gz,1237573,ae763a401e01040b8f06a65ddb256abeb5d72f958e4f2d84403f7ac4e1fdae9c
results/tables/14_structure_entropy_associations.csv,16616,a049a3b34a3f83a4a020f465124fea1ca9d887e0c5821e75f9c5ca044e598d38
results/tables/15_isoform_sensitivity_associations.csv,2426,2fd1ef91eec06c343ecd78fb327b2ac4ce9d232fc9504d816ea496b92596cebe
results/tables/15_isoform_site_estimates.csv.gz,2014414,bd12688c1f4007fbcc5be362c7dc57c6b26e22ab517fb1616fecb9a4c6f1181b
results/tables/16_window_401_attrition.csv,475,77130e2b282d90336c5d3e867acadc020c0b4e1a9e70275eaf53817761f9db14
results/tables/16_window_401_development_cv.csv,5529,504081753df7d26556bb586492f31c756304a1a1dbdd2e8427da17e1912a60f8
results/tables/16_window_401_external_metrics.csv,538,babc1e3e4aca820b9bec98a28a9731a013ede5e2e3f47172a6d0f0f4d17c3c95
results/tables/17_grouped_permutation_importance.csv,676,d93cfe6643c93545db6cd20840fcef8c81de14915e6cdd181b53189e20aaeece
results/tables/17_nonlinear_development_cv.csv,15357,caf19cca640f7cb2517927d151efcfad2dd4e19e2989cd21dc198eca7e8106cd
results/tables/17_nonlinear_external_metrics.csv,1726,244c099225c1e0bb52cb15c30e29ef31da8e47e870f9f17cf653c4807a0b68f6
results/tables/17_retraining_ablation.csv,574,cd641df56c8d0c1af1f6ce7819965468abbeda706ac5d75163dbececaa1b287b
results/tables/phase1_reproducibility_check.csv,2972,7fad3d1069e8cc2e2ff962fba7c7711ced0b6816dcebd87f2be72de0abcc1c4c
results/tables/phase1_statistical_validation.csv,1163,c6b217c9b57ca3dd5af2d9998b7dac069e31706cf0dc7bc3cc83c6e22b67013d
src/12_run_meta_analysis.py,4196,187202a43bda4fcb3495b3383ee95bd80afdafe443e2b7e8072d0d551384c658
src/13_run_conditional_dependence.py,5907,5aca149ce569a2920ba16f5932c9d9f2b2971ed4277177239433618f65e8ba6c
src/14_run_structure_entropy.py,3174,58d9c07adf7e6532aeda6955bdf6472277b480faf1886c48cc3b9cf287f8fb70
src/15_run_isoform_sensitivity.py,4471,d614e52960bdb691a540b6037a50b12ff94eece0c9008ba376b4f92aa8f1d389
src/16_run_window_401_sensitivity.py,14582,768ceffecc10ddbe1620b431289a3bd6ed78cb125b9d77eb52622dd591c96e78
src/17_run_nonlinear_models.py,9727,73c7bad03f7bb25e8ddc272da665802616b64a694c4ee5782af0a152ead658e6
src/phase1_common.py,12740,7de717b9b6ba41cd7e6555d51014a73b5589c25284f91974a52cee70539a8831
src/phase1_finalize.py,8778,7b90fcc2e6b5a2a47060f3f35b9a6e484f1cbb9b674e29f7da537d91621df428
src/phase1_verify_reproducibility.py,3141,65485fa19abf2dbe433310b472a859522fb171fcd4f102c27435f7be8bd0631d
tests/test_phase1_extensions.py,9047,1d5be23433df2de015e038eb83b7806f7441f18d111a9972f1c8c826b0c7dfa7
