artifact,sha256_before_rerun,sha256_after_rerun,status
data/final/08a_hek293t_predicted_structure_features.csv.gz,ed09630820cbe41855da9e519bf3bda1ad4e6834c6e2b396cae812d148e1e932,ed09630820cbe41855da9e519bf3bda1ad4e6834c6e2b396cae812d148e1e932,MATCH
results/08_hek293t_prediction_model_report.md,baa154a0011f65713718a45ed7b3ec938245fc53c4dc61ac2e1377ff5f2bf845,baa154a0011f65713718a45ed7b3ec938245fc53c4dc61ac2e1377ff5f2bf845,MATCH
results/08b_hek293t_structure_diagnostic_report.md,8478387130ee4a554339849e9244095acd0e870632319f802d077ed05aa9ca99,8478387130ee4a554339849e9244095acd0e870632319f802d077ed05aa9ca99,MATCH
results/models/08_hek293t_m0_ridge.joblib,907894e20b9f182926fdf0b9c232bc11a6f9a3e5119b4f72a70bc9aa2ccc0bb6,907894e20b9f182926fdf0b9c232bc11a6f9a3e5119b4f72a70bc9aa2ccc0bb6,MATCH
results/models/08_hek293t_m1_ridge.joblib,37e0787bb432827c1dbbe94fb8695628b8831d41cd6db1e71135c00b03802b68,37e0787bb432827c1dbbe94fb8695628b8831d41cd6db1e71135c00b03802b68,MATCH
results/models/08_hek293t_m2_ridge.joblib,b2c03dfab09d9b34e4acf80b7b514f0f595f5b20e96746dfe4b609a3826e2d18,b2c03dfab09d9b34e4acf80b7b514f0f595f5b20e96746dfe4b609a3826e2d18,MATCH
results/models/08_hek293t_m3_ridge.joblib,e1e5fe7c814b49453f9a6f89b564f2f5826f7c3e98aa67bf38b2e6147d1e838a,e1e5fe7c814b49453f9a6f89b564f2f5826f7c3e98aa67bf38b2e6147d1e838a,MATCH
results/models/08_hek293t_m4_ridge.joblib,265413f41a250e4ba07e7a870d17b6121728446ba86281b54e6499d1f0af268b,265413f41a250e4ba07e7a870d17b6121728446ba86281b54e6499d1f0af268b,MATCH
results/tables/08_hek293t_development_cv.csv,23ebec6817a054d323f48b23a1862f9583c2517141c11d7f049d2d1e5d49110a,23ebec6817a054d323f48b23a1862f9583c2517141c11d7f049d2d1e5d49110a,MATCH
results/tables/08_hek293t_feature_manifest.csv,5b5077d2b086e388dcfe2c28a1c87b52a9afe06eebff0b3a1e951e8d22a81be9,5b5077d2b086e388dcfe2c28a1c87b52a9afe06eebff0b3a1e951e8d22a81be9,MATCH
results/tables/08_hek293t_group_assignments.csv,623be0341667985d3fe7daaf1004a5f6858cb813f5425cb2fe76cdfc5d4d2c4b,623be0341667985d3fe7daaf1004a5f6858cb813f5425cb2fe76cdfc5d4d2c4b,MATCH
results/tables/08_hek293t_primary_model_comparison.csv,6e0e467223deb44035dbde77b3c71933f3ee7ff2d340f806b0bb7989a670f72f,6e0e467223deb44035dbde77b3c71933f3ee7ff2d340f806b0bb7989a670f72f,MATCH
results/tables/08_hek293t_split_audit.csv,5f8ae03a86f9986ba615bd273bdf0c9c73c444455c1f8726f218e02d009172da,5f8ae03a86f9986ba615bd273bdf0c9c73c444455c1f8726f218e02d009172da,MATCH
results/tables/08_hek293t_test_metrics.csv,38c7c133c2f428717324b304d14444de91da333decbb25e3f3a3e4e2d2c1613e,38c7c133c2f428717324b304d14444de91da333decbb25e3f3a3e4e2d2c1613e,MATCH
results/tables/08_hek293t_test_predictions.csv,98609e475af8bcf0661c375a3409dcafaea5f1eaf6cb2e250b509e1006dbf0b8,98609e475af8bcf0661c375a3409dcafaea5f1eaf6cb2e250b509e1006dbf0b8,MATCH
results/tables/08b_hek293t_expanded_structure_development_cv.csv,ca34ad28a3265866fbf575db1e66ace418864771514dfc560bb8aa5418751cad,ca34ad28a3265866fbf575db1e66ace418864771514dfc560bb8aa5418751cad,MATCH
results/tables/08b_hek293t_expanded_structure_summary.csv,e92b30ac5b1d194cc9cbf32ce4f44c4f1884c4340e614b5a08289f9a54320a88,e92b30ac5b1d194cc9cbf32ce4f44c4f1884c4340e614b5a08289f9a54320a88,MATCH
results/tables/08b_hek293t_glori_replicate_agreement.csv,05d8af0bf41619496b6b71abcf5b9aa7fd553f771698d8fd158e6bbea2dbfaba,05d8af0bf41619496b6b71abcf5b9aa7fd553f771698d8fd158e6bbea2dbfaba,MATCH
