analysis_gene,main_analysis_sites
PLEC,74
C15orf39,56
LRRC14,47
SRCAP,45
FAM83H,43
PIP5K1C,40
BCL9L,37
CYHR1,35
FOXK2,35
HPS6,35
WDR6,35
DAG1,34
GEMIN4,34
WNT7B,34
ILF3,33
LRFN3,33
RNF26,33
AHNAK2,32
CHPF2,32
GNA12,32
RBM15B,32
ZNF865,32
ABL1,31
AHNAK,31
DGCR2,31
INTS5,31
LRFN4,31
MLLT1,31
VASN,31
B3GALT6,30
SLC38A10,30
ASXL1,29
FBXO46,29
FOXM1,29
KIF26A,29
FOSL2,28
POLR3H,28
SCARA3,28
BCAR1,27
LARP1,27
MFSD5,27
NFE2L1,27
NFIC,27
PWWP2B,27
RXRA,27
SCAF1,27
SLC25A29,27
SLC7A5,27
TATDN2,27
TIGD5,27
TOR4A,27
NDST1,26
SGSH,26
SLC35C1,26
SYT12,26
ARFGAP1,25
CDC42EP4,25
CPTP,25
ECE1,25
PAQR4,25
RAB40C,25
RPP25,25
TICAM1,25
TNKS1BP1,25
ZBTB7B,25
ANKRD11,24
AP5B1,24
CANT1,24
CHST14,24
MARVELD1,24
MKI67,24
NCKAP5L,24
PSKH1,24
SOX4,24
TBC1D10B,24
TMEM115,24
TNS4,24
TSKU,24
ZNF672,24
ARHGAP35,23
ASB6,23
CDC42EP2,23
CKAP4,23
ICMT,23
ITGA3,23
ITPRIP,23
MAP1S,23
MYO9B,23
NMT1,23
PCNX3,23
PXDN,23
SH3PXD2A,23
SKI,23
SOX12,23
SPPL2B,23
TMEM127,23
ZNF213,23
ZNF316,23
CBX2,22
CHPF,22
DMWD,22
DOT1L,22
ETS2,22
FBXL19,22
GLG1,22
IRF2BPL,22
PRSS23,22
RHOB,22
SRRM2,22
TAF1C,22
TNRC18,22
TTYH3,22
ZNF503,22
ZNF628,22
AMBRA1,21
FAAP100,21
FADD,21
FZD2,21
FZR1,21
GPAT4,21
IGF1R,21
INF2,21
NPLOC4,21
NSD2,21
PCYT2,21
PLEKHG3,21
PWWP3A,21
RHOF,21
SEC61A1,21
TBC1D9B,21
TMEM201,21
TMEM250,21
TRIO,21
ULK1,21
ADCY9,20
ALDH1B1,20
COL5A1,20
CRTC3,20
EEF1D,20
FEN1,20
GAS1,20
GAS2L1,20
IRF2BP1,20
IRF2BP2,20
KIAA1522,20
L3MBTL2,20
LDLR,20
LGALS3BP,20
LRFN1,20
LRRC8A,20
NAGLU,20
POMGNT2,20
PRRC2B,20
SLC10A3,20
SLC35A4,20
SLC7A1,20
SNAPC4,20
TMEM203,20
TSC22D1,20
ABCD1,19
C1QTNF6,19
CCNF,19
CDKN2C,19
CHST12,19
CYBC1,19
DERPC,19
EHD2,19
HR,19
ITGA5,19
LPCAT1,19
MBD3,19
MLXIP,19
MOGS,19
MYC,19
MYO10,19
NAA60,19
NAT8L,19
NXN,19
OBSCN,19
PLA2G15,19
PLEKHM2,19
POLR1A,19
PPIL2,19
PPP1R9B,19
TNK2,19
ZCCHC14,19
ARMC7,18
ATG13,18
BRD4,18
C11orf68,18
CBX4,18
CEP170B,18
DEXI,18
DHCR24,18
FAM83D,18
FRMD8,18
GIPC3,18
GNA11,18
HYAL2,18
JADE2,18
MAP3K11,18
MISP,18
MUL1,18
NUDCD3,18
P3H4,18
PGP,18
PMM2,18
PODXL,18
PPP1R26,18
RHOBTB2,18
RNF213,18
RTL6,18
SAPCD2,18
SLC1A5,18
STEAP3,18
SYNPO,18
TCF3,18
THAP11,18
UBL4A,18
VPS37B,18
YTHDF1,18
YWHAG,18
ZDHHC8,18
A4GALT,17
ADAT3,17
ASB13,17
BOK,17
BRD3OS,17
C11orf24,17
CENPB,17
CTSC,17
CXCR4,17
ERBB2,17
EXOC7,17
FAM20C,17
FBXO31,17
FJX1,17
GATA2,17
HDHD3,17
HPDL,17
IER2,17
IER5L,17
JUNB,17
KIAA2013,17
KLHL21,17
MAST2,17
MEX3D,17
MGAT1,17
MSL1,17
NPTX1,17
NR2F1,17
NUMA1,17
PLOD1,17
PRR12,17
RER1,17
RNF40,17
SETD5,17
SLC66A2,17
SNAP47,17
SPTBN2,17
TIMP2,17
TMEM104,17
TMEM129,17
TNFAIP1,17
TUBB6,17
UPF1,17
WDR24,17
ZBTB7A,17
ZC3H4,17
ACKR3,16
ADGRG1,16
AXIN1,16
BEGAIN,16
C19orf25,16
CCDC71,16
CD99L2,16
CDR2L,16
FAM156B,16
FIZ1,16
FLAD1,16
IMP3,16
JPH2,16
LRP10,16
LRRC61,16
MAFK,16
MAP3K10,16
MEPCE,16
MXD4,16
NACC2,16
NCOR2,16
NOL6,16
NR2F6,16
NUP62,16
PHF23,16
PITX1,16
PLXNB2,16
PODXL2,16
PRR5L,16
REPIN1,16
RPTOR,16
RTN4R,16
SDC1,16
SDHAF1,16
SEMA4B,16
SFN,16
SH3BP4,16
SIN3B,16
SLC43A2,16
TBC1D25,16
TBL2,16
TM9SF1,16
TMEM43,16
TYSND1,16
WFS1,16
WIPI2,16
ZNF408,16
ZNF526,16
ZNF668,16
ACP2,15
ARMC5,15
ATRIP,15
BORCS6,15
C1QTNF1,15
CAMKK1,15
CAVIN1,15
CCDC85C,15
CDC42BPB,15
CDC42EP1,15
CSNK1E,15
DAGLB,15
DAPK3,15
DEDD2,15
EHD1,15
EXOSC6,15
EXT1,15
FAM102A,15
FRAT2,15
FURIN,15
GATAD2A,15
IER5,15
JMJD4,15
KIAA0100,15
MAPK11,15
MARCHF9,15
MRTFA,15
NAA80,15
NCBP2AS2,15
NCLN,15
NECTIN2,15
NGRN,15
PATZ1,15
PDF,15
PDXK,15
PIGQ,15
QSOX1,15
RARA,15
RPRD2,15
SAMD11,15
SLC25A37,15
SOCS3,15
ST3GAL2,15
SYDE1,15
TIMM29,15
TM9SF4,15
TOP3A,15
TXNDC12,15
VPS18,15
VPS39,15
ZNF282,15
AGRN,14
AHRR,14
ANKS6,14
ARF6,14
ARID1A,14
ATP5MF-PTCD1,14
C1orf159,14
CAPN15,14
CD276,14
CDCA4,14
CHERP,14
CHMP6,14
CITED4,14
CSNK1D,14
CSPG4,14
CUEDC1,14
ELF3,14
FLYWCH1,14
GALNT2,14
GGA3,14
GPRC5A,14
H2AX,14
HNRNPF,14
HRCT1,14
HTRA1,14
INPP5K,14
IP6K1,14
JUND,14
KDM2A,14
KEAP1,14
METRNL,14
OXLD1,14
PDE2A,14
PDIA4,14
PEG10,14
PPL,14
PTTG1IP,14
PYGO2,14
RAB4B-EGLN2,14
RAF1,14
RAI1,14
RAVER1,14
SEMA3F,14
SEPHS2,14
SERPINH1,14
SIX5,14
SLC16A5,14
SLC35A2,14
SMAD3,14
SMPD1,14
SRXN1,14
SURF6,14
TESK1,14
TNFAIP2,14
TSPAN17,14
USP40,14
ZNF574,14
ZNF579,14
ADGRL1,13
ADPRHL2,13
AGAP3,13
ANKH,13
ANKRD13B,13
APEX2,13
BCR,13
BIRC5,13
BMP1,13
BTBD3,13
C6orf223,13
CASKIN2,13
CHMP1A,13
DAP,13
DGCR8,13
DNAJC5,13
DOLK,13
ENG,13
FKBP10,13
FOXK1,13
GMEB2,13
GUCD1,13
HCN2,13
HEXIM1,13
JAG2,13
KIAA0930,13
KLHL26,13
KRI1,13
LTBR,13
LZTS2,13
MAEA,13
MAN1B1,13
MANEAL,13
MAPK1IP1L,13
MAVS,13
MCAM,13
MECP2,13
METRN,13
MTSS2,13
N4BP3,13
NACC1,13
NAXD,13
NUP210,13
OGFR,13
OGT,13
PCED1A,13
PLEKHH3,13
PLXND1,13
PPP2R2D,13
PUS1,13
PYCR3,13
RANBP3,13
REXO1,13
RIC8A,13
RPL28,13
RTL8C,13
SAP30BP,13
SETD1A,13
SH3PXD2B,13
SIX2,13
SLC19A1,13
SLC35F6,13
SPEN,13
SPHK2,13
STARD7,13
SUV39H1,13
TAB1,13
TBL1X,13
TENT4A,13
TRIM65,13
TUBGCP6,13
UBALD1,13
UBE2O,13
VSIR,13
ZC3H3,13
ZER1,13
ZFP36L1,13
ZGPAT,13
ZNF592,13
ZNF703,13
ZSWIM4,13
AHDC1,12
ALKBH5,12
ANKRD9,12
ARHGAP17,12
ARHGEF17,12
BHLHE40,12
BYSL,12
C16orf91,12
CCDC137,12
CCNL2,12
CEBPB,12
CENPBD1P1,12
CLCN7,12
CNP,12
COQ4,12
CRKL,12
CTNS,12
DAB2,12
DCTN5,12
DHX30,12
DLGAP4,12
ENTPD6,12
EVI5L,12
FAT1,12
FOXP4,12
GRWD1,12
HMGXB3,12
IST1,12
IVD,12
KLF16,12
KMT2B,12
MAPK12,12
MFSD3,12
MICAL3,12
MICALL1,12
MRM3,12
MRPS2,12
MYADM,12
MZF1,12
NAGPA,12
NINJ1,12
NLRX1,12
PALM,12
PGAP6,12
RAB35,12
RAB3IL1,12
RUSC2,12
SCO2,12
SEMA3B,12
SGSM2,12
SLC29A2,12
SPSB1,12
TBC1D2,12
THEM6,12
TRIM11,12
TRIM16L,12
TRRAP,12
UAP1L1,12
USP22,12
ZNF384,12
ZNF581,12
ZNF707,12
ZZEF1,12
AAR2,11
ABHD8,11
ALG12,11
AMH,11
AP3D1,11
ARHGAP23,11
ATXN7L3,11
B4GALT2,11
BCL2L1,11
BICRA,11
BRD3,11
BTBD6,11
C19orf48,11
C7orf26,11
CAV1,11
CBX6,11
CCDC85B,11
CD59,11
CDK9,11
CDKN2B,11
CIC,11
CITED2,11
CLSTN1,11
CREBBP,11
CSDC2,11
CUL4A,11
CXXC5,11
CYB561,11
DCBLD1,11
DDA1,11
DNAJB1,11
DNAJC11,11
DNASE2,11
EPOP,11
EXD3,11
EXOC3,11
FAM110A,11
FAM160B2,11
GOT2,11
GPC1,11
HGH1,11
HNRNPA0,11
IPO9,11
IRS2,11
ITGB5,11
KHNYN,11
LARS2,11
LDB1,11
LMAN2L,11
LOC150776,11
MBTPS1,11
MFN2,11
MNT,11
MRM2,11
MRPS12,11
MRTO4,11
NECAP2,11
NIBAN2,11
NISCH,11
NR4A1,11
NRBP2,11
P4HB,11
PCSK9,11
PDE4A,11
PHLDA3,11
PI4KB,11
PKD1,11
PLEKHG2,11
PLXNA1,11
PVR,11
QSOX2,11
RBCK1,11
RELA,11
RETREG2,11
RHOG,11
RNF121,11
RNPEPL1,11
ROR2,11
RRNAD1,11
RRS1,11
RTL10,11
SEC16A,11
SERTAD1,11
SLC16A3,11
SLC1A4,11
SLC39A3,11
SMIM12,11
TBC1D13,11
TLE3,11
TMEM132A,11
TNFRSF1A,11
TNFSF9,11
TRAF4,11
TRAF7,11
TRIM7,11
TSEN54,11
UBE2R2,11
USP20,11
WWP2,11
XPO6,11
XYLT2,11
ZDHHC5,11
ZNF768,11
ADCK2,10
AKT2,10
ALDH3B1,10
ALKBH4,10
AMOTL2,10
APBA3,10
ARHGAP1,10
ARHGEF18,10
ARHGEF4,10
ARRDC2,10
B4GALT7,10
BACE2,10
BFAR,10
BRF1,10
C19orf47,10
CACNB3,10
CACTIN,10
CCDC130,10
CENPO,10
CENPV,10
CHD8,10
COLGALT1,10
CPSF7,10
CTIF,10
CYREN,10
DBNDD1,10
DDIT4,10
DDX23,10
DENND1A,10
DHCR7,10
DUSP3,10
EEF1AKNMT,10
EIF4G1,10
EMC1,10
ENTR1,10
FAM171A2,10
FLNA,10
FSTL3,10
GOLPH3,10
GPRIN1,10
GTF3C2,10
GTSE1,10
HEXIM2,10
HOXC10,10
INPPL1,10
ITPRID2,10
JDP2,10
JMJD8,10
KAT2A,10
LDLRAP1,10
LRRC45,10
LY6K,10
LZTR1,10
MAPK7,10
MARCKS,10
MARK2,10
MAU2,10
MEGF8,10
METTL1,10
MGLL,10
MGRN1,10
MID1IP1,10
MRPS27,10
MSRB1,10
MUC1,10
NCDN,10
NUMBL,10
NXT1,10
PBXIP1,10
PC,10
PCBP1,10
PER1,10
PEX6,10
PIM3,10
PMEPA1,10
PNRC1,10
POLDIP2,10
POP7,10
PPAN-P2RY11,10
PPM1G,10
PPP1R16A,10
PRCC,10
PTPN18,10
RABL6,10
RANGAP1,10
RAPGEF1,10
RBM14,10
RBM38,10
RCC1,10
RRP7A,10
RTL8A,10
RTL8B,10
RTN4RL2,10
SAC3D1,10
SCARB1,10
SH3BP5L,10
SLC35C2,10
SLC46A1,10
SLC9A3R1,10
SMUG1,10
SPC24,10
SPECC1,10
SPG7,10
SYNM,10
SYS1,10
SZT2,10
TAF6L,10
TBXA2R,10
TGFB1,10
THAP7,10
TLCD3A,10
TLNRD1,10
TMEM11,10
TMEM184B,10
TRABD,10
TRADD,10
TUBB4B,10
TUSC1,10
UBTF,10
VCP,10
WNT5A,10
ZBTB45,10
ZMIZ2,10
ZNF496,10
ABCF2,9
ABR,9
ACTR1A,9
ADD1,9
ADGRE5,9
AGPAT2,9
APH1A,9
ARHGDIA,9
ATG101,9
ATG9A,9
B4GALT1,9
BASP1,9
BRAT1,9
C8orf82,9
CCDC107,9
CCM2,9
CDT1,9
CELSR2,9
CELSR3,9
CIAO3,9
CNPY3,9
COA4,9
COMMD5,9
CPSF4,9
CTSZ,9
DGKD,9
DHX34,9
DNAJC30,9
DPH1,9
DUSP7,9
EID1,9
ELF4,9
EPHB4,9
EXT2,9
FAM234A,9
FAM32A,9
FBXW2,9
FBXW5,9
FN3KRP,9
GATD3A,9
GEMIN7,9
GFOD2,9
GHDC,9
GNB1L,9
GTF3C1,9
IRX3,9
ISG20L2,9
ITPR3,9
JAGN1,9
KHSRP,9
KMT5C,9
KRT80,9
LDOC1,9
LMNB2,9
LPAR2,9
LRP5,9
LRRC41,9
LRRC47,9
LSM10,9
MAP3K3,9
MAPK8IP3,9
MFSD12,9
MIER2,9
MOB3A,9
MRFAP1,9
MTFP1,9
MTG2,9
MYO18A,9
NADK,9
NCOA5,9
NPR1,9
NUDT18,9
PACS2,9
PAGR1,9
PCSK7,9
PELO,9
PELP1,9
PFAS,9
PGRMC2,9
PHB,9
PI4K2A,9
PIK3R2,9
PML,9
POFUT1,9
POLL,9
POLR1D,9
POLR2D,9
PPIF,9
PRR7,9
PRSS21,9
PTPRF,9
PXN,9
RAB11FIP3,9
RAB11FIP5,9
RAB26,9
RAB8A,9
RAD9A,9
RALGDS,9
RGP1,9
RITA1,9
RPUSD1,9
RRAGA,9
RRP1,9
RRP1B,9
SDF2,9
SELENON,9
SGTA,9
SH2B1,9
SH3BP2,9
SIK1B,9
SIL1,9
SIPA1,9
SLC25A23,9
SLC27A4,9
SLC2A1,9
SLC35E1,9
SLC35E2B,9
SPOUT1,9
SPSB2,9
SSBP3,9
ST6GALNAC4,9
TBC1D22A,9
TEX264,9
TGIF1,9
THAP3,9
THAP4,9
TJAP1,9
TLCD1,9
TMCO4,9
TMEM175,9
TMEM186,9
TMUB2,9
TPRN,9
TRAPPC12,9
TRIB3,9
TRUB2,9
TSC22D4,9
TSPAN14,9
TSSC4,9
UBIAD1,9
URGCP,9
VEGFA,9
WDR45B,9
WDR5,9
WDR81,9
WHRN,9
WNK1,9
YKT6,9
YWHAH,9
YY1AP1,9
ZNF142,9
ZNF48,9
ZNF687,9
ZNF787,9
ABCC1,8
AKT1S1,8
ANAPC2,8
AP2B1,8
ARAP3,8
ATF5,8
ATN1,8
ATP2A2,8
ATP9A,8
AVPI1,8
B4GALNT4,8
BBC3,8
BLMH,8
C14orf119,8
C16orf74,8
CABIN1,8
CABLES1,8
CAMK2N2,8
CCDC127,8
CCNO,8
CD2BP2,8
CDCA5,8
CELSR1,8
CEP89,8
CLPB,8
CRAT,8
CSRNP1,8
CTDSP2,8
CUL1,8
DESI1,8
DFFA,8
DHX8,8
DPH2,8
DPM2,8
DUSP1,8
DVL1,8
EHD4,8
ELP6,8
FEM1A,8
FOXRED2,8
GALNS,8
GALNT1,8
GDF11,8
GDPD5,8
GET4,8
GGA1,8
GLI4,8
GLP2R,8
GPSM1,8
GRB10,8
HCFC1,8
HDAC7,8
HMOX2,8
IFT22,8
IGF2R,8
IP6K2,8
ITPKC,8
KANK2,8
KCTD12,8
KDELR2,8
LAMC1,8
LEMD2,8
LITAF,8
LONP1,8
MAPKAPK2,8
MDH2,8
MEN1,8
MESD,8
MMP15,8
MOB2,8
MON1A,8
MPRIP,8
MRGBP,8
MROH7-TTC4,8
MRPL14,8
NCS1,8
NICN1,8
NOTCH2,8
NSD1,8
NSUN2,8
OBSL1,8
OCEL1,8
OLFML2A,8
PELI3,8
PHETA1,8
PLCD3,8
POC1A,8
PREX1,8
PTBP1,8
PXDC1,8
RASSF7,8
RETREG3,8
RNASEH2C,8
RPAP1,8
RPP25L,8
RSL1D1,8
S100A16,8
SCAMP4,8
SCX,8
SDF4,8
SERTAD3,8
SHARPIN,8
SHC1,8
SLC25A19,8
SLC25A28,8
SLC5A6,8
SMG5,8
SNAI1,8
SNX21,8
SPATA2,8
SPHK1,8
SPR,8
SRP68,8
ST3GAL3,8
STARD3,8
STAU1,8
STING1,8
STK16,8
STRADA,8
SZRD1,8
TARDBP,8
TBRG4,8
TCF19,8
TEDC1,8
TELO2,8
TENT5A,8
THRA,8
TMEM184A,8
TMEM223,8
TMEM248,8
TMEM259,8
TNS3,8
TOM1L2,8
TOR3A,8
TPD52L2,8
TRIM47,8
TRIOBP,8
TST,8
TTC7A,8
TUBA4A,8
TUT1,8
TXNDC11,8
UBALD2,8
UBE3B,8
UQCC3,8
USF1,8
USP36,8
XXYLT1,8
YARS1,8
YDJC,8
ZC3H7B,8
ZDHHC3,8
ZDHHC7,8
ZFPM1,8
ZNF219,8
ZNHIT2,8
AARS1,7
ABCC3,7
ABT1,7
AFAP1,7
ALDH3A2,7
ANKFY1,7
ANTXR1,7
AP5S1,7
ARFRP1,7
ARHGAP45,7
ARMC6,7
ARPC5L,7
ASB1,7
ATG2A,7
ATG4B,7
B4GALT3,7
B4GAT1,7
BACE1,7
BAP1,7
BAZ1B,7
BCL7B,7
BLCAP,7
BMP6,7
BMS1,7
BRD9,7
BSDC1,7
BTBD2,7
C11orf86,7
C12orf49,7
CAMK2G,7
CAMTA2,7
CAPN1,7
CAPN2,7
CCDC97,7
CCN1,7
CD24,7
CDK18,7
CEBPD,7
CLUH,7
CNNM3,7
CNOT9,7
COASY,7
COL4A1,7
CRTC1,7
CSNK1G2,7
CSTF1,7
CTDP1,7
CTNNB1,7
CUX1,7
CYP2S1,7
DAB2IP,7
DBP,7
DDX17,7
DGKZ,7
DHRS13,7
DHX37,7
DOK1,7
DR1,7
DTX2,7
DUS1L,7
DYRK1B,7
E2F1,7
EEF2,7
EFNA1,7
ELAVL1,7
ELK1,7
EMC6,7
EPB41L1,7
ERAL1,7
ERF,7
ESS2,7
ETF1,7
EVPL,7
EXOSC2,7
FAM174C,7
FDFT1,7
FIBCD1,7
FTSJ1,7
GID8,7
GINS2,7
GLB1,7
GMIP,7
GOLGB1,7
GTPBP2,7
GTPBP3,7
GYS1,7
HARS2,7
HDLBP,7
HIP1R,7
HTRA2,7
ILVBL,7
INPP5E,7
INSIG1,7
IPO13,7
IQCE,7
KCNK1,7
KCNN4,7
KIAA0319L,7
KIF3B,7
KIFC2,7
KNSTRN,7
KRT7,7
L1CAM,7
LRP3,7
LRPAP1,7
LSM4,7
MAP2K7,7
MAP3K14,7
MARC1,7
MCAT,7
MCM3,7
MED15,7
MED16,7
MEGF6,7
METTL26,7
MIDN,7
MIEF1,7
MLLT6,7
MLST8,7
MPV17L2,7
MPZL1,7
MRPL27,7
MRPS16,7
MSANTD3,7
MTFR1L,7
NAB2,7
NDOR1,7
NFATC2IP,7
NFS1,7
NOP2,7
NPRL3,7
NSDHL,7
NT5C3B,7
NUCB1,7
NUDT22,7
OAF,7
OGFOD2,7
OPA3,7
ORAI1,7
OXA1L,7
PAFAH1B1,7
PANX2,7
PARD6A,7
PCK2,7
PDCD11,7
PDRG1,7
PDXP,7
PEX10,7
PEX26,7
PGS1,7
PHF19,7
PHKG2,7
PINK1,7
PLAGL1,7
PLCG1,7
PMPCA,7
POLRMT,7
POM121,7
POM121C,7
PPP4R1,7
PPRC1,7
PRR5,7
PSRC1,7
PTGES,7
PYM1,7
QPCTL,7
RAB32,7
RABIF,7
RAC1,7
RBM14-RBM4,7
RHNO1,7
RNF216,7
RNF7,7
RRP12,7
RRP36,7
RRP8,7
SART3,7
SCD,7
SEC24C,7
SF3B5,7
SH2D3A,7
SLC12A7,7
SLC25A22,7
SLC35B2,7
SLC38A2,7
SLC39A14,7
SLC43A3,7
SLC44A2,7
SLC48A1,7
SLC9A3R2,7
SNRNP25,7
SNTA1,7
SOX18,7
SPPL3,7
SSBP4,7
STC2,7
STK25,7
STK36,7
STOML1,7
SURF4,7
TACC3,7
TBCC,7
TCTN3,7
TFEB,7
TGIF2,7
TGIF2-RAB5IF,7
TKT,7
TMED3,7
TMEM177,7
TMEM189-UBE2V1,7
TMEM50A,7
TNIP1,7
TONSL,7
TOR1A,7
TPCN2,7
TPGS1,7
TRAPPC2L,7
TULP3,7
TYMP,7
UBE2J2,7
UBE2L3,7
UNKL,7
WIZ,7
ZFAND5,7
ZFP36,7
ZNF410,7
ZNF446,7
ZNF524,7
ABCF3,6
ABHD17A,6
ACTB,6
ADGRB2,6
ADNP,6
AGPAT3,6
ALDH16A1,6
AMFR,6
ANAPC7,6
AOPEP,6
AP1B1,6
ARAF,6
ARHGEF10L,6
ARHGEF19,6
ARID5A,6
ARIH2,6
ARL6IP5,6
ATP6V0E1,6
BLOC1S3,6
BLOC1S5-TXNDC5,6
BOD1,6
BORCS8,6
BTG1,6
C16orf58,6
C19orf54,6
C1orf43,6
C9orf40,6
CACFD1,6
CALR,6
CARHSP1,6
CCDC51,6
CCDC86,6
CCND1,6
CD44,6
CDC16,6
CDC34,6
CDCA8,6
CDIP1,6
CDK2AP2,6
CENPX,6
CEP104,6
CEP250,6
CERS5,6
CHST3,6
CIAO1,6
CKAP5,6
CLEC16A,6
COA3,6
COPS2,6
COQ8B,6
CORO1C,6
CTU1,6
CXorf40A,6
DBN1,6
DBNL,6
DDB2,6
DDX11,6
DDX19A,6
DDX42,6
DDX5,6
DIO2,6
DPH7,6
DVL3,6
E2F4,6
EFTUD2,6
EIF4EBP1,6
ELOVL1,6
EML3,6
EMP2,6
ENDOV,6
ENO1,6
EPHA2,6
EPPK1,6
ERCC2,6
ERP29,6
EXOSC4,6
EZR,6
FBXL15,6
FBXL8,6
FGFRL1,6
FHL3,6
FOXF2,6
FTSJ3,6
GBF1,6
GIT1,6
GLYR1,6
GPATCH3,6
GPN2,6
HAGHL,6
HDHD5,6
HSF1,6
HSPA5,6
HSPG2,6
HYAL3,6
IGHMBP2,6
IMP4,6
INTS11,6
IPO5,6
IRF3,6
ISOC2,6
ITPK1,6
JPT2,6
KCTD2,6
KDM5C,6
KIF18B,6
KLHL22,6
LETM1,6
LOXL2,6
LRRC8D,6
LSS,6
MAP2K3,6
MARCHF2,6
MAT2A,6
MAZ,6
MBD1,6
MED10,6
MED11,6
MED29,6
MET,6
MEX3A,6
MICALL2,6
MICOS10-NBL1,6
MIF4GD,6
MIR1915HG,6
MMP24-AS1-EDEM2,6
MMP24OS,6
MPI,6
MRPL34,6
MRPS18A,6
MRPS7,6
MSX1,6
MVK,6
MYBBP1A,6
MYO1C,6
MYPOP,6
NAGA,6
NCKIPSD,6
NEK6,6
NEURL1,6
NIT1,6
NME3,6
NOL9,6
NOTCH1,6
NXPH4,6
OS9,6
P2RX5,6
PACSIN2,6
PAF1,6
PANK4,6
PCIF1,6
PEF1,6
PERP,6
PGAP3,6
PGGHG,6
PHLDB1,6
PIGO,6
PLXNB1,6
POFUT2,6
POLG,6
PPP1R37,6
PPP2CA,6
PRAG1,6
PREB,6
PRICKLE3,6
PRKAR1B,6
PRR14,6
PSMG3,6
PTGFRN,6
PTPMT1,6
PTPN23,6
PUSL1,6
PYGB,6
QRICH1,6
R3HCC1,6
RAB1B,6
RAB20,6
RAB31,6
RASIP1,6
RCC1L,6
RNASEK-C17orf49,6
RNF166,6
RNF187,6
RPL13,6
RSAD1,6
RTN4,6
SARAF,6
SARS2,6
SCAND1,6
SECTM1,6
SENP3,6
SGK1,6
SHB,6
SLC12A4,6
SLC12A9,6
SLC3A2,6
SLC52A2,6
SLC66A1,6
SMG7,6
SMPD4,6
SMYD5,6
SPATA33,6
SPSB3,6
SSR2,6
STAG3L5P-PVRIG2P-PILRB,6
STK32C,6
STX6,6
SUPT4H1,6
SYVN1,6
TACO1,6
TBC1D16,6
TBC1D24,6
TCEA2,6
TFDP1,6
THBS1,6
TIMM13,6
TIMM50,6
TK1,6
TM2D2,6
TMED1,6
TMEM158,6
TMEM214,6
TMEM234,6
TMEM42,6
TMEM97,6
TMUB1,6
TOB1,6
TOM1,6
TOR2A,6
TPBG,6
TPCN1,6
TPST2,6
TPTEP2-CSNK1E,6
TRIM41,6
TRIR,6
TRMT2A,6
TSC22D3,6
TSPAN3,6
TXN2,6
TYK2,6
UBAC2,6
UBAP1,6
UBE2Q1,6
UBQLN4,6
UBTD1,6
UCK1,6
UHRF1,6
UNC13B,6
VAC14,6
WBP1L,6
WDR33,6
WDR73,6
ZBTB47,6
ZNF205,6
ZNF512B,6
ZNF576,6
ZNF598,6
ZNF622,6
ZNF646,6
ZNRF1,6
AACS,5
ABHD12,5
ABLIM1,5
ACAD9,5
ACAP3,5
ACBD6,5
ACO2,5
ACSF3,5
ADIPOR2,5
AGO2,5
AGPAT1,5
AHSA1,5
AK1,5
AMIGO3,5
AP1M1,5
AREL1,5
ARFIP2,5
ARHGAP39,5
ASPH,5
ASPHD1,5
ATP6AP1,5
BAG3,5
BAIAP2L1,5
BCKDK,5
C11orf49,5
C1orf198,5
C1orf56,5
C2orf68,5
C6orf89,5
C9orf78,5
CALM3,5
CBARP,5
CBX8,5
CCDC102A,5
CD70,5
CDC42SE1,5
CDH24,5
CDIPT,5
CDK10,5
CDKN1A,5
CELF1,5
CENPF,5
CERCAM,5
CHAF1A,5
CHMP1B,5
CLCF1,5
CLPTM1L,5
CNDP2,5
CNOT2,5
COL1A1,5
COMTD1,5
COX7A2L,5
CSRP1,5
CTBP1,5
CTDSP1,5
CTSB,5
CTXN1,5
CYB561A3,5
CYTH1,5
DAZAP1,5
DCAF15,5
DDX3X,5
DDX41,5
DDX54,5
DEDD,5
DEGS1,5
DENND4B,5
DENND5A,5
DERL2,5
DHRS3,5
DIAPH1,5
DLX2,5
DNAAF5,5
DNAJB12,5
E4F1,5
EBP,5
ECEL1,5
EDC3,5
EEF1AKMT4,5
EEFSEC,5
EHMT1,5
EI24,5
ELAC2,5
ELOA,5
ELOF1,5
EPS8L2,5
ERGIC1,5
ESYT1,5
EVA1B,5
EVA1C,5
EVL,5
FAAP20,5
FAM189B,5
FAM193B,5
FAM83G,5
FAM89B,5
FANCA,5
FARP1,5
FBLN1,5
FBN1,5
FBRS,5
FDX2,5
FLNB,5
GABPB1-IT1,5
GADD45B,5
GADD45GIP1,5
GBA2,5
GDE1,5
GGA2,5
GLRX5,5
GMPPB,5
GNB2,5
GORASP2,5
GPAA1,5
GSPT1,5
H1-10,5
HDAC6,5
HERC2,5
HES7,5
HIRA,5
HMCES,5
HMGCL,5
HSPA8,5
IDS,5
IKBKB,5
IKBKG,5
IMPAD1,5
INCENP,5
INTS3,5
JOSD1,5
JPT1,5
JTB,5
KCNAB2,5
KCTD15,5
KDM4A,5
KIF13A,5
KIF1C,5
KLF13,5
KMT2A,5
LAMB3,5
LIMK1,5
LMF2,5
LMO4,5
LRRC59,5
MADD,5
MAF1,5
MAFG,5
MAGEA6,5
MCL1,5
MCM2,5
MCM5,5
MCRIP2,5
MICU1,5
MIEF2,5
MKNK2,5
MON1B,5
MPG,5
MPST,5
MRPL15,5
MRPL16,5
MRPL37,5
MRPL41,5
MRPL43,5
MRPL57,5
MTG1,5
MYDGF,5
MYH9,5
NCL,5
NDUFS7,5
NELFA,5
NGEF,5
NOL3,5
NOLC1,5
NR1H3,5
NSMF,5
NTMT1,5
NUDCD2,5
NUDT16,5
NUP214,5
NUP98,5
OGDH,5
OSBPL10,5
OSER1,5
P3H1,5
P4HTM,5
PDK2,5
PEX16,5
PFKL,5
PHC2,5
PHF5A,5
PICK1,5
PIEZO2,5
PIGS,5
PIGU,5
PIP4K2B,5
PITPNM1,5
PLIN3,5
PMM1,5
POP5,5
PPFIA3,5
PRKCZ,5
PRPF4,5
PRPSAP1,5
PSCA,5
PSEN2,5
PTDSS1,5
PTDSS2,5
PTP4A1,5
PTPN1,5
PTPRJ,5
PTRH1,5
PWP2,5
PXMP4,5
RAB11B,5
RAB34,5
RABEP2,5
RALBP1,5
RBM23,5
RCE1,5
RFT1,5
RHPN1,5
RNF145,5
RNF169,5
RNF182,5
RNF25,5
RNF4,5
RPL8,5
RPS19,5
RRBP1,5
RUSC1,5
SEPHS1,5
SEPTIN9,5
SERP1,5
SERPINB6,5
SESN2,5
SET,5
SH2B2,5
SHPK,5
SHROOM1,5
SIGMAR1,5
SIN3A,5
SIPA1L3,5
SIRT7,5
SLC22A5,5
SLC25A38,5
SLC29A1,5
SLC8B1,5
SLCO3A1,5
SMARCA4,5
SNU13,5
SNX33,5
SNX8,5
SPATA20,5
SPATA2L,5
SQSTM1,5
SRGAP2,5
SRP19,5
SRSF4,5
SSU72,5
STAT6,5
STMP1,5
SUMO1,5
SUN1,5
SUPT6H,5
SYNGR2,5
TAF7,5
TARS2,5
TEAD2,5
TEPSIN,5
TFE3,5
TIMM17A,5
TIMM8A,5
TIMP3,5
TMEM138,5
TMEM187,5
TMEM222,5
TMEM39B,5
TMEM53,5
TMEM94,5
TMSB4X,5
TOB2,5
TPRA1,5
TPT1,5
TPX2,5
TRAF2,5
TRAPPC3,5
TRAPPC9,5
TRIM3,5
TRMT61A,5
TROAP,5
TRPC4AP,5
TRPM2,5
TSFM,5
TTL,5
TTLL12,5
TUBB3,5
UBAC1,5
UBE2Z,5
UBE3C,5
UNC119,5
UQCR11,5
UQCRFS1,5
USP21,5
VAMP3,5
VHL,5
VPS25,5
WDR34,5
WDR55,5
XBP1,5
YPEL3,5
ZBTB38,5
ZMYM3,5
ZNF317,5
ZNF324,5
ZNF580,5
ZNF688,5
ZNF771,5
ZNF777,5
ZSWIM9,5
ABCA2,4
ABCB9,4
ABHD11,4
ABHD14A,4
ACSS2,4
ACTG1,4
ACTN1,4
ADAMTSL5,4
ADARB1,4
ADM,4
ADPGK,4
AFG3L2,4
AGTRAP,4
AHCY,4
AIG1,4
AJUBA,4
ANKRD10,4
ANKRD52,4
ANKRD54,4
AP2S1,4
AP4M1,4
AP5Z1,4
APTX,4
ARAP1,4
ARF1,4
ARFGAP2,4
ARHGEF16,4
ARHGEF7,4
ARSA,4
ASF1B,4
ATF6,4
ATL3,4
ATOX1,4
ATP1B1,4
ATP1B3,4
ATP8B2,4
ATRAID,4
B9D2,4
BABAM1,4
BANF1,4
BATF3,4
BCKDHA,4
BCL2L2-PABPN1,4
BIN3,4
BLOC1S4,4
BLVRB,4
BNIP1,4
BOLA1,4
BRD2,4
BSG,4
C15orf61,4
C19orf12,4
C19orf53,4
C1orf35,4
C22orf39,4
C7orf50,4
C8orf58,4
CA5BP1,4
CARD10,4
CARM1,4
CASC3,4
CBR1,4
CC2D1B,4
CCNQ,4
CD320,4
CDA,4
CDKN2A,4
CDPF1,4
CENPM,4
CHAF1B,4
CHID1,4
CHKA,4
CHRAC1,4
CHTOP,4
CLIP2,4
CLN6,4
CLPTM1,4
CMC2,4
COL4A2,4
COMMD4,4
COMMD7,4
COQ8A,4
COQ9,4
COX14,4
CREG2,4
CRIM1,4
CRTAP,4
CSK,4
CST3,4
CTBP2,4
CTDNEP1,4
CTNNA1,4
CYB5B,4
CYB5D2,4
CYB5R3,4
CYSRT1,4
CYTH3,4
CZIB,4
D2HGDH,4
DAP3,4
DCTD,4
DCTPP1,4
DDX56,4
DELE1,4
DHDDS,4
DHX15,4
DIABLO,4
DLG5,4
DMAC1,4
DNPEP,4
DOK4,4
DPP9,4
DST,4
DSTNP2,4
DUSP2,4
EARS2,4
EFHD2,4
EIF2AK1,4
EIF2B1,4
EIF2B2,4
EIF2S3,4
EIF3B,4
EIF3L,4
EIF5,4
EMC10,4
EMC8,4
ENDOG,4
EPB41,4
EPS8L1,4
EXTL3,4
FAF2,4
FAHD1,4
FAM136A,4
FAM160A2,4
FAM193A,4
FAM207A,4
FAM3A,4
FBF1,4
FBLN5,4
FBXL16,4
FBXO42,4
FKBPL,4
FOCAD,4
FOXL2,4
FOXRED1,4
FSCN1,4
FUNDC2,4
GAK,4
GALNT10,4
GARS1,4
GFER,4
GIGYF1,4
GLMP,4
GLUL,4
GLYCTK,4
GNAI3,4
GOT1,4
GPATCH4,4
GPS1,4
GRAMD1A,4
GRPEL1,4
GTF2F1,4
GUK1,4
H2AJ,4
HARS1,4
HAUS5,4
HCFC1R1,4
HEG1,4
HEXD,4
HIBADH,4
HIF1AN,4
HJURP,4
HM13,4
HMBS,4
HMG20B,4
HMGCR,4
HMGN4,4
HPCAL1,4
HPS1,4
HTT,4
IFT140,4
IGSF8,4
IL17RC,4
IMMT,4
IQSEC2,4
ISL2,4
ITPKA,4
JRK,4
KAT5,4
KATNB1,4
KAZALD1,4
KDM1A,4
KLC1,4
KLHL17,4
LASP1,4
LOC100630923,4
LRRC26,4
MANF,4
MAP4,4
MAPKAPK3,4
MAX,4
MCM4,4
MED22,4
MED8,4
METTL23,4
METTL27,4
MFAP1,4
MLX,4
MPDU1,4
MRI1,4
MROH6,4
MRPL12,4
MRPL17,4
MRPL36,4
MRPL4,4
MRPL46,4
MRPL9,4
MRPS17,4
MRPS34,4
MRPS6,4
MTOR,4
MXD3,4
NAIF1,4
NCOR1,4
NDUFB10,4
NELFB,4
NEURL4,4
NF2,4
NFE2L2,4
NFYC,4
NIPA2,4
NKIRAS2,4
NME6,4
NMRAL1,4
NOB1,4
NONO,4
NOP14,4
NR2C2AP,4
NUDT16L1,4
NUP160,4
OGFOD3,4
OGG1,4
ORMDL2,4
OSBPL5,4
OSTC,4
P2RX5-TAX1BP3,4
PA2G4,4
PAAF1,4
PABPC4,4
PAK1,4
PAK4,4
PCID2,4
PDIA6,4
PDLIM2,4
PES1,4
PEX14,4
PGD,4
PGLS,4
PHF8,4
PHKA2,4
PIAS4,4
PIGY,4
PKM,4
PLAUR,4
PLD3,4
PLPP2,4
PLPPR2,4
PLXNA3,4
PNPLA2,4
PNPLA6,4
POLM,4
POLR2E,4
POLR2L,4
POMGNT1,4
POP4,4
PPCDC,4
PPIB,4
PPP1R12C,4
PPP4R3A,4
PPP6R3,4
PRADC1,4
PREP,4
PRKD2,4
PRMT6,4
PRPF31,4
PRRC2C,4
PRRX2,4
PSMB5,4
PSMD7,4
PSMD8,4
PSME3,4
PSME4,4
PTGES2,4
PUF60,4
PYCR1,4
RAD21,4
RAD51D,4
RBBP6,4
RBM19,4
RCC2,4
RCCD1,4
RCN1,4
REXO4,4
RGS19,4
RHBDF1,4
RHBDF2,4
RIN1,4
RMND5B,4
RNF114,4
RNF126,4
RNF208,4
RPS19BP1,4
RPS6KA4,4
RTN2,4
S100A3,4
SAMD4B,4
SARS1,4
SBF1,4
SBNO2,4
SCMH1,4
SCRN2,4
SDF2L1,4
SDHAF2,4
SEC11A,4
SELENOO,4
SEZ6L2,4
SF1,4
SF3B3,4
SH3BGRL3,4
SHISA5,4
SLC25A10,4
SLC25A17,4
SLC2A8,4
SLC35E4,4
SLC38A1,4
SLC39A1,4
SLC39A9,4
SLC41A3,4
SLC9A1,4
SMOC1,4
SNAPC2,4
SON,4
SP2,4
SPG21,4
SPIRE2,4
SRA1,4
SRP72,4
SRPK1,4
SSH3,4
ST6GALNAC6,4
STIM1,4
STK10,4
STK11IP,4
STT3B,4
STUB1,4
STXBP1,4
SUGP2,4
SUMF2,4
SUMO3,4
SUPT16H,4
SUPT7L,4
TARBP2,4
TARS1,4
TAZ,4
TCIM,4
TCOF1,4
TEAD4,4
TEDC2,4
TEN1-CDK3,4
TFIP11,4
TGFBI,4
TICRR,4
TIMM23,4
TMED10,4
TMED9,4
TMEM161A,4
TMEM18,4
TMEM189,4
TMEM63A,4
TMEM99,4
TMEM9B,4
TNFRSF12A,4
TNPO3,4
TNS2,4
TOLLIP,4
TOR1B,4
TP53I3,4
TP53INP2,4
TRAIP,4
TRIM25,4
TRIM8,4
TRIP13,4
TSPO,4
TSPYL1,4
TSR3,4
TTC39C,4
TTLL4,4
TUBG1,4
TXNRD1,4
UBE2D3,4
UBN1,4
UBXN6,4
UCK2,4
ULK3,4
USP4,4
USP7,4
VEGFB,4
VKORC1L1,4
VPS51,4
WDR1,4
WDR62,4
WDR82,4
WDTC1,4
XRCC3,4
YIPF5,4
YWHAB,4
YWHAZ,4
YY1,4
ZC3H11A,4
ZDHHC16,4
ZDHHC18,4
ZDHHC24,4
ZDHHC4,4
ZFHX3,4
ZMYND19,4
ZNF296,4
ZNF358,4
ZNF584,4
ZNF747,4
ZNF76,4
ZNF8-ERVK3-1,4
ZWINT,4
ABCB6,3
ABHD14B,3
ABHD4,3
ABTB1,3
ACADS,3
ACLY,3
ACOX3,3
ADCK1,3
ADCY3,3
ADIPOR1,3
AEN,3
AGBL5,3
AIMP2,3
AK2,3
AKAP1,3
AKIRIN2,3
AKT1,3
ALDH18A1,3
ALKBH7,3
ANAPC11,3
ANAPC5,3
ANP32B,3
AP2A1,3
AP2M1,3
APLP2,3
APMAP,3
ARHGAP21,3
ARPC1B,3
ARPIN,3
ARRDC1,3
ASAH1,3
ASCC2,3
ATOH8,3
ATP5F1D,3
ATP6V0C,3
ATPAF1,3
ATXN7L2,3
AUP1,3
AURKA,3
AURKAIP1,3
AVEN,3
B4GALT5,3
BAG5,3
BAIAP2,3
BCAS3,3
BCL2L13,3
BCL3,3
BET1L,3
BICD2,3
BMF,3
BRCC3,3
BRI3BP,3
BRPF1,3
C1orf216,3
C1orf50,3
C2CD3,3
C4orf3,3
CALU,3
CAMKK2,3
CAP1,3
CAPNS1,3
CAPRIN1,3
CCAR2,3
CCDC134,3
CCDC47,3
CCDC57,3
CCDC6,3
CCDC88B,3
CCN5,3
CD151,3
CD3EAP,3
CD81,3
CDC25B,3
CDK16,3
CDK2,3
CDKN1C,3
CDV3,3
CERK,3
CFAP410,3
CFL1,3
CHMP7,3
CIAPIN1,3
CISD1,3
CISD3,3
CIT,3
CKB,3
CLASP1,3
CLINT1,3
CLK3,3
CLN3,3
CLPP,3
CLSTN3,3
CMIP,3
CNOT6,3
CNPPD1,3
COBL,3
COG8,3
COMMD9,3
COPS7B,3
CORO1B,3
COX6A1,3
COX7B,3
CPSF6,3
CREBZF,3
CRK,3
CSNK1A1,3
CTPS1,3
CTSA,3
CTTN,3
CYB561D2,3
DDX24,3
DDX39A,3
DDX47,3
DEF8,3
DEK,3
DENND3,3
DHX38,3
DLG4,3
DLST,3
DMAC2,3
DNAJA1,3
DNAJA3,3
DNAJC9,3
DOHH,3
DPCD,3
DRG2,3
DTYMK,3
DUS2,3
DUS3L,3
DYNLL1,3
ECI1,3
ECSIT,3
EDF1,3
EEF2KMT,3
EFNA4,3
EIF1AD,3
EIF3J,3
EIF5B,3
EIPR1,3
ELP3,3
ENSA,3
EPN1,3
ERI3,3
FADS1,3
FAM107B,3
FAM120C,3
FAM219B,3
FAM50B,3
FARSA,3
FBH1,3
FBXL18,3
FBXL6,3
FGD1,3
FHL2,3
FHOD1,3
FPGS,3
FYN,3
GAA,3
GABRE,3
GATD1,3
GBA,3
GCDH,3
GCN1,3
GEMIN6,3
GIPC1,3
GNG11,3
GOSR2,3
GPKOW,3
GPR161,3
GPS2,3
GPT2,3
GPX1,3
GPX8,3
GRINA,3
GRK6,3
GSDMD,3
GTF2E2,3
GTPBP1,3
HAUS4,3
HEBP1,3
HELZ2,3
HENMT1,3
HERPUD1,3
HILPDA,3
HIST3H2A,3
HNRNPUL1,3
HROB,3
HSBP1L1,3
HUWE1,3
ICE1,3
ID3,3
IFRD2,3
IGBP1,3
IGFBP3,3
IL10RB,3
ILK,3
IMPA2,3
INO80,3
INO80B-WBP1,3
INTS10,3
IPO7,3
IQGAP3,3
ISG15,3
ITGB1,3
ITM2B,3
JMJD6,3
KBTBD4,3
KCTD5,3
KDM3B,3
KHDRBS1,3
KIAA1191,3
KPNA6,3
KRT10,3
LAMTOR1,3
LAMTOR4,3
LIG3,3
LIMCH1,3
LIME1,3
LIMS2,3
LMAN2,3
LOC644110,3
LRP11,3
LRPPRC,3
LRRK1,3
LRWD1,3
LSM14B,3
LTBP3,3
LUC7L3,3
LY6E,3
MAGEA3,3
MAML1,3
MAP4K4,3
MARCHF6,3
MARCKSL1,3
MCM6,3
MCRIP1,3
MECR,3
MED19,3
MED24,3
MED27,3
METTL22,3
MGAT2,3
MGAT5B,3
MIB2,3
MIEN1,3
MIIP,3
MKKS,3
MKS1,3
MLEC,3
MMAB,3
MOV10,3
MRAS,3
MRPL10,3
MRPL38,3
MRPL52,3
MRPS21,3
MRPS25,3
MRPS26,3
MRRF,3
MTA1,3
MTA2,3
MTDH,3
MTRR,3
MVD,3
MYORG,3
MZT2B,3
NAT10,3
NAT9,3
NAV1,3
NAXE,3
NCBP3,3
NDC1,3
NDEL1,3
NDRG1,3
NDUFS8,3
NDUFV3,3
NEDD4L,3
NENF,3
NETO2,3
NINJ2,3
NLRC5,3
NME1,3
NNMT,3
NOL12,3
NOP10,3
NPC1,3
NPEPPS,3
NPR3,3
NRGN,3
NTPCR,3
NUBP2,3
NUDT2,3
NUP50,3
NXF1,3
OAZ2,3
ODF3B,3
ORAI3,3
ORC5,3
OSBP2,3
OTUB1,3
PACS1,3
PALLD,3
PARVA,3
PAX6,3
PCGF2,3
PDCD6,3
PDIA3,3
PFDN1,3
PFKFB4,3
PFN1,3
PGAP2,3
PHB2,3
PHETA2,3
PHF12,3
PHPT1,3
PIAS3,3
PIEZO1,3
PIGC,3
PIM2,3
PIP5K1A,3
PKMYT1,3
PKN3,3
PLBD2,3
PLCB3,3
PLEKHG4,3
PLEKHJ1,3
PLK1,3
PLS3,3
PNMA1,3
POGZ,3
POLD4,3
POLR1E,3
POLR2H,3
POLR2J,3
POLR3D,3
POLRMTP1,3
POMT2,3
PON2,3
PPAN,3
PPIE,3
PPP1R35,3
PPP2R2A,3
PPP2R5D,3
PRAF2,3
PRDM15,3
PRMT2,3
PRMT5,3
PROSER2,3
PRPF19,3
PRR19,3
PSMD2,3
PSMD9,3
PSME3IP1,3
PTRH2,3
PWP1,3
QPRT,3
RAB3A,3
RAD23B,3
RANGRF,3
RAP1GAP,3
RAP1GAP2,3
RBFA,3
RBM22,3
RBPMS2,3
RDH11,3
RECQL4,3
RETSAT,3
RFC2,3
RFNG,3
RHBDD2,3
RHOC,3
RHOD,3
RNASEH2A,3
RNF11,3
RNF44,3
RNF8,3
RNPEP,3
ROMO1,3
RPA1,3
RPL13A,3
RPL22,3
RPL36,3
RPS2P32,3
RPUSD2,3
RRM1,3
RSPH3,3
RTCB,3
S100A2,3
SAE1,3
SAMD1,3
SAMD10,3
SAMM50,3
SAP30L,3
SAT2,3
SCAP,3
SCLY,3
SDSL,3
SEC31A,3
SEMA4C,3
SENP3-EIF4A1,3
SERBP1,3
SERINC3,3
SERPINE1,3
SETD1B,3
SF3B4,3
SFPQ,3
SFT2D2,3
SH2D4A,3
SH3GL1,3
SH3GLB2,3
SIAH2,3
SIDT2,3
SIRT3,3
SLC12A8,3
SLC25A11,3
SLC25A44,3
SLC25A45,3
SLC25A5,3
SLC38A7,3
SLC6A9,3
SLC7A6,3
SLITRK5,3
SLX4,3
SMARCD1,3
SMG9,3
SMIM7,3
SNAPIN,3
SNRNP70,3
SNUPN,3
SNX9,3
SPRYD3,3
SPTBN1,3
SREBF1,3
SRF,3
SRPRB,3
SRRD,3
SRSF5,3
SRSF6,3
STARD10,3
STK24,3
STK38,3
STOML2,3
SWI5,3
SYMPK,3
SYNCRIP,3
TAGLN2,3
TANGO2,3
TAPBP,3
TBC1D1,3
TBC1D14,3
TEAD1,3
TFAP2A,3
THOP1,3
THTPA,3
TIMM10B,3
TIMM44,3
TIMM9,3
TINAGL1,3
TINF2,3
TM4SF1,3
TMCO3,3
TMED4,3
TMEM109,3
TMEM199,3
TMX2,3
TNIP2,3
TOE1,3
TOMM22,3
TOMM5,3
TOP2A,3
TOP3B,3
TP53RK,3
TPI1,3
TPRG1L,3
TRABD2A,3
TRAM2,3
TRIM16,3
TRIM29,3
TRMT2B,3
TSPAN10,3
TSPAN9,3
TTC38,3
TUBA1C,3
TUFM,3
TWIST2,3
TXLNA,3
TXNDC15,3
TXNL4A,3
TYRO3,3
UBC,3
UBE2D4,3
UBE2H,3
UBE4B,3
UBP1,3
UBQLN2,3
UFC1,3
UFSP1,3
UGGT1,3
UNC13D,3
UNC93B1,3
UQCRFS1P1,3
URM1,3
USF2,3
USP1,3
USP10,3
USP47,3
VAMP2,3
VAMP8,3
VCL,3
VGLL4,3
VIPR2,3
VKORC1,3
VMP1,3
VPS26B,3
VPS28,3
VPS37C,3
VPS4A,3
VTI1B,3
WBP2,3
WDR25,3
WDR45,3
WDR90,3
WRAP53,3
XPO5,3
YIPF1,3
YIPF3,3
YTHDF2,3
YWHAQ,3
ZCCHC17,3
ZDHHC9,3
ZFAND3,3
ZFYVE19,3
ZFYVE27,3
ZMIZ1,3
ZNF207,3
ZNF362,3
ZNF444,3
ZNF500,3
ZNF511,3
ZNF593,3
ZNF691,3
ZNF692,3
ZNF784,3
ZNHIT1,3
ZSWIM1,3
ZSWIM8,3
AARS2,2
ABCA7,2
ACTN4,2
ACTR1B,2
ADAM15,2
ADAR,2
ADCY6,2
ADI1,2
AFMID,2
AKIP1,2
AKR1B1,2
ALDH3A1,2
ALDH4A1,2
ALKBH2,2
ALKBH6,2
AMDHD2,2
AMMECR1L,2
AMPD2,2
AMZ2,2
ANKHD1-EIF4EBP3,2
ANO10,2
ANP32A,2
ANTKMT,2
ANXA11,2
APEX1,2
APP,2
AQP3,2
ARF4,2
ARGLU1,2
ARHGEF2,2
ARL16,2
ARL2-SNX15,2
ARL2BP,2
ARPC5,2
ARPIN-AP3S2,2
ASB8,2
ASPSCR1,2
ATAD3B,2
ATG16L1,2
ATG5,2
ATP1A1,2
ATP5IF1,2
ATP5MPL,2
ATP5PF,2
ATP6V0B,2
ATP6V0D1,2
ATP6V1F,2
ATPAF2,2
AXL,2
B2M,2
B3GAT3,2
B3GNTL1,2
B9D1,2
BAD,2
BAK1,2
BAX,2
BAZ2A,2
BCAP31,2
BCL2L12,2
BCORL1,2
BCS1L,2
BEX3,2
BLOC1S2,2
BOP1,2
BRI3,2
BRK1,2
BRMS1,2
BTBD1,2
BTD,2
BTF3,2
BUD31,2
BZW2,2
C12orf75,2
C16orf70,2
C1QL1,2
C1orf122,2
C5AR2,2
C8orf33,2
CACYBP,2
CAD,2
CALM1,2
CALM2,2
CAMLG,2
CAPZA1,2
CAPZA2,2
CARS1,2
CAV2,2
CCDC12,2
CCDC124,2
CCDC167,2
CCDC34,2
CCNB1,2
CCNE1,2
CCNY,2
CCT3,2
CCT6A,2
CD55,2
CD63,2
CD82,2
CD83,2
CDC27,2
CDC42EP3,2
CDCA3,2
CDK5RAP2,2
CEBPZOS,2
CETN2,2
CHAC1,2
CHCHD10,2
CHCHD4,2
CHCHD5,2
CHD2,2
CHD3,2
CHD4,2
CHMP4A,2
CINP,2
CIRBP,2
CLBA1,2
CLU,2
CMB9-22P13.1,2
COG2,2
COMT,2
COP1,2
COPA,2
COPE,2
COPG1,2
COPRS,2
COPS4,2
COPS6,2
COPS9,2
CORO6,2
CORO7,2
COX15,2
CPS1,2
CRLF1,2
CROCC,2
CRTC2,2
CSDE1,2
CSE1L,2
CSNK2A1,2
CT83,2
CTCF,2
CTDSPL,2
CTSD,2
CYB5R1,2
CYBA,2
CYCS,2
CYSTM1,2
CYTH2,2
DCAF11,2
DCAF8,2
DCAKD,2
DCPS,2
DDT,2
DDX28,2
DENND10,2
DERL1,2
DIS3L2,2
DMPK,2
DNAJA2,2
DNAJC10,2
DNAJC14,2
DNAJC21,2
DNASE1L1,2
DNM2,2
DNMT1,2
DNPH1,2
DNTTIP1,2
DOLPP1,2
DPP7,2
DRAM1,2
DRG1,2
DSN1,2
DSP,2
DVL2,2
DYNC1H1,2
DYNLL2,2
DYNLRB1,2
EBPL,2
ECHS1,2
ECI2,2
EGFR,2
EIF1,2
EIF2B5,2
EIF2S2,2
EIF3A,2
EIF3I,2
EIF4A3,2
EIF4ENIF1,2
EIF6,2
ELL,2
ELOVL5,2
ELP5,2
EMC3,2
EMC4,2
EMG1,2
EMP3,2
EPAS1,2
ERC1,2
ERLIN1,2
ESYT2,2
ETV4,2
EXOC4,2
FAM104A,2
FAM114A1,2
FAM120A,2
FAM131C,2
FAM168A,2
FAM20B,2
FAM43A,2
FANCC,2
FANCG,2
FASN,2
FASTK,2
FBXW11,2
FBXW4,2
FBXW9,2
FCSK,2
FDXR,2
FGFR4,2
FHL1,2
FKBP15,2
FLYWCH2,2
FMC1,2
FMNL1,2
FOLR1,2
FOXO4,2
FOXP1,2
FTH1,2
G3BP1,2
G6PC3,2
G6PD,2
GATB,2
GCAT,2
GDF15,2
GGCX,2
GLA,2
GLTP,2
GMNN,2
GMPPA,2
GMPR2,2
GNAS,2
GNL3L,2
GNPAT,2
GPBP1,2
GPI,2
GPR107,2
GPR137,2
GPR153,2
GPRC5C,2
GRHPR,2
GRK2,2
GSTK1,2
GTF2IRD1,2
GTF3A,2
GTF3C5,2
GUSB,2
H2AZ1,2
H2AZ2,2
HADHA,2
HAUS7,2
HAUS8,2
HCCS,2
HDAC3,2
HDDC3,2
HECTD3,2
HHLA3,2
HIGD2A,2
HINT1,2
HINT2,2
HIST2H4A,2
HK1,2
HLX,2
HMOX1,2
HNRNPUL2,2
HNRNPUL2-BSCL2,2
HOMER3,2
HOXB7,2
HOXD9,2
HPD,2
HS1BP3,2
HSBP1,2
HSD11B1L,2
HSD3B7,2
HSDL2,2
HSP90B1,2
HSPA4,2
HSPB8,2
HSPBP1,2
HSPH1,2
HTATIP2,2
HYAL1,2
ICAM3,2
ID1,2
IDH3B,2
IFITM2,2
IFITM3,2
IGF2BP1,2
IGFLR1,2
IGSF3,2
IKBKE,2
ILF2,2
ILRUN,2
INAFM1,2
INO80C,2
INO80E,2
INTS14,2
INTS7,2
INTS9,2
IPO4,2
IRAK1,2
ISCU,2
ITPRIPL2,2
JAK1,2
JARID2,2
JUP,2
KAT8,2
KCTD3,2
KDM4B,2
KHDC4,2
KHK,2
KIF20A,2
KIF2C,2
KIF3C,2
KIF4A,2
KLHDC2,2
KMT2D,2
KRBA1,2
KXD1,2
LAGE3,2
LAMC3,2
LAMTOR2,2
LBHD1,2
LEPROTL1,2
LLGL1,2
LMO1,2
LOC101060179,2
LOC112694756,2
LOC653303,2
LPCAT3,2
LPGAT1,2
LRCH4,2
LRSAM1,2
LTBP4,2
LUC7L2,2
LYPLA2,2
LYRM4,2
MACF1,2
MAGED2,2
MALSU1,2
MANBAL,2
MAP11,2
MAP4K2,2
MAP7,2
MAPK1,2
MAPK14,2
MAPK8IP1,2
MAPKAP1,2
MARK4,2
MBD6,2
MCM3AP,2
MEA1,2
MED18,2
MEF2D,2
MFSD14B,2
MICA,2
MIF,2
MIGA2,2
MINDY1,2
MMACHC,2
MORC2,2
MORF4L2,2
MPV17,2
MRM1,2
MROH1,2
MRPL20,2
MRPL32,2
MRPL33,2
MRPL49,2
MRPL53,2
MRPL54,2
MRPL55,2
MRPL58,2
MRPS11,2
MRPS15,2
MRPS30,2
MRPS5,2
MSLN,2
MT2A,2
MTAP,2
MTCH1,2
MTMR1,2
MTMR12,2
MTX1,2
MXRA7,2
MZT2A,2
NABP2,2
NAP1L4,2
NAPA,2
NCBP2,2
NDRG3,2
NDUFA1,2
NDUFA11,2
NDUFA13,2
NDUFA2,2
NDUFAF8,2
NDUFB11,2
NDUFV1,2
NECAB3,2
NEDD8,2
NELFCD,2
NFKBIA,2
NHP2,2
NIPSNAP1,2
NLE1,2
NME4,2
NOL11,2
NOP16,2
NOP56,2
NPHP4,2
NQO1,2
NQO2,2
NRARP,2
NRF1,2
NT5C,2
NTHL1,2
NUCKS1,2
NUDC,2
NUDT1,2
NUDT3,2
NUPR1,2
NUS1,2
NUTF2,2
OGA,2
OGFOD1,2
OSBPL9,2
OTUD5,2
OTULIN,2
PACSIN3,2
PARK7,2
PARL,2
PARP6,2
PARVB,2
PCBP4,2
PCNA,2
PCNT,2
PDLIM5,2
PFKP,2
PGM1,2
PHF13,2
PHLDB3,2
PI4KA,2
PIDD1,2
PIF1,2
PIMREG,2
PIP4K2C,2
PIP4P1,2
PISD,2
PITPNC1,2
PITRM1,2
PKP3,2
PLEKHF1,2
PLEKHG5,2
PLOD2,2
PMF1,2
PMS2CL,2
PMVK,2
PNP,2
POGK,2
POLA2,2
POLD2,2
POLDIP3,2
POLE3,2
POLR1C,2
POMT1,2
POR,2
PPARD,2
PPDPF,2
PPM1M,2
PPME1,2
PPP1CA,2
PPP1CB,2
PPP1R15A,2
PPP4C,2
PPP6R1,2
PPP6R2,2
PPT1,2
PRC1,2
PRKAR2A,2
PRKCD,2
PRKCDBP,2
PRKDC,2
PRMT7,2
PROCR,2
PRSS36,2
PSMA4,2
PSMA5,2
PSMB1,2
PSMB10,2
PSMD11,2
PSMD13,2
PSMD4,2
PSMG4,2
PTP4A3,2
RAB14,2
RAB1A,2
RAB42,2
RAB9A,2
RABEP1,2
RAC3,2
RAE1,2
RAI14,2
RAN,2
RANBP10,2
RARG,2
RBM12,2
RBM3,2
RBMX2,2
RBSN,2
RCN3,2
REEP4,2
RELT,2
RFC5,2
RFX1,2
RFX5,2
RFXANK,2
RHBDD3,2
RHBDL1,2
RHEB,2
RHOA,2
RHOV,2
RLIM,2
RMI2,2
RNASEH1,2
RNF123,2
RNF19B,2
RNF215,2
RNF220,2
RNF34,2
RNF41,2
ROGDI,2
RP9,2
RPL13P5,2
RPL29,2
RPL36AL,2
RPL38,2
RPL4,2
RPP14,2
RPS6KA1,2
RRAGC,2
RRAS,2
RRM2,2
RTEL1-TNFRSF6B,2
RTF2,2
RTKN,2
RTRAF,2
RUFY1,2
RUVBL1,2
RUVBL2,2
S100A10,2
S100A11,2
S100A13,2
S100A6,2
SAFB2,2
SCAMP2,2
SCAMP3,2
SCARB2,2
SCO1,2
SCRIB,2
SDCBP,2
SDR39U1,2
SEC13,2
SEC14L1,2
SEM1,2
SEMA3C,2
SENP2,2
SERF2,2
SERGEF,2
SERINC2,2
SETD3,2
SFXN4,2
SH3BP1,2
SHMT1,2
SIGIRR,2
SIRT2,2
SIVA1,2
SLBP,2
SLC20A1,2
SLC22A3,2
SLC25A3,2
SLC25A32,2
SLC25A4,2
SLC27A5,2
SLC39A4,2
SLC44A1,2
SLC50A1,2
SLC6A8,2
SLCO4A1,2
SLF1,2
SMAD2,2
SMARCC1,2
SMIM26,2
SMIM30,2
SMTN,2
SMURF1,2
SNRPD3,2
SNW1,2
SNX1,2
SNX12,2
SNX17,2
SPATS2,2
SPDL1,2
SPINDOC,2
SPTAN1,2
SRP14,2
SRPRA,2
SRSF1,2
SRSF2,2
SRSF8,2
SSNA1,2
ST20-MTHFS,2
STAC2,2
STAT2,2
STAT5B,2
STIP1,2
STK40,2
STMN1,2
STRA6,2
STX16-NPEPL1,2
STX18,2
STX5,2
SUN2,2
SYS1-DBNDD2,2
SYT17,2
TAF6,2
TAOK2,2
TBC1D10A,2
TCEAL4,2
TCERG1,2
TEAD3,2
TECPR1,2
TFG,2
TFR2,2
THOC5,2
THRAP3,2
TIAL1,2
TIMELESS,2
TIMM10,2
TLX3,2
TM7SF3,2
TM9SF3,2
TMED2,2
TMEM101,2
TMEM106C,2
TMEM107,2
TMEM147,2
TMEM14C,2
TMEM165,2
TMEM216,2
TMEM256-PLSCR3,2
TMEM41B,2
TMEM62,2
TMEM87A,2
TMEM9,2
TNFRSF10B,2
TNFSF12-TNFSF13,2
TOMM40,2
TP53I13,2
TPD52L1,2
TPP1,2
TPP2,2
TRAPPC1,2
TRAPPC5,2
TRIAP1,2
TRIM56,2
TRIP10,2
TRIP12,2
TRMU,2
TSEN34,2
TTC28,2
TTLL5,2
TUBA4B,2
TUBG2,2
TUBGCP2,2
TWNK,2
U2AF2,2
UBA2,2
UBA52,2
UBE2D2,2
UBE2F,2
UBE2F-SCLY,2
UBE2G1,2
UBE2G2,2
UBE2I,2
UBE2K,2
UBE2M,2
UNC45A,2
UPP1,2
UQCC1,2
UQCR10,2
UQCRH,2
UROS,2
USP19,2
USP2,2
USP9X,2
VAPB,2
VAV2,2
VDAC3,2
VIM,2
VOPP1,2
VPS29,2
VPS72,2
VPS9D1,2
WAC,2
WASH2P,2
WBP11,2
WDR18,2
WIPF1,2
WIPF2,2
WLS,2
WRAP73,2
WSB2,2
XPC,2
XPO7,2
XPOT,2
XRCC6,2
YIF1B,2
YWHAE,2
ZBTB17,2
ZBTB48,2
ZC3H15,2
ZC3H18,2
ZC3HC1,2
ZIC2,2
ZMAT2,2
ZNF131,2
ZNF335,2
ZNF629,2
ZNF653,2
ZNRD2,2
ZSCAN2,2
AATF,1
ABCB8,1
ABCD4,1
ABHD14A-ACY1,1
ABHD17AP1,1
ABHD5,1
ABHD6,1
ABI2,1
ACAA1,1
ACADVL,1
ACBD4,1
ACCS,1
ACOT7,1
ACOT9,1
ACSL3,1
ADGRA3,1
ADIRF,1
ADK,1
ADSS1,1
AGPAT5,1
AHCYL1,1
AIDA,1
AIFM1,1
AIFM2,1
AKAP10,1
ALDOA,1
ALG1,1
ALG3,1
ALKBH3,1
AMD1,1
AMOTL1,1
ANAPC16,1
ANKRD13D,1
ANKS3,1
ANKZF1,1
ANO8,1
ANXA2,1
ANXA5,1
ANXA6,1
AP000344.4,1
AP1M2,1
AP1S1,1
AP2A2,1
AP4B1,1
APEH,1
AQR,1
ARF3,1
ARF5,1
ARHGEF1,1
ARHGEF11,1
ARHGEF39,1
ARL3,1
ARL4A,1
ARL4D,1
ARL6IP4,1
ARL8A,1
ARPC2,1
ARPC3,1
ARPC4,1
ARRB2,1
ASH2L,1
ASIC1,1
ASNSD1,1
ATF4,1
ATG12,1
ATG4D,1
ATG7,1
ATMIN,1
ATP13A1,1
ATP13A2,1
ATP2A3,1
ATP2C1,1
ATP5D,1
ATP5F1A,1
ATP5MG,1
ATP6AP2,1
ATP6V0A1,1
ATP6V1D,1
ATP6V1E1,1
ATP6V1G1,1
ATPSCKMT,1
ATXN2,1
B3GNT9,1
BAG2,1
BAHD1,1
BCAT2,1
BID,1
BIN1,1
BIVM-ERCC5,1
BMP2,1
BNIP3P1,1
BRF2,1
BRIX1,1
BUB3,1
BUD23,1
BZW1,1
C11orf58,1
C11orf80,1
C16orf59,1
C1QBP,1
C20orf27,1
C21orf58,1
C22orf46,1
C6orf120,1
C6orf226,1
C6orf62,1
C9orf116,1
C9orf16,1
CA9,1
CALD1,1
CAMKMT,1
CAMSAP1,1
CAPG,1
CAPN10,1
CAPZB,1
CASP9,1
CAVIN3,1
CBX3,1
CBX5,1
CC2D1A,1
CCDC120,1
CCDC189,1
CCDC22,1
CCDC24,1
CCDC25,1
CCDC80,1
CCDC9,1
CCDC9B,1
CCNC,1
CCND3,1
CCNG1,1
CCNI,1
CCNL1,1
CCS,1
CCT4,1
CCZ1,1
CCZ1P-OR7E38P,1
CD164,1
CD47,1
CD9,1
CDAN1,1
CDC123,1
CDC25C,1
CDC42,1
CDK2AP1,1
CDK4,1
CDK5,1
CDK5RAP1,1
CDK5RAP3,1
CDYL,1
CENPA,1
CEP131,1
CEP164,1
CERS2,1
CFAP20,1
CHCHD1,1
CHCHD2,1
CHCHD3,1
CHEK1,1
CHMP2A,1
CHMP4B,1
CHTF18,1
CHURC1-FNTB,1
CIZ1,1
CLCC1,1
CLIC4,1
CLK2,1
CLNS1A,1
CLTA,1
CLTB,1
CLTC,1
CLTCL1,1
CMBL,1
CMC1,1
CMC4,1
CMTR1,1
CNBP,1
CNIH4,1
CNOT10,1
CNOT3,1
CNOT8,1
CNPY2,1
CNPY4,1
COA6,1
COA7,1
COA8,1
COG1,1
COG4,1
COL12A1,1
COL27A1,1
COL7A1,1
COL8A1,1
COMMD6,1
COPS5,1
COPS7A,1
COPZ1,1
COQ2,1
COQ5,1
COX10,1
COX4I1,1
COX5A,1
COX5B,1
COX6B1,1
COX6C,1
CPLANE2,1
CPNE1,1
CPNE7,1
CPT1A,1
CPT1C,1
CREB3,1
CREB3L2,1
CREG1,1
CRELD2,1
CRIP1,1
CRIP2,1
CROCCP2,1
CRYAB,1
CS,1
CSNK2A2,1
CSTB,1
CTNNBIP1,1
CTNNBL1,1
CTSF,1
CTSL,1
CTU2,1
CUEDC2,1
CUL2,1
CUL3,1
CUL4B,1
CUTA,1
CXXC1,1
CXorf40B,1
CYC1,1
DAD1,1
DAGLA,1
DBF4B,1
DBI,1
DCAF6,1
DCAF7,1
DCLK2,1
DCP1A,1
DCTN3,1
DCUN1D2,1
DCUN1D5,1
DDB1,1
DDRGK1,1
DDX21,1
DDX31,1
DDX49,1
DEAF1,1
DENND4C,1
DGAT1,1
DGCR6,1
DGCR6L,1
DGKA,1
DHRS1,1
DHRS11,1
DHX32,1
DHX36,1
DIDO1,1
DIRAS1,1
DMAP1,1
DNAJB6,1
DNAJC4,1
DNAJC8,1
DNLZ,1
DOCK5,1
DOCK6,1
DONSON,1
DPAGT1,1
DPF2,1
DPP3,1
DRAM2,1
DRAP1,1
DROSHA,1
DTL,1
DTNB,1
DTNBP1,1
DUSP22,1
DUSP23,1
DUT,1
DYNLT1,1
ECHDC2,1
ECHDC3,1
ECT2,1
EDN2,1
EFNB1,1
EGFL7,1
EGLN1,1
EHBP1L1,1
EIF1AX,1
EIF2A,1
EIF2AK4,1
EIF2D,1
EIF3H,1
EIF3LP3,1
EIF4A2,1
EIF4B,1
EIF4G2,1
ELL2,1
EMC7,1
EMC9,1
EME2,1
ENAH,1
ENKD1,1
ENO3,1
EP300,1
EPHX1,1
EPN2,1
EPS15L1,1
ERG28,1
ERH,1
ESRRA,1
EXO1,1
F12,1
F8A1,1
FADS3,1
FAHD2B,1
FAM104B,1
FAM120AOS,1
FAM131A,1
FAM168B,1
FAM174A,1
FAM47E-STBD1,1
FAM50A,1
FAM53B,1
FAM53C,1
FANCD2,1
FANCI,1
FANCL,1
FARSB,1
FBLIM1,1
FBXO2,1
FBXO22,1
FBXO41,1
FBXO44,1
FBXO7,1
FDPS,1
FECH,1
FGFR1,1
FGFR1OP2,1
FIBP,1
FKBP4,1
FKBP8,1
FKBP9,1
FKRP,1
FLCN,1
FLII,1
FLOT2,1
FN3K,1
FNBP4,1
FNTA,1
FOXC2,1
FOXE1,1
FOXO6,1
FUBP1,1
FUCA2,1
FUOM,1
FXR2,1
GAL,1
GALE,1
GAMT,1
GAPDH,1
GAS6,1
GAS8,1
GATA6,1
GATAD2B,1
GEMIN8,1
GET3,1
GGCT,1
GJB3,1
GLE1,1
GLO1,1
GLOD4,1
GLRX3,1
GLT8D1,1
GLTSCR2,1
GM2A,1
GNAI2,1
GNB1,1
GNG5,1
GNPDA1,1
GOLM1,1
GON4L,1
GORASP1,1
GPBP1L1,1
GPN1,1
GPR108,1
GPR89A,1
GPX4,1
GRAMD1B,1
GRN,1
GRSF1,1
GSN,1
GSR,1
GSTM4,1
GSTO1,1
GSTZ1,1
GTF3C4,1
GTF3C6,1
H1-0,1
H2AC19,1
H2AFZ,1
H2AW,1
H2BC19P,1
H2BS1,1
H3-3B,1
H3C9P,1
HACD3,1
HADH,1
HDAC1,1
HDGF,1
HDGFL2,1
HELZ,1
HES1,1
HES4,1
HES6,1
HGS,1
HIF1A,1
HLA-A,1
HLA-E,1
HMGA1,1
HMGN2,1
HNRNPAB,1
HNRNPC,1
HNRNPDL,1
HNRNPL,1
HNRNPM,1
HNRNPU,1
HOXC5,1
HP1BP3,1
HRAS,1
HSF4,1
HSP90AA1,1
HSP90AB1,1
HSPA9,1
HTATSF1,1
HTR1D,1
IARS2,1
IDI1,1
IDUA,1
IFI27L1,1
IFI35,1
IFI6,1
IFITM1,1
IFT43,1
IFT46,1
IL17RA,1
IL27RA,1
IL6ST,1
IMPDH1,1
INA,1
ING4,1
ING5,1
INO80B,1
INPP5A,1
INPP5J,1
INTS1,1
IQGAP1,1
IQSEC1,1
ISG20,1
ISOC1,1
ITGAE,1
ITGAV,1
ITGB1BP1,1
ITM2C,1
ITPA,1
JKAMP,1
JOSD2,1
JUN,1
KANSL1,1
KANSL2,1
KANSL3,1
KAT7,1
KCNC4,1
KDELR1,1
KDM5A,1
KDM6B,1
KDSR,1
KIAA0895L,1
KIAA1549,1
KIF1B,1
KIF22,1
KIF5B,1
KIFC3,1
KIRREL1,1
KLC2,1
KLF10,1
KLF5,1
KLF6,1
KLHDC3,1
KLHDC4,1
KLHL35,1
KLHL42,1
KNOP1,1
KPNA2,1
KPNB1,1
KREMEN2,1
KRT18,1
KRT86,1
KRTCAP2,1
LAMA5,1
LAMB2,1
LARS1,1
LAS1L,1
LBR,1
LDHA,1
LETMD1,1
LGALS1,1
LGMN,1
LIG1,1
LIMD1,1
LINC01000,1
LIX1L,1
LMAN1,1
LMBR1L,1
LMO7,1
LMTK3,1
LOC101927789,1
LOC114483834,1
LOC400750,1
LOC440514,1
LPCAT4,1
LRP1,1
LRRC27,1
LRRC42,1
LRRFIP2,1
LSM1,1
LSM12,1
LSM3,1
LSM7,1
LSM8,1
LSR,1
LUZP1,1
LUZP6,1
LYRM1,1
MACO1,1
MAD2L2,1
MAMDC4,1
MAN2B1,1
MAN2C1,1
MAP2K2,1
MAP2K4,1
MAP3K4,1
MAP7D1,1
MAPK15,1
MAPK3,1
MAPK9,1
MAPKBP1,1
MAPRE1,1
MARK3,1
MAST1,1
MATK,1
MBNL1,1
MC1R,1
MCFD2,1
MCMBP,1
MCOLN1,1
MCRS1,1
MDN1,1
ME1,1
ME3,1
MEAF6,1
MED21,1
MED28,1
MED6,1
MEIS3,1
MESP1,1
METAP2,1
METTL16,1
MFHAS1,1
MFSD13A,1
MFSD14A,1
MGAT4B,1
MGAT5,1
MGME1,1
MGST1,1
MGST3,1
MIA3,1
MICOS10,1
MICOS13,1
MID1,1
MIER1,1
MINK1,1
MKLN1,1
MKNK1,1
MLF2,1
MLH1,1
MMS19,1
MN1,1
MORF4L1,1
MORF4L1P1,1
MOSPD3,1
MRC2,1
MRPL11,1
MRPL18,1
MRPL24,1
MRPL28,1
MRPL3,1
MRPL35,1
MRPL40,1
MRPL51,1
MRPS14,1
MRPS23,1
MRPS24,1
MSI2,1
MSRB2,1
MTCH2,1
MTHFD1L,1
MTHFD2,1
MTLN,1
MTMR14,1
MTND2P28,1
MTUS1,1
MUC16,1
MVB12A,1
MVP,1
MYBL2,1
MYL12A,1
MYL12B,1
MYL6B,1
MYO1E,1
NAA10,1
NAA38,1
NAA50,1
NADSYN1,1
NAGK,1
NANS,1
NAPRT,1
NARF,1
NARS1,1
NAT14,1
NBAS,1
NBDY,1
NBR1,1
NCAPD2,1
NCAPH2,1
NCSTN,1
NDUFA8,1
NDUFAF3,1
NDUFB4,1
NDUFB9,1
NDUFS1,1
NDUFS5,1
NEDD8-MDP1,1
NEGR1,1
NEIL2,1
NFATC3,1
NIF3L1,1
NIFK,1
NIPBL,1
NKRF,1
NME1-NME2,1
NME2,1
NOA1,1
NOL10,1
NOP9,1
NPAS2,1
NPDC1,1
NPM1,1
NPRL2,1
NPTN,1
NR1D1,1
NR1H2,1
NR2F2,1
NREP,1
NSA2,1
NSFL1C,1
NSMCE2,1
NSUN5,1
NSUN5P1,1
NUB1,1
NUDT14,1
NUDT8,1
NUDT9,1
NUP155,1
NUP188,1
NUP205,1
NUP37,1
NUP42,1
OCRL,1
ODF2,1
OLA1,1
ORC1,1
ORC2,1
ORMDL3,1
OSBP,1
OSBPL7,1
OXCT1,1
OXSR1,1
P4HA2,1
P4HA3,1
PABPN1,1
PAFAH1B2,1
PAICS,1
PAIP2,1
PAK2,1
PALM2AKAP2,1
PAM16,1
PAQR7,1
PARP10,1
PARP12,1
PARP3,1
PARP4,1
PAXX,1
PCBP2,1
PCCB,1
PCGF3,1
PCMT1,1
PCOLCE,1
PCYOX1,1
PCYT1A,1
PDCD2L,1
PDCD6IP,1
PDE8A,1
PDGFRB,1
PDLIM7,1
PDPR,1
PDS5A,1
PDZD11,1
PEA15,1
PEBP1,1
PEMT,1
PET117,1
PEX5,1
PGK1,1
PGPEP1,1
PGRMC1,1
PHGDH,1
PHKA1,1
PHLDB2,1
PHLPP1,1
PHRF1,1
PIN1,1
PINX1,1
PITHD1,1
PITPNB,1
PITPNM2,1
PKN1,1
PKP4,1
PLA2G12A,1
PLA2G4A,1
PLA2G6,1
PLAA,1
PLAAT3,1
PLAGL2,1
PLD2,1
PLEK2,1
PLEKHA2,1
PLEKHB2,1
PLEKHM1,1
PLEKHO2,1
PLOD3,1
PLPBP,1
PLPP1,1
PMAIP1,1
PMF1-BGLAP,1
PMP22,1
PNKD,1
PNPLA4,1
POLR2C,1
POLR2J4,1
PPFIA1,1
PPIA,1
PPIL1,1
PPIP5K1,1
PPM1F,1
PPP1CC,1
PPP1R14B,1
PPP1R7,1
PPP1R8,1
PPP2R5B,1
PPP3CA,1
PPP3R1,1
PPP6C,1
PRDX2,1
PRDX6,1
PRELID1,1
PRELID3B,1
PRKACA,1
PRKCSH,1
PRKX,1
PRMT1,1
PRPF3,1
PRPF38A,1
PRPS1,1
PRPSAP2,1
PRR11,1
PRR13,1
PRR22,1
PRRC2A,1
PRSS56,1
PRXL2A,1
PSAP,1
PSAT1,1
PSD4,1
PSMA2,1
PSMB3,1
PSMB7,1
PSMD1,1
PSMD10,1
PTCD3,1
PTK2,1
PTMA,1
PTOV1,1
PTP4A2,1
PTPN11,1
PTPRS,1
PTPRU,1
PTRHD1,1
PUM1,1
PURB,1
PYCR2,1
QDPR,1
R3HDM2,1
R3HDM4,1
RAB10,1
RAB22A,1
RAB24,1
RAB40B,1
RAB4A,1
RAB5C,1
RABEPK,1
RABGGTA,1
RACGAP1,1
RAD1,1
RAD18,1
RAD51C,1
RAD54L2,1
RANBP1,1
RANBP2,1
RBM10,1
RBM17,1
RBM28,1
RBM5,1
RBPJ,1
RBPMS,1
RCN2,1
RDH10,1
REEP6,1
RELL2,1
REX1BD,1
RFC1,1
RGL2,1
RGS10,1
RHOT2,1
RILPL1,1
RILPL2,1
RMDN3,1
RNASEK,1
RNF10,1
RNF103-CHMP3,1
RNF185,1
RNF19A,1
RNF20,1
RNF31,1
ROBO1,1
ROCK2,1
RP9P,1
RPA3,1
RPL17-C18orf32,1
RPL18A,1
RPL19,1
RPL21,1
RPL23A,1
RPL26L1,1
RPL35,1
RPL36A-HNRNPH2,1
RPL37,1
RPL39L,1
RPL41P2,1
RPL6,1
RPL9,1
RPLP0P6,1
RPLP1P6,1
RPLP2,1
RPRD1B,1
RPS10-NUDT3,1
RPS14,1
RPS15A,1
RPS24,1
RPS24P8,1
RPS2P17,1
RPS3,1
RPS6KA3,1
RPS6KB2,1
RPSAP9,1
RPUSD3,1
RRP7BP,1
RSL24D1,1
RTEL1,1
RTF1,1
RTN3,1
RUNDC1,1
RUNX1,1
RUNX3,1
RWDD1,1
RWDD2B,1
S100A4,1
SAP130,1
SAR1B,1
SAT1,1
SBDS,1
SCYL1,1
SDHC,1
SEC22C,1
SEC23IP,1
SEC61B,1
SEC61G,1
SEL1L3,1
SELENBP1,1
SELENOH,1
SELENOK,1
SELENOM,1
SELENOW,1
SEPTIN1,1
SEPTIN8,1
SETD2,1
SETDB1,1
SF3A1,1
SF3A2,1
SF3A3,1
SF3B2,1
SF3B6,1
SFSWAP,1
SFT2D3,1
SFXN1,1
SGSM3,1
SH2D2A,1
SH3BP5,1
SH3RF1,1
SH3TC1,1
SHLD2,1
SHMT2,1
SIK1,1
SIRT6,1
SKP1,1
SKP2,1
SLC20A2,1
SLC25A1,1
SLC25A20,1
SLC25A25,1
SLC25A26,1
SLC27A1,1
SLC27A3,1
SLC31A1,1
SLC38A5,1
SLC39A13,1
SLC39A8,1
SLC4A2,1
SLC6A6,1
SLC9A6,1
SLTM,1
SMAP2,1
SMARCC2,1
SMARCD2,1
SMARCE1,1
SMC4,1
SMCO4,1
SMCR8,1
SMG6,1
SMIM13,1
SMS,1
SMU1,1
SND1,1
SNRNP40,1
SNRPA,1
SNRPB,1
SNRPD2,1
SNX2,1
SNX3,1
SOD2,1
SORBS3,1
SP1,1
SPAG7,1
SPATS2L,1
SPCS2P4,1
SPCS3,1
SPECC1L,1
SPEG,1
SPIDR,1
SPOP,1
SPTLC1,1
SRD5A1,1
SRI,1
SRM,1
SRP9,1
SRRM1,1
SRSF11,1
SRSF9,1
SS18L2,1
SSC4D,1
SSR1,1
ST20,1
ST3GAL1,1
ST3GAL4,1
STAT5A,1
STN1,1
STRIP1,1
STX1A,1
SUB1,1
SUGP1,1
SUMF1,1
SUPT5H,1
SUPV3L1,1
SVIL,1
TADA2B,1
TAF11,1
TAF1D,1
TAF3,1
TAGLN,1
TANGO6,1
TAP1,1
TAX1BP3,1
TBC1D17,1
TBC1D20,1
TBCD,1
TBL3,1
TCEAL9,1
TCF12,1
TCF25,1
TCIRG1,1
TCP1,1
TECR,1
TENT5B,1
TERF2IP,1
TES,1
TESMIN,1
TGFBR1,1
TGFBRAP1,1
TGOLN2,1
THOC3,1
TIMM17B,1
TIMM22,1
TIMM8B,1
TIMP1,1
TKFC,1
TLE5,1
TLN1,1
TMBIM1,1
TMBIM4,1
TMBIM6,1
TMCC2,1
TMCO6,1
TMEM106B,1
TMEM120B,1
TMEM131L,1
TMEM134,1
TMEM141,1
TMEM143,1
TMEM160,1
TMEM167A,1
TMEM179B,1
TMEM183A,1
TMEM183B,1
TMEM185B,1
TMEM205,1
TMEM208,1
TMEM219,1
TMEM238,1
TMEM242,1
TMEM243,1
TMEM30A,1
TMEM41A,1
TMEM63B,1
TMEM64,1
TMEM69,1
TMEM86B,1
TMPO,1
TMSB10,1
TMX2-CTNND1,1
TMX4,1
TNFAIP8L1,1
TNFAIP8L2-SCNM1,1
TNPO2,1
TOX4,1
TP53BP2,1
TP73-AS1,1
TPD52,1
TPGS2,1
TPM1,1
TPM2,1
TPM4,1
TRAP1,1
TRAPPC6A,1
TRIB1,1
TRIM14,1
TRMT1,1
TRMT10C,1
TRMT12,1
TRNAU1AP,1
TSC2,1
TSG101,1
TSPYL2,1
TSR1,1
TSR2,1
TTC3,1
TTC9C,1
TUBA1B,1
TUBB2A,1
TUBB4A,1
TUBBP2,1
TUSC2,1
TWF2,1
TXNDC17,1
TXNL1,1
TYMS,1
UBAP2,1
UBAP2L,1
UBE2C,1
UBE2E1,1
UBE2J1,1
UBE2N,1
UBE2S,1
UBFD1,1
UBL5,1
UBL7,1
UBOX5,1
UBR7,1
UBXN11,1
UFD1,1
UNG,1
UNK,1
UPF3A,1
UQCC2,1
UQCRC2,1
UQCRHL,1
URB1,1
URGCP-MRPS24,1
URI1,1
UROD,1
USB1,1
USE1,1
USP11,1
USP14,1
USP24,1
USP48,1
USP5,1
UTP14A,1
UXT,1
VAPA,1
VASP,1
VAT1,1
VDAC1,1
VMA21,1
VPS13D,1
VPS35,1
VPS45,1
VRK3,1
WAPL,1
WASF2,1
WASH8P,1
WDR13,1
WDR26,1
WDR4,1
WDR59,1
WDR77,1
WDR83OS,1
WDR92,1
WRNIP1,1
XPNPEP1,1
XPO1,1
YBEY,1
YBX1,1
YBX3,1
YIF1A,1
YIPF2,1
YJU2,1
YRDC,1
ZADH2,1
ZBED5,1
ZBED6CL,1
ZC3H12A,1
ZC3H7A,1
ZDHHC12,1
ZFAND2B,1
ZFAT,1
ZFP64,1
ZFPL1,1
ZFYVE26,1
ZKSCAN1,1
ZMAT5,1
ZMPSTE24,1
ZMYND8,1
ZNF24,1
ZNF263,1
ZNF276,1
ZNF3,1
ZNF32,1
ZNF346,1
ZNF385A,1
ZNF655,1
ZNF706,1
ZNFX1,1
ZPR1,1
ZWILCH,1
ZZZ3,1
